original,gt_full,pred_full,seg_f1,punc_f1,punc_and_seg_f1,fidelity,osc
春秋左傳定公,春秋 左傳 定公,，，春秋左傳定公。，。，，。。，,0.0,0.0,0.0,1.0,0.0
元年春王正月辛巳晉魏舒合諸侯之大夫于狄泉將以城成周,元年 ， 春 ， 王 正月 辛巳 ， 晉 魏舒 合 諸侯 之 大夫 于 狄泉 ， 將 以 城 成周 。,"，。，《》，、。：- ""元年春王正月辛巳晉魏舒合諸侯之大夫于狄泉將""：，，。，，，。以城成周",0.0,0.0,0.0,1.0,0.0
魏子蒞政,魏子 蒞政 。,魏子蒞政，。，，。，（）、，-:、。，,0.0,1.0,0.0,1.0,0.0
衛彪傒曰“將建天子而易位以令非義也大事奸義必有大咎晉不失諸侯魏子其不免乎”,衛 彪傒 曰 ： “ 將 建 天子 ， 而 易位 以 令 ， 非 義 也 。 大事 奸 義 ， 必 有 大咎 。 晉 不 失 諸侯 ， 魏子 其 不免 乎 ！ ”,，。，。：衛彪傒曰“將建天子而易位以令非義也大事奸義必有大咎晉不失諸侯魏子其不免乎”。，（）。，，。，,0.0,0.0,0.0,1.0,0.0
是行也魏獻子屬役於韓簡子及原壽過而田於大陸焚焉還卒於甯,是 行 也 ， 魏獻子 屬役 於 韓簡子 及 原壽過 ， 而 田 於 大陸 ， 焚 焉 ， 還 ， 卒 於 甯 。,是 行 也  魏 獻 子 屬 役 於 韓 簡 子 及 原壽  過 而 田 於 大陸  焚 焉還   卒 於甯  ,0.5238095238095238,0.0,0.5238095238095238,1.0,0.0
范獻子去其柏槨以其未復命而田也,范獻子 去 其 柏槨 ， 以 其 未 復命 而 田 也 。,范 獻子  去 其 柏槨  以  其 未 復命  而  田  也 ,0.8695652173913043,0.0,0.8695652173913043,1.0,0.0
孟懿子會城成周庚寅栽,孟懿子 會 城 成周 ， 庚寅 ， 栽 。,"，。，""孟懿子""，，《》。""會城成周庚寅栽""，：""""，""""，",0.0,0.0,0.0,1.0,0.0
宋仲幾不受功曰“滕薛郳吾役也”,宋 仲幾 不 受功 ， 曰 ： “ 滕 、 薛 、 郳 ， 吾 役 也 。 ”,宋仲幾 不 受 功 曰 “ 滕 薛郳  吾 役 也 ”,0.64,0.0,0.64,1.0,0.0
薛宰曰“宋為無道絕我小國於周以我適楚故我常從宋晉文公為踐土之盟曰‘凡我同盟各復舊職’若從踐土若從宋亦唯命”,薛宰 曰 ： “ 宋 為 無道 ， 絕 我 小國 於 周 ， 以 我 適 楚 ， 故 我 常 從 宋 。 晉文公 為 踐土 之 盟 ， 曰 ： ‘ 凡 我 同盟 ， 各 復 舊職 。 ’ 若 從 踐土 ， 若 從 宋 ， 亦 唯 命 。 ”,薛宰 曰 “ 宋 為 無 道絕  我 小 國 於 周 以 我 適 楚 故 我 常 從 宋 晉 文 公 為 踐 土 之 盟 曰‘  凡 我 同 盟 各 復舊  職’  若 從 踐 土 若 從 宋 亦 唯 命 ”,0.6956521739130435,0.0,0.6956521739130435,1.0,0.0
仲幾曰“踐土固然”,仲幾 曰 ： “ 踐土 固 然 。 ”,仲幾 曰 “ 踐土固然  ”,0.6666666666666666,0.0,0.6666666666666666,1.0,0.0
薛宰曰“薛之皇祖奚仲居薛以為夏車正奚仲遷于邳仲虺居薛以為湯左相若復舊職將承王官何故以役諸侯”,薛宰 曰 ： “ 薛 之 皇祖奚仲 居 薛 ， 以 為 夏車正 ， 奚仲 遷 于 邳 ， 仲虺 居 薛 ， 以 為 湯左相 。 若 復 舊職 ， 將 承 王官 ， 何 故 以 役 諸侯 ？ ”,薛宰  曰  “  薛  之  皇祖  奚仲  居  薛以  為  夏  車正  奚仲  遷  于邳    仲虺  居  薛以  為  湯  左相  若  復舊  職  將  承  王官  何  故  以  役  諸侯  ”  ？  。,0.6666666666666666,0.0,0.6666666666666666,1.0,0.0
仲幾曰“三代各異物薛焉得有舊為宋役亦其職也”,仲幾 曰 ： “ 三代 各 異物 ， 薛 焉 得 有 舊 ？ 為 宋 役 ， 亦 其 職 也 。 ”,仲幾 曰 “ 三  代 各 異 物 薛  焉 得 有舊   為 宋 役  亦 其 職 也 ” ,0.7692307692307692,0.0,0.7692307692307692,1.0,0.0
士彌牟曰“晉之從政者新子姑受功歸吾視諸故府”,士彌牟 曰 ： “ 晉 之 從政 者 新 ， 子 姑 受功 ， 歸 ， 吾 視 諸 故府 。 ”,，。，士彌牟曰，。“晉之從政者新子姑受功歸吾視諸故府”：（），。，,0.0,0.0,0.0,1.0,0.0
仲幾曰“縱子忘之山川鬼神其忘諸乎”,仲幾 曰 ： “ 縱 子 忘 之 ， 山川 鬼神 其 忘 諸 乎 ？ ”,仲幾 曰 “縱  子 忘 之 山 川 鬼 神 其 忘 諸乎  ”,0.5714285714285714,0.0,0.5714285714285714,1.0,0.0
士伯怒謂韓簡子曰“薛徵於人宋徵於鬼宋罪大矣且己無辭而抑我以神誣我也‘啟寵納侮’其此之謂矣必以仲幾為戮”,士伯 怒 ， 謂 韓簡子 曰 ： “ 薛 徵 於 人 ， 宋 徵 於 鬼 。 宋 罪 大 矣 。 且 己 無辭 ， 而 抑 我 以 神 ， 誣 我 也 。 ‘ 啟 寵 納 侮 ’ ， 其 此 之 謂 矣 。 必 以 仲幾 為 戮 。 ”,士 伯 怒 謂 韓 簡 子 曰 “ 薛 徵 於 人 宋徵  於 鬼 宋 罪 大 矣 且 己 無 辭 而 抑 我 以 神誣  我 也 ‘ 啟寵  納 侮 ’ 其 此 之 謂 矣 必 以 仲 幾 為 戮 ”,0.7659574468085107,0.0,0.7659574468085107,1.0,0.0
乃執仲幾以歸,乃 執 仲幾 以 歸 。,乃執  仲幾 以歸  。,0.25,1.0,0.25,1.0,0.25
三月歸諸京師,三月 ， 歸 諸 京師 。,三月歸諸京師，。，。，，。，、，,0.0,0.6666666666666666,0.0,1.0,0.0
城三旬而畢乃歸諸侯之戍,城 三 旬 而 畢 ， 乃 歸 諸侯 之 戍 。,"：，""城三旬而畢乃歸諸侯之戍""。，。""""（），。""""，",0.0,0.6666666666666666,0.0,1.0,0.0
齊高張后不從諸侯,齊高張 后 ， 不 從 諸侯 。,齊 高 張 后 不 從 諸侯,0.6666666666666666,0.0,0.6666666666666666,1.0,0.0
晉女叔寬曰“周萇弘齊高張皆將不免萇叔違天高子違人天之所壞不可支也眾之所為不可奸也”,晉 女叔寬 曰 ： “ 周萇弘 、 齊高張 皆 將 不 免 。 萇叔 違 天 ， 高子 違 人 。 天 之 所 壞 ， 不 可 支 也 ； 眾 之 所 為 ， 不 可 奸 也 。 ”,晉 女 叔寬  曰 “ 周萇  弘 齊 高 張 皆 將 不 免萇  叔 違 天 高 子 違 人 天 之 所 壞 不 可 支 也 眾 之 所 為 不 可 奸 也 ”,0.7605633802816901,0.0,0.7605633802816901,1.0,0.0
夏叔孫成子逆公之喪于乾侯,夏 ， 叔孫成子 逆 公 之 喪 于 乾侯 。,，：夏叔孫成子逆公之喪于乾侯。，。。，。，,0.0,0.6666666666666666,0.0,1.0,0.0
季孫曰“子家子亟言於我未嘗不中吾志也吾欲與之從政子必止之且聽命焉”,季孫 曰 ： “ 子家子 亟 言 於 我 ， 未嘗 不 中 吾 志 也 。 吾 欲 與 之 從政 ， 子 必 止 之 ， 且 聽命 焉 。 ”,季 孫 曰 “ 子 家 子 亟 言 於 我 未 嘗 不 中 吾 志 也 吾 欲 與 之 從 政 子 必 止 之 且 聽 命 焉 ”,0.7333333333333333,0.0,0.7333333333333333,1.0,0.0
子家子不見叔孫易几而哭,子家子 不 見 叔孫 ， 易 几 而 哭 。,，：子家子不見叔孫易几而哭。，。。，。，。，,0.0,0.6666666666666666,0.0,1.0,0.0
叔孫請見子家子,叔孫 請 見 子家子 。,叔孫請見子家子，。，。，，。，、，,0.0,1.0,0.0,1.0,0.0
子家子辭曰“羈未得見而從君以出君不命而薨羈不敢見”,子家子 辭 曰 ： “ 羈 未 得 見 ， 而 從 君 以 出 。 君 不 命 而 薨 ， 羈 不敢 見 。 ”,，：子家子辭曰“羈未得見而從君以出君不命而薨羈不敢見”。，。。，。，。：- ,0.0,0.0,0.0,1.0,0.0
叔孫使告之曰“公衍公為實使群臣不得事君若公子宋主社稷則群臣之愿也凡從君出而可以入者將唯子是聽子家氏未有後季孫愿與子從政此皆季孫之愿也使不敢以告”,叔孫 使 告 之 曰 ： “ 公衍 、 公為 實 使 群 臣 不 得 事 君 ， 若 公子宋 主 社稷 ， 則 群 臣 之 愿 也 。 凡 從 君 出 而 可以 入 者 ， 將 唯 子 是 聽 。 子家氏 未 有 後 ， 季孫 愿 與 子 從政 。 此 皆 季孫 之 愿 也 ， 使 不 敢 以 告 。 ”,叔 孫  使  告  之  曰  “  公  衍  公  為  實  使  群  臣  不  得  事  君  若  公  子  宋  主  社  稷  則  群  臣  之  愿  也  凡  從  君  出  而  可  以  入  者  將  唯  子  是  聽  子  家  氏  未  有  後  季  孫愿與子從政此皆季孫之愿也使不敢以告”  ,0.631578947368421,0.0,0.631578947368421,1.0,0.0
對曰“若立君則有卿士大夫與守龜在羈弗敢知若從君者則貌而出者入可也寇而出者行可也若羈也則君知其出也而未知其入也羈將逃也”,對 曰 ： “ 若 立 君 ， 則 有 卿士 、 大夫 與 守龜 在 ， 羈 弗 敢 知 。 若 從 君 者 ， 則 貌 而 出 者 ， 入 可 也 ； 寇 而 出 者 ， 行 可 也 。 若 羈 也 ， 則 君 知 其 出 也 ， 而 未 知 其 入 也 ， 羈 將 逃 也 。 ”,對 曰 “ 若 立 君 則 有 卿 士 大 夫 與 守 龜 在 羈 弗 敢 知 若 從 君 者 則 貌 而 出 者 入 可 也 寇 而 出 者 行 可 也 若 羈 也 則 君 知 其 出 也 而 未 知 其 入 也 羈 將 逃 也 ”,0.9217391304347826,0.0,0.9217391304347826,1.0,0.0
喪及壞隤公子宋先入從公者皆自壞隤反,喪 及 壞隤 ， 公子宋 先 入 ， 從 公 者 皆 自 壞隤 反 。,喪 及 壞 隤 公子 宋 先 入 從 公 者 皆 自 壞 隤 反,0.6896551724137931,0.0,0.6896551724137931,1.0,0.0
六月癸亥公之喪至自乾侯,六月癸亥 ， 公 之 喪 至 自 乾侯 。,，：六月癸亥公之喪至自乾侯。，。。，，，。，,0.0,0.6666666666666666,0.0,1.0,0.0
戊辰公即位,戊辰 ， 公 即位 。,，：戊辰公即位。，。，，。，。,0.0,0.6666666666666666,0.0,1.0,0.0
季孫使役如闞公氏將溝焉,季孫 使 役 如 闞公氏 ， 將 溝 焉 。,，：季孫使役如闞公氏將溝焉。，。，，。，,0.0,0.6666666666666666,0.0,1.0,0.0
榮駕鵝曰“生不能事死又離之以自旌也縱子忍之後必或恥之”,榮駕鵝 曰 ： “ 生 不 能 事 ， 死 又 離 之 ， 以 自 旌 也 。 縱 子 忍 之 ， 後 必 或 恥 之 。 ”,榮駕鵝  曰  “  生  不  能  事  死  又  離  之  以  自  旌  也縱    子  忍  之  後  必  或  恥  之  ”  ？,0.9387755102040817,0.0,0.9387755102040817,1.0,0.0
乃止,乃 止 。,乃 止,1.0,0.0,1.0,1.0,0.0
季孫問於榮駕鵝曰“吾欲為君謚使子孫知之”,季孫 問 於 榮駕鵝 曰 ： “ 吾 欲 為 君 謚 ， 使 子孫 知 之 。 ”,季 孫 問 於榮  駕 鵝 曰 “ 吾 欲 為 君 謚 使 子 孫 知 之 ”,0.6857142857142857,0.0,0.6857142857142857,1.0,0.0
對曰“生弗能事死又惡之以自信也將焉用之”,對 曰 ： “ 生 弗 能 事 ， 死 又 惡 之 ， 以 自信 也 。 將 焉 用 之 ？ ”,對 曰 “ 生 弗 能 事 死 又 惡 之 以 自 信 也 將 焉 用 之 ”,0.9230769230769231,0.0,0.9230769230769231,1.0,0.0
乃止,乃 止 。,乃 止,1.0,0.0,1.0,1.0,0.0
秋七月癸巳葬昭公於墓道南,秋 ， 七月 癸巳 ， 葬 昭公 於 墓道 南 。,，：秋七月癸巳葬昭公於墓道南。，。。，，，。，，,0.0,0.5,0.0,1.0,0.0
孔子之為司寇也溝而合諸墓,孔子 之 為 司寇 也 ， 溝 而 合 諸 墓 。,，：孔子之為司寇也溝而合諸墓。，。。，，，。，,0.0,0.6666666666666666,0.0,1.0,0.0
昭公出故季平子禱於煬公,昭公 出 故 ， 季平子 禱 於 煬公 。,，。，。：- 昭公：，，。- 出：，。- 故季平子禱於煬公：,0.4,0.0,0.0,1.0,0.0
九月立煬宮,九月 ， 立 煬宮 。,九月立煬宮，。，。，，。，（）、，-:、,0.0,0.6666666666666666,0.0,1.0,0.0
周鞏簡公棄其子弟而好用遠人,周 鞏簡公 棄 其 子弟 而 好 用 遠人 。,周 鞏 簡 公棄   其 子弟 而 好  用 遠 人 ,0.6,0.0,0.6,1.0,0.0
二年夏四月辛酉鞏氏之群子弟賊簡公,二年 ， 夏 ， 四月辛酉 ， 鞏氏 之 群 子弟 賊 簡公 。,，。，。：- 二年：，。- 夏四月：，，。- 辛酉鞏氏之群子弟賊簡公：，（,0.16666666666666666,0.0,0.0,1.0,0.0
桐叛楚,桐 叛 楚 。,桐 叛 楚 。,1.0,1.0,1.0,1.0,1.0
吳子使舒鳩氏誘楚人曰“以師臨我我伐桐為我使之無忌”,吳子 使 舒鳩氏 誘 楚人 ， 曰 ： “ 以 師 臨 我 ， 我 伐 桐 ， 為 我 使 之 無 忌 。 ”,，：吳子使舒鳩氏誘楚人曰“以師臨我我伐桐為我使之無忌”。，。。，，，。，，,0.0,0.0,0.0,1.0,0.0
秋楚囊瓦伐吳師于豫章,秋 ， 楚 囊瓦 伐 吳 ， 師 于 豫章 。,"：，""秋楚囊瓦伐吳師于豫章""。，：- ：""""，。- ：""""，""""（），""""",0.0,0.5,0.0,1.0,0.0
吳人見舟于豫章而潛師于巢,吳人 見 舟 于 豫章 ， 而 潛師 于 巢 。,"，。，。：""吳人""，，，。""見舟于豫章而潛師于巢""。""""，""""（），",0.0,0.5,0.0,1.0,0.0
冬十月吳軍楚師于豫章敗之,冬 ， 十月 ， 吳 軍 楚師 于 豫章 ， 敗 之 。,"：，""冬十月吳軍楚師于豫章敗之""。，：- ：""""（），。- ：""""，""""，",0.0,0.4,0.0,1.0,0.0
遂圍巢克之獲楚公子繁,遂 圍 巢 ， 克 之 ， 獲 楚公子繁 。,遂圍  巢 克 之 獲 楚 公子 繁,0.5333333333333333,0.0,0.5333333333333333,1.0,0.0
邾莊公與夷射姑飲酒私出,邾莊公 與 夷射姑 飲酒 ， 私 出 。,邾莊公與夷射姑飲酒私出，。，。，，。，，。，,0.0,0.6666666666666666,0.0,1.0,0.0
閽乞肉焉奪之杖以敲之,閽 乞 肉 焉 ， 奪 之 杖 以 敲 之 。,，。，。：- 閽：，（）。。- 乞肉焉奪之杖以敲之：，,0.16666666666666669,0.0,0.0,1.0,0.0
三年春二月辛卯邾子在門臺臨廷,三年 ， 春 ， 二月辛卯 ， 邾子 在 門臺 ， 臨 廷 。,，：三年春二月辛卯邾子在門臺臨廷。，。。，，，。，。,0.0,0.33333333333333337,0.0,1.0,0.0
閽以缾水沃廷邾子望見之怒,閽 以 缾 水 沃 廷 ， 邾子 望見 之 ， 怒 。,閽以缾，。，：水沃廷，邾子望見之怒。。，。，,0.0,0.6666666666666666,0.0,1.0,0.0
閽曰“夷射姑旋焉”,閽 曰 ： “ 夷射姑 旋 焉 。 ”,，。，。：閽，，，。曰，。，“夷射姑旋焉”,0.0,0.0,0.0,1.0,0.0
命執之,命 執 之 。,命執  之 。,0.4,1.0,0.4,1.0,0.4
弗得滋怒自投于床廢于爐炭爛遂卒,弗 得 ， 滋 怒 ， 自 投 于 床 ， 廢 于 爐炭 ， 爛 ， 遂 卒 。,弗得滋怒自投于床廢于爐炭爛遂卒。,0.0,0.2857142857142857,0.0,1.0,0.0
先葬以車五乘殉五人,先 葬 以 車 五 乘 ， 殉 五 人 。,"：，""先葬以車五乘殉五人""。，。。""""（），。""""",0.0,0.6666666666666666,0.0,1.0,0.0
莊公卞急而好潔故及是,莊公 卞急 而 好潔 ， 故 及 是 。,莊公 卞 急 而 好 潔 故 及 是,0.6250000000000001,0.0,0.6250000000000001,1.0,0.0
定公秋九月鮮虞人敗晉師于平中獲晉觀虎恃其勇也,定公 秋 ， 九月 ， 鮮虞人 敗 晉師 于 平中 ， 獲 晉 觀虎 ， 恃 其 勇 也 。,定公 秋 九月 鮮虞人 敗 晉師 于 平中 獲 晉 觀虎 恃 其 勇 也,1.0,0.0,1.0,1.0,0.0
冬盟于郯修邾好也,冬 ， 盟 于 郯 ， 修 邾 好 也 。,冬 盟 于 郯 修 邾 好 也,1.0,0.0,1.0,1.0,0.0
蔡昭侯為兩佩與兩裘以如楚獻一佩一裘於昭王,蔡昭侯 為 兩 佩 與 兩 裘 以 如 楚 ， 獻 一 佩 一 裘 於 昭王 。,蔡 昭侯為  兩 佩 與 兩 裘 以 如 楚 獻 一 佩 一 裘 於 昭王,0.8823529411764706,0.0,0.8823529411764706,1.0,0.0
昭王服之以享蔡侯,昭王 服 之 ， 以 享 蔡侯 。,昭王服之以享蔡侯，。，。，，。，、，,0.0,0.6666666666666666,0.0,1.0,0.0
蔡侯亦服其一,蔡侯 亦 服 其 一 。,蔡侯  亦  服  其  一 ,1.0,0.0,1.0,1.0,0.0
子常欲之弗與三年止之,子常 欲 之 ， 弗 與 ， 三 年 止 之 。,子 常 欲 之  弗 與  三 年 止 之 ,0.8421052631578948,0.0,0.8421052631578948,1.0,0.0
唐成公如楚有兩肅爽馬子常欲之弗與亦三年止之,唐成公 如 楚 ， 有 兩 肅爽 馬 ， 子常 欲 之 ， 弗 與 ， 亦 三 年 止 之 。,唐 成 公  如 楚  有 兩 肅 爽 馬  子 常 欲 之  弗 與  亦 三 年 止 之 ,0.7368421052631577,0.0,0.7368421052631577,1.0,0.0
唐人或相與謀請代先從者許之,唐人 或 相與 謀 ， 請 代 先 從者 ， 許 之 。,，：唐人或相與謀請代先從者許之。，。。，。，。：- ,0.0,0.5,0.0,1.0,0.0
飲先從者酒醉之竊馬而獻之子常,飲 先 從者 酒 ， 醉 之 ， 竊 馬 而 獻 之 子常 。,飲 先 從 者 酒  醉 之 竊 馬 而 獻 之 子 常 ,0.7692307692307692,0.0,0.7692307692307692,1.0,0.0
子常歸唐侯,子常 歸 唐侯 。,，：子常歸唐侯。，。：- ，，，（,0.0,1.0,0.0,1.0,0.0
自拘於司敗曰“君以弄馬之故隱君身棄國家群臣請相夫人以償馬必如之”,自拘 於 司敗 ， 曰 ： “ 君 以 弄馬 之 故 ， 隱 君 身 ， 棄 國家 。 群 臣 請 相 夫 人 以 償 馬 ， 必 如 之 。 ”,自 拘 於 司敗  曰 “ 君 以 弄 馬 之 故 隱 君 身棄  國 家 群 臣 請 相 夫 人 以償馬   必 如 之 ”,0.7142857142857143,0.0,0.7142857142857143,1.0,0.0
唐侯曰“寡人之過也二三子無辱”,唐侯 曰 ： “ 寡人 之 過 也 。 二三子 無 辱 ！ ”,"：，：，""唐侯曰“""，。""寡人之過也二三子無辱”""，。：- """" （），。- """"",0.0,0.0,0.0,1.0,0.0
皆賞之,皆 賞 之 。,皆 賞 之,1.0,0.0,1.0,1.0,0.0
蔡人聞之固請而獻佩于子常,蔡人 聞 之 ， 固 請 ， 而 獻 佩 于 子常 。,，：蔡人聞之固請而獻佩于子常。，。。，。，。，，,0.0,0.5,0.0,1.0,0.0
子常朝見蔡侯之徒命有司曰“蔡君之久也官不共也明日禮不畢將死”,子常 朝 ， 見 蔡侯 之 徒 ， 命 有司 曰 ： “ 蔡君 之 久 也 ， 官 不 共 也 。 明日 禮 不 畢 ， 將 死 。 ”,，。，。，，。，、，。，。：子常朝見蔡侯之徒命有司曰“蔡君之久也官不共也明日禮不畢將死”,0.0,0.0,0.0,1.0,0.0
蔡侯歸及漢執玉而沈曰“餘所有濟漢而南者有若大川”,蔡侯 歸 ， 及 漢 ， 執 玉 而 沈 ， 曰 ： “ 餘 所 有 濟 漢 而 南 者 ， 有若 大川 ！ ”,蔡侯歸  及 漢執   玉 而 沈 曰 “ 餘  所 有濟漢   而 南 者  有 若 大 川 ” ,0.6,0.0,0.6,1.0,0.0
蔡侯如晉以其子元與其大夫之子為質焉而請伐楚,蔡侯 如 晉 ， 以 其 子 元 與 其 大夫 之 子 為 質 焉 ， 而 請 伐 楚 。,蔡侯  如  晉  以  其  子  元  與  其  大夫  之  子  為  質  焉  而  請  伐  楚  。,1.0,0.5,1.0,1.0,0.5
四年春三月劉文公合諸侯于召陵謀伐楚也,四年 ， 春 ， 三月 ， 劉文公 合 諸侯 于 召陵 ， 謀 伐 楚 也 。,，。，《》。：四年春三月劉文公合諸侯于召陵謀伐楚也。：- ：，。、、、、,0.0,0.33333333333333337,0.0,1.0,0.0
晉荀寅求貨於蔡侯弗得言於范獻子曰“國家方危諸侯方貳將以襲敵不亦難乎水潦方降疾瘧方起中山不服棄盟取怨無損於楚而失中山不如辭蔡侯吾自方城以來楚未可以得志只取勤焉”,晉荀寅 求 貨 於 蔡侯 ， 弗 得 ， 言 於 范獻子 曰 ： “ 國家 方 危 ， 諸侯 方 貳 ， 將 以 襲 敵 ， 不 亦 難 乎 ！ 水潦 方 降 ， 疾瘧 方 起 ， 中山 不 服 ， 棄 盟 取 怨 ， 無 損 於 楚 ， 而 失 中山 ， 不如 辭 蔡侯 。 吾 自 方城 以來 ， 楚 未 可以 得志 ， 只 取 勤 焉 。 ”,晉 荀寅 求 貨 於 蔡侯  弗 得言   於 范 獻子 曰 “ 國家 方 危  諸侯 方 貳  將 以 襲 敵  不 亦 難乎   水 潦 方 降  疾 瘧 方 起  中山 不 服棄   盟 取 怨  無 損 於 楚  而 失 中山  不 如 辭 蔡侯  吾 自 方城       以來楚未可以 得 志  只 取 勤 焉 ” ,0.7419354838709677,0.0,0.7419354838709677,1.0,0.0
乃辭蔡侯,乃 辭 蔡侯 。,乃辭  蔡侯,0.4,0.0,0.4,1.0,0.0
晉人假羽旄於鄭鄭人與之,晉人 假 羽旄 於 鄭 ， 鄭人 與 之 。,晉人假羽旄於鄭鄭人與之，。，。，，。，、，。,0.0,0.6666666666666666,0.0,1.0,0.0
明日或旆以會,明日 ， 或 旆 以 會 。,明日或旆以會。,0.0,0.6666666666666666,0.0,1.0,0.0
晉於是乎失諸侯,晉 於是乎 失 諸侯 。,晉於，。是乎失諸侯，。，，。，、，,0.0,0.6666666666666666,0.0,1.0,0.0
將會衛子行敬子言於靈公曰“會同難嘖有煩言莫之治也其使祝佗從”,將 會 ， 衛子行敬子 言 於 靈公 曰 ： “ 會 同 難 ， 嘖 有 煩言 ， 莫 之 治 也 。 其 使 祝佗 從 ！ ”,將 會衛  子 行 敬 子 言 於靈  公 曰 “ 會 同 難嘖  有 煩 言 莫 之 治 也 其 使 祝 佗 從 ”,0.6,0.0,0.6,1.0,0.0
公曰“善”,公 曰 ： “ 善 。 ”,公曰“善”，。，。，，。，（）、，-:、,0.0,0.0,0.0,1.0,0.0
乃使子魚,乃 使 子魚 。,乃 使 子魚 。,1.0,1.0,1.0,1.0,1.0
子魚辭曰“臣展四體以率舊職猶懼不給而煩刑書若又共二徼大罪也且夫祝社稷之常隸也社稷不動祝不出竟官之制也君以軍行祓社釁鼓祝奉以從於是乎出竟若嘉好之事君行師從卿行旅從臣無事焉”,子魚 辭 ， 曰 ： “ 臣 展 四體 ， 以 率 舊職 ， 猶 懼 不 給 而 煩 刑書 。 若 又 共 二 ， 徼 大 罪 也 。 且夫 祝 ， 社稷 之 常隸 也 。 社稷 不 動 ， 祝 不 出 竟 ， 官 之 制 也 。 君 以 軍 行 ， 祓社 釁鼓 ， 祝 奉 以 從 ， 於是乎 出 竟 。 若 嘉好 之 事 ， 君 行 師 從 ， 卿 行 旅 從 ， 臣 無事 焉 。 ”,子 魚 辭 曰 “ 臣 展 四 體 以 率 舊 職 猶 懼 不 給 而 煩 刑 書 若 又 共 二徼  大 罪 也 且 夫 祝 社 稷 之 常 隸 也 社 稷 不 動 祝 不 出 竟 官 之 制 也 君 以軍  行 祓 社 釁 鼓 祝 奉 以 從於  是 乎 出 竟 若 嘉 好 之 事 君 行 師 從 卿 行 旅 從 臣 無 事焉”,0.6754966887417218,0.0,0.6754966887417218,1.0,0.0
公曰“行也”,公 曰 ： “ 行 也 。 ”,公曰“行也”，。，。，，。，（）、，-:、。,0.0,0.0,0.0,1.0,0.0
及皋鼬將長蔡於衛,及 皋鼬 ， 將 長 蔡 於 衛 。,及 皋鼬 將 長 蔡 於衛 ,0.7692307692307692,0.0,0.7692307692307692,1.0,0.0
衛侯使祝佗私於萇弘曰“聞諸道路不知信否若聞蔡將先衛信乎”,衛侯 使 祝佗 私 於 萇弘 曰 ： “ 聞 諸 道路 ， 不 知 信 否 。 若 聞 蔡 將 先 衛 ， 信 乎 ？ ”,衛侯使祝佗私於萇弘曰“聞諸道路不知信否若聞蔡將先衛信乎”,0.0,0.0,0.0,1.0,0.0
萇弘曰“信蔡叔康叔之兄也先衛不亦可乎”,萇弘 曰 ： “ 信 。 蔡叔 ， 康叔 之 兄 也 ， 先 衛 ， 不 亦 可 乎 ？ ”,，。，萇弘曰，（），。，“信，，，。蔡叔康叔之兄也先衛不亦可乎”,0.0,0.25,0.0,1.0,0.0
子魚曰“以先王觀之則尚德也昔武王克商成王定之選建明德以蕃屏周故周公相王室以尹天下於周為睦分魯公以大路大旗夏後氏之璜封父之繁弱殷民六族條氏徐氏蕭氏索氏長勺氏尾勺氏使帥其宗氏輯其分族將其類醜以法則周公用即命于周是使之職事于魯以昭周公之明德分之土田陪敦祝宗卜史備物典策官司彝器因商奄之民命以伯禽而封於少皞之虛分康叔以大路少帛綪茷旃旌大呂殷民七族陶氏施氏繁氏锜氏樊氏饑氏終葵氏封畛土略自武父以南及圃田之北竟取於有閻之土以共王職取於相土之東都以會王之東搜聃季授土陶叔授民命以康誥而封於殷虛皆啟以商政疆以周索分唐叔以大路密須之鼓闕鞏沽洗懷姓九宗職官五正命以唐誥而封於夏虛啟以夏政疆以戎索三者皆叔也而有令德故昭之以分物不然文武成康之伯猶多而不獲是分也唯不尚年也管蔡啟商惎間王室王於是乎殺管叔而蔡蔡叔以車七乘徒七十人其子蔡仲改行帥德周公舉之以為己卿士見諸王而命之以蔡其命書云‘王曰胡無若爾考之違王命也’若之何其使蔡先衛也武王之母弟八人周公為大宰康叔為司寇聃季為司空五叔無官豈尚年哉曹文之昭也晉武之穆也曹為伯甸非尚年也今將尚之是反先王也晉文公為踐土之盟衛成公不在夷叔其母弟也猶先蔡其載書云‘王若曰晉重魯申衛武蔡甲午鄭捷齊潘宋王臣莒期’藏在周府可覆視也吾子欲復文武之略而不正其德將如之何”,子魚 曰 ： “ 以 先王 觀 之 ， 則 尚 德 也 。 昔 武王 克 商 ， 成王 定 之 ， 選 建 明德 ， 以 蕃屏 周 。 故 周公 相 王室 ， 以 尹 天下 ， 於 周 為 睦 。 分 魯公 以 大路 、 大旗 ， 夏後氏 之 璜 ， 封父 之 繁弱 ， 殷民 六族 ， 條氏 、 徐氏 、 蕭氏 、 索氏 、 長勺氏 、 尾勺氏 ， 使 帥 其 宗氏 ， 輯 其 分族 ， 將 其 類醜 ， 以 法則 周公 。 用 即命 于 周 。 是 使 之 職事 于 魯 ， 以 昭 周公 之 明德 。 分 之 土田 陪敦 、 祝 、 宗 、 卜 、 史 ， 備物 、 典策 ， 官司 、 彝器 ； 因 商奄 之 民 ， 命 以 伯禽 而 封 於 少皞 之 虛 。 分 康叔 以 大路 、 少帛 、 綪茷 、 旃旌 、 大呂 ， 殷民 七族 ， 陶氏 、 施氏 、 繁氏 、 锜氏 、 樊氏 、 饑氏 、 終葵氏 ； 封畛 土 略 ， 自 武父 以 南 及 圃田 之 北 竟 ， 取 於 有閻 之 土 以 共 王職 ； 取 於 相土 之 東都 以 會 王 之 東 搜 。 聃季 授 土 ， 陶叔 授 民 ， 命 以 《 康誥 》 而 封 於 殷 虛 。 皆 啟 以 商 政 ， 疆 以 周索 。 分 唐叔 以 大路 、 密須 之 鼓 、 闕鞏 、 沽洗 ， 懷 姓 九宗 ， 職官 五正 。 命 以 《 唐誥 》 而 封 於 夏虛 ， 啟 以 夏政 ， 疆 以 戎索 。 三 者 皆 叔 也 ， 而 有 令德 ， 故 昭 之 以 分物 。 不 然 ， 文 、 武 、 成 、 康 之 伯 猶 多 ， 而 不 獲 是 分 也 ， 唯 不 尚年 也 。 管 、 蔡 啟 商 ， 惎間 王室 ， 王 於是乎 殺 管叔 而 蔡 蔡叔 ， 以 車 七 乘 、 徒 七十 人 。 其 子 蔡仲 改行 帥 德 ， 周公 舉 之 ， 以 為 己 卿士 ， 見 諸 王 而 命 之 以 蔡 。 其 命書 云 ： ‘ 王 曰 ： 胡 ！ 無 若 爾 考 之 違 王命 也 ！ ’ 若之何 其 使 蔡 先 衛 也 ？ 武王 之 母弟 八 人 ， 周公 為 大宰 ， 康叔 為 司寇 ， 聃季 為 司空 ， 五 叔 無官 ， 豈 尚年 哉 ？ 曹 ， 文 之 昭 也 ； 晉 ， 武 之 穆 也 。 曹 為 伯甸 ， 非 尚年 也 。 今 將 尚 之 ， 是 反 先王 也 。 晉文公 為 踐土 之 盟 ， 衛成公 不 在 ， 夷叔 ， 其 母弟 也 ， 猶 先 蔡 。 其 載書 云 ： ‘ 王 若 曰 ： 晉重 、 魯申 、 衛武 、 蔡甲午 、 鄭捷 、 齊潘 、 宋王臣 、 莒期 。 ’ 藏 在 周府 ， 可 覆視 也 。 吾子 欲 復 文 、 武 之 略 ， 而 不 正 其 德 ， 將 如之何 ？ ”,子魚曰“以先王觀之則尚德也昔武王克商成王定之選建明德以蕃屏周故周公相王室以尹天下於周為睦分魯公以大路大旗夏後氏之璜封父之繁弱殷民六族條氏徐氏蕭氏索氏長勺氏尾勺氏使帥其宗氏輯其分族將其類醜以法則周公用即命于周是使之職事于魯以昭周公之明德分之土田陪敦祝宗卜史備物典策官司彝器因商奄之民命以伯禽而封於少皞之虛分康叔以大路少帛綪茷旃旌大呂殷民七族陶氏施氏繁氏锜氏樊氏饑氏終葵氏封畛土略自武父以南及圃田之北竟取於有閻之土以共王職取於相土之東都以會王之東搜聃季授土陶叔授民命以康誥而封於殷虛皆啟以商政疆以周索分唐叔以大路密須之鼓闕鞏沽洗懷姓九宗職官五正命以唐誥而封於夏虛啟以夏政疆以戎索三者皆叔也而有令德故昭之以分物不然文武成康之伯猶多而不獲是分也唯不尚年也管蔡啟商惎間王室王於是乎殺管叔而蔡蔡叔以車七乘徒七十人其子蔡仲改行帥德周公舉之以為己卿士見諸王而命之以蔡其命書云‘王曰胡無若爾考之違王命也’若之何其使蔡先衛也武王之母弟八人周公為大宰康叔為司寇聃季為司空五叔無官豈尚年哉曹文之昭也晉武之穆也曹為伯甸非尚年也今將尚之是反先王也晉文公為踐土之盟衛成公不在夷叔其母弟也猶先蔡其載書云‘王若曰晉重魯申衛武蔡甲午鄭捷齊潘宋王臣莒期’藏在周府可覆視也吾子欲復文武之略而不正其德將如之何”，，。， ，，。，，、。，，,0.0,0.0,0.0,1.0,0.0
萇弘說告劉子與范獻子謀之乃長衛侯於盟,萇弘 說 ， 告 劉子 ， 與 范獻子 謀 之 ， 乃 長 衛侯 於 盟 。,，。，。：- 萇弘：，，（），。- 說告劉子與范獻子謀之乃長衛侯於盟：，，。- ,0.13333333333333336,0.3333333333333333,0.0,1.0,0.04444444444444445
反自召陵鄭子大叔未至而卒,反 自 召陵 ， 鄭子大叔 未 至 而 卒 。,，：反自召陵鄭子大叔未至而卒。，。。，，，，，,0.0,0.6666666666666666,0.0,1.0,0.0
晉趙簡子為之臨甚哀曰“黃父之會夫子語我九言曰‘無始亂無怙富無恃寵無違同無敖禮無驕能無復怒無謀非德無犯非義’”,晉 趙簡子 為 之 臨 ， 甚 哀 ， 曰 ： “ 黃父 之 會 ， 夫子 語 我 九言 ， 曰 ： ‘ 無 始 亂 ， 無 怙富 ， 無 恃寵 ， 無 違同 ， 無 敖 禮 ， 無 驕能 ， 無 復 怒 ， 無 謀 非德 ， 無 犯 非義 。 ’ ”,晉 趙簡子 為 之 臨 甚哀  曰 “ 黃父 之 會 夫子 語 我 九言  曰 ‘ 無 始 亂 無 怙 富 無 恃寵  無 違 同 無 敖禮  無驕  能 無 復 怒 無 謀 非 德 無 犯 非 義 ’ ”,0.7499999999999999,0.0,0.7499999999999999,1.0,0.0
沈人不會于召陵晉人使蔡伐之,沈人 不 會 于 召陵 ， 晉人 使 蔡 伐 之 。,"，。，。：- ""沈人""，（），。- ""不會于召陵晉人使蔡伐之""，，""""，",0.16666666666666669,0.0,0.0,1.0,0.0
夏蔡滅沈,夏 ， 蔡 滅 沈 。,，：夏蔡滅沈。，。，，，。，,0.0,0.6666666666666666,0.0,1.0,0.0
秋楚為沈故圍蔡,秋 ， 楚 為 沈 故 ， 圍 蔡 。,秋 楚 為 沈 故 圍 蔡,1.0,0.0,1.0,1.0,0.0
伍員為吳行人以謀楚,伍員 為 吳 行人 以 謀 楚 。,伍員為吳行人以謀楚，。，。，，。，、，。,0.0,1.0,0.0,1.0,0.0
楚之殺郤宛也伯氏之族出,楚 之 殺 郤宛 也 ， 伯氏 之 族 出 。,，：楚之殺郤宛也伯氏之族出。，。，。，。。，,0.0,0.6666666666666666,0.0,1.0,0.0
伯州犁之孫嚭為吳大宰以謀楚,伯州犁 之 孫 嚭 為 吳 大宰 以 謀 楚 。,，。：伯州犁之孫嚭為吳大宰以謀楚。，。：，，，。,0.0,1.0,0.0,1.0,0.0
楚自昭王即位無歲不有吳師蔡侯因之以其子乾與其大夫之子為質於吳,楚 自 昭王 即位 ， 無歲 不 有 吳師 ， 蔡侯 因 之 ， 以 其 子 乾 與 其 大夫 之 子 為 質 於 吳 。,，。：楚自昭王即位，，，，。無歲不有吳師，，，（），     。蔡侯因之以其子乾與其大夫之子為質於吳,0.0,0.0,0.0,1.0,0.0
冬蔡侯吳子唐侯伐楚,冬 ， 蔡侯 、 吳子 、 唐侯 伐 楚 。,"：，""冬蔡侯吳子唐侯伐楚""。，、。，。- """"，，。-",0.0,0.4,0.0,1.0,0.0
舍舟于淮汭自豫章與楚夾漢,舍 舟 于 淮汭 ， 自 豫章 與 楚 夾 漢 。,，。，。：- 舍舟：，，，。- 于淮汭自豫章與楚夾漢：，，,0.0,0.0,0.0,1.0,0.0
左司馬戌謂子常曰“子沿漢而與之上下我悉方城外以毀其舟還塞大隧直轅冥厄子濟漢而伐之我自後擊之必大敗之”,左司馬戌 謂 子常 曰 ： “ 子 沿 漢 而 與 之 上下 ， 我 悉 方城 外 以 毀 其 舟 ， 還 塞 大隧 、 直轅 、 冥厄 。 子 濟 漢 而 伐 之 ， 我 自 後 擊 之 ， 必 大敗 之 。 ”,左司馬戌  謂 子常 曰 “ 子 沿 漢 而與    ，                  ，      之上下 ， 我悉方城外以毀其舟還塞     ，  大隧直轅冥厄子濟漢而伐  之我自後擊之必大敗之 ”,0.33333333333333337,0.16666666666666666,0.33333333333333337,1.0,0.05555555555555556
既謀而行,既 謀 而 行 。,既 謀 而 行,1.0,0.0,1.0,1.0,0.0
武城黑謂子常曰“吳用木也我用革也不可久也不如速戰”,武城黑 謂 子常 曰 ： “ 吳 用 木 也 ， 我 用 革 也 ， 不 可 久 也 ， 不如 速戰 。 ”,，。，武城黑謂子常曰，“吳，，。用木也我用革也不可久也不如速戰”，,0.0,0.0,0.0,1.0,0.0
史皇謂子常“楚人惡子而好司馬若司馬毀吳舟于淮塞城口而入是獨克吳也子必速戰不然不免”,史皇 謂 子常 ： “ 楚人 惡 子 而 好 司馬 。 若 司馬 毀 吳 舟 于 淮 ， 塞 城口 而 入 ， 是 獨 克 吳 也 。 子 必 速戰 ！ 不 然 ， 不 免 。 ”,史皇 謂 子常 “ 楚人 惡 子 而 好 司馬 若 司馬  毀 吳 舟于  淮 塞 城 口 而 入 是 獨 克 吳 也 子 必 速 戰 不 然 不 免 ”,0.8695652173913043,0.0,0.8695652173913043,1.0,0.0
乃濟漢而陳自小別至于大別,乃 濟 漢 而 陳 ， 自 小別 至 于 大別 。,，。，。：乃，。濟，漢（）。而，。，陳自小別至于大別,0.0,0.0,0.0,1.0,0.0
三戰子常知不可欲奔,三 戰 ， 子常 知 不 可 ， 欲 奔 。,三戰  子 常 知 不 可 欲 奔,0.625,0.0,0.625,1.0,0.0
史皇曰“安求其事難而逃之將何所入子必死之初罪必盡說”,史皇 曰 ： “ 安 ， 求 其 事 ； 難 而 逃 之 ， 將 何 所 入 ？ 子 必 死 之 ， 初 罪 必 盡 說 。 ”,史皇 曰 “ 安 求 其 事 難 而 逃 之 將 何 所 入 子 必 死 之 初 罪 必盡  說 ”,0.9387755102040817,0.0,0.9387755102040817,1.0,0.0
十一月庚午二師陳于柏舉,十一月庚午 ， 二師 陳 于 柏舉 。,"，。，。，，。，，""十一月庚午二師陳于柏舉""""""",0.0,0.0,0.0,1.0,0.0
闔廬之弟夫概王晨請於闔廬曰“楚瓦不仁其臣莫有死志先伐之其卒必奔而後大師繼之必克”,闔廬 之 弟 夫概王 晨 請 於 闔廬 曰 ： “ 楚瓦 不仁 ， 其 臣 莫 有 死志 。 先 伐 之 ， 其 卒 必 奔 ； 而後 大師 繼 之 ， 必 克 。 ”,闔廬  之  弟  夫  概  王  晨  請  於  闔廬  曰  “  楚  瓦  不  仁  其  臣  莫  有  死  志  先伐    之  其  卒  必  奔  而  後  大  師  繼  之  必克” ,0.606060606060606,0.0,0.606060606060606,1.0,0.0
弗許,弗 許 。,弗 許,1.0,0.0,1.0,1.0,0.0
夫概王曰“所謂‘臣義而行不待命’者其此之謂也今日我死楚可入也”,夫概王 曰 ： “ 所謂 ‘ 臣 義 而 行 ， 不 待命 ’ 者 ， 其 此 之 謂 也 。 今日 我 死 ， 楚 可 入 也 。 ”,，：夫概王曰“所謂‘臣義而行不待命’者其此之謂也今日我死楚可入也”。，。。，。，。：-  ，，。,0.0,0.0,0.0,1.0,0.0
以其屬五千先擊子常之卒,以 其 屬 五千 先 擊 子常 之 卒 。,以其 屬 五 千 先 擊 子 常 之 卒,0.5263157894736842,0.0,0.5263157894736842,1.0,0.0
子常之卒奔楚師亂吳師大敗之,子常 之 卒 奔 ， 楚師 亂 ， 吳師 大敗 之 。,子 常 之 卒  奔 楚 師  亂 吳 師  大 敗 之 ,0.4545454545454546,0.0,0.4545454545454546,1.0,0.0
子常奔鄭,子常 奔 鄭 。,，：子常奔鄭。，。，，，，,0.0,1.0,0.0,1.0,0.0
史皇以其乘廣死,史皇 以 其 乘廣 死 。,"：，""史皇以其乘廣死""。，。，：（）。，",0.0,1.0,0.0,1.0,0.0
吳從楚師及清發將擊之,吳 從 楚師 ， 及 清發 ， 將 擊 之 。,"：，""吳從楚師及清發將擊之""。，。。""""（），。""""",0.0,0.5,0.0,1.0,0.0
夫概王曰“困獸猶鬭況人乎若知不免而致死必敗我若使先濟者知免後者慕之蔑有鬭心矣半濟而後可擊也”,夫概王 曰 ： “ 困獸 猶 鬭 ， 況 人 乎 ？ 若 知 不 免 而 致 死 ， 必 敗 我 。 若 使 先 濟 者 知 免 ， 後者 慕 之 ， 蔑 有 鬭心 矣 。 半 濟 而後 可 擊 也 。 ”,夫 概 王 曰 “ 困獸 猶鬭況   人乎    若 知 不 免 而 致 死 必敗  我 若 使 先濟  者 知 免 後 者慕  之 蔑 有鬭  心 矣 半濟  而 後 可擊  也 ”,0.5526315789473685,0.0,0.5526315789473685,1.0,0.0
從之又敗之,從 之 ， 又 敗 之 。,從之 。 又敗  之 。,0.25,0.5,0.25,1.0,0.125
楚人為食吳人及之奔,楚人 為 食 ， 吳人 及 之 ， 奔 。,楚人為食吳人及之奔。,0.0,0.5,0.0,1.0,0.0
食而從之敗諸雍澨,食 而 從 之 ， 敗 諸 雍澨 。,食 而 從 之敗    諸  雍澨  。,0.7692307692307692,0.6666666666666666,0.7692307692307692,1.0,0.5128205128205128
五戰及郢,五 戰 ， 及 郢 。,，：五戰及郢。，。，。。，。，,0.0,0.6666666666666666,0.0,1.0,0.0
己卯楚子取其妹季羋畀我以出涉雎,己卯 ， 楚子 取 其 妹 季羋畀我 以 出 ， 涉 雎 。,，。，。：- 己卯：，（、），。- 楚子取：，其妹季羋畀我以出涉雎，,0.16666666666666669,0.0,0.0,1.0,0.0
鍼尹固與王同舟王使執燧象以奔吳師,鍼尹固 與 王 同 舟 ， 王 使 執 燧象 以 奔 吳師 。,"，。，。：- ""鍼尹固""，（），。- ""與王同舟""，""""""王使執燧象以奔吳師""，""",0.14285714285714285,0.4,0.0,1.0,0.05714285714285714
庚辰吳入郢以班處宮,庚辰 ， 吳 入 郢 ， 以 班 處 宮 。,"：，""庚辰吳入郢以班處宮""。，、。。""""（），",0.0,0.5,0.0,1.0,0.0
子山處令尹之宮夫概王欲攻之懼而去之夫概王入之,子山 處 令尹 之 宮 ， 夫概王 欲 攻 之 ， 懼 而 去 之 ， 夫概王 入 之 。,子 山 處  令尹  之  宮  夫  概  王  欲  攻  之  懼  而  去  之  夫  概  王  入  之 ,0.7027027027027026,0.0,0.7027027027027026,1.0,0.0
左司馬戌及息而還敗吳師于雍澨傷,左司馬戌 及 息 而 還 ， 敗 吳師 于 雍澨 ， 傷 。,左司 馬 戌 及 息 而 還 敗 吳 師 于 雍 澨 傷,0.5833333333333334,0.0,0.5833333333333334,1.0,0.0
初司馬臣闔廬故恥為禽焉謂其臣曰“誰能免吾首”,初 ， 司馬 臣 闔廬 ， 故 恥 為 禽 焉 ， 謂 其 臣 曰 ： “ 誰 能 免 吾 首 ？ ”,初 司馬 臣 闔廬 故 恥 為 禽 焉謂   其 臣 曰 “ 誰 能 免 吾 首 ” ,0.9230769230769231,0.0,0.9230769230769231,1.0,0.0
吳句卑曰“臣賤可乎”,吳句卑 曰 ： “ 臣 賤 ， 可 乎 ？ ”,"：，""吳句卑曰“臣賤可乎”""。，、。，。- """"，（），",0.0,0.0,0.0,1.0,0.0
司馬曰“我實失子可哉”,司馬 曰 ： “ 我 實 失 子 ， 可 哉 ！ ”,，。，司馬曰，（），。“我實失子可哉”，？。。，,0.0,0.0,0.0,1.0,0.0
三戰皆傷曰“吾不可用也已”,三 戰 皆 傷 ， 曰 ： “ 吾 不 可 用 也已 。 ”,，：三戰皆傷曰“吾不可用也已”。，。。，。，。？,0.0,0.0,0.0,1.0,0.0
句卑布裳剄而裹之藏其身而以其首免,句卑 布 裳 ， 剄 而 裹 之 ， 藏 其 身 ， 而 以 其 首 免 。,，。，。：- 句卑（），。- 布裳，剄，，。- 而裹之藏其身而以其首免,0.1111111111111111,0.28571428571428575,0.0,1.0,0.03174603174603175
楚子涉雎濟江入于云中,楚子 涉 雎 ， 濟 江 ， 入 于 云中 。,"：，""楚子涉雎濟江入于云中""。，。。""""（），。""""",0.0,0.5,0.0,1.0,0.0
王寢盜攻之以戈擊王王孫由于以背受之中肩,王 寢 ， 盜 攻 之 ， 以 戈 擊 王 ， 王孫由于 以 背 受 之 ， 中 肩 。,，：王寢盜攻之以戈擊王王孫由于以背受之中肩。，。，。：，，，，,0.0,0.33333333333333337,0.0,1.0,0.0
王奔鄖,王 奔 鄖 。,王 奔鄖  ,0.4,0.0,0.4,1.0,0.0
鍾建負季羋以從,鍾建 負 季羋 以 從 。,"，。""鍾建負季羋以從""，。：- """"：，。- """"：，",0.0,1.0,0.0,1.0,0.0
由于徐蘇而從,由于 徐 蘇 而 從 。,由于 徐 蘇 而 從,1.0,0.0,1.0,1.0,0.0
鄖公辛之弟懷將弒王曰“平王殺吾父我殺其子不亦可乎”,鄖公辛 之 弟 懷 將 弒 王 ， 曰 ： “ 平王 殺 吾 父 ， 我 殺 其 子 ， 不亦 可 乎 ？ ”,，。，（鄖公辛之弟懷將弒王曰）。：“平王殺吾父我殺其子不亦可乎”。，。，：，。：- ,0.0,0.0,0.0,1.0,0.0
辛曰“君討臣誰敢讎之君命天也若死天命將誰讎詩曰‘柔亦不茹剛亦不吐不侮矜寡不畏強禦’唯仁者能之違強陵弱非勇也乘人之約非仁也滅宗廢祀非孝也動無令名非知也必犯是餘將殺女”,辛 曰 ： “ 君 討 臣 ， 誰 敢 讎 之 ？ 君命 ， 天 也 。 若 死 天命 ， 將 誰 讎 ？ 《 詩 》 曰 ： ‘ 柔 亦 不 茹 ， 剛 亦 不 吐 。 不 侮 矜寡 ， 不 畏 強禦 ’ ， 唯 仁者 能 之 。 違 強 陵 弱 ， 非 勇 也 ； 乘 人 之 約 ， 非 仁 也 ； 滅 宗 廢 祀 ， 非 孝 也 ； 動 無 令名 ， 非 知 也 。 必 犯 是 ， 餘 將 殺 女 。 ”,辛 曰 “ 君 討 臣 誰 敢 讎 之 君 命 天 也 若 死 天 命 將 誰 讎 詩 曰 ‘ 柔 亦 不 茹剛  亦 不 吐 不 侮 矜 寡 不 畏 強 禦 ’ 唯 仁 者 能 之 違 強 陵 弱 非 勇 也 乘 人 之 約 非 仁 也滅  宗廢  祀 非 孝 也 動 無 令 名 非 知 也 必 犯 是 餘 將 殺 女 ”,0.8258064516129032,0.0,0.8258064516129032,1.0,0.0
斗辛與其弟巢以王奔隨,斗辛 與 其 弟 巢 以 王 奔 隨 。,"：，""斗辛與其弟巢以王奔隨""。，。。""""（），。",0.0,1.0,0.0,1.0,0.0
吳人從之謂隨人曰“周之子孫在漢川者楚實盡之天誘其衷致罰於楚而君又竄之周室何罪君若顧報周室施及寡人以獎天衷君之惠也漢陽之田君實有之”,吳人 從 之 ， 謂 隨人 曰 ： “ 周 之 子孫 在 漢川 者 ， 楚 實 盡 之 。 天 誘 其 衷 ， 致罰 於 楚 ， 而 君 又 竄 之 ， 周室 何 罪 ？ 君 若 顧報 周室 ， 施 及 寡人 ， 以 獎 天衷 ， 君 之 惠 也 。 漢陽 之 田 ， 君 實 有 之 。 ”,吳人  從  之  謂  隨人  曰  “  周  之  子孫  在  漢川  者  楚  實盡    之  天  誘  其衷    致罰    於  楚  而  君  又  竄  之  周室  何  罪  君  若  顧報    周室  施  及  寡人  以獎    天衷    君  之惠也漢陽之田君實有之” ,0.7789473684210526,0.0,0.7789473684210526,1.0,0.0
楚子在公宮之北吳人在其南,楚子 在 公宮 之 北 ， 吳人 在 其 南 。,"：，""楚子在公宮之北吳人在其南""。，。：（）。，。，",0.0,0.6666666666666666,0.0,1.0,0.0
子期似王逃王而己為王曰“以我與之王必免”,子期 似 王 ， 逃 王 ， 而 己 為 王 ， 曰 ： “ 以 我 與 之 ， 王 必 免 。 ”,子 期  似  王  逃  王  而  己  為  王  曰  “  以  我  與  之  王  必  免  ”  。,0.9230769230769231,0.0,0.9230769230769231,1.0,0.0
隨人卜與之不吉乃辭吳曰“以隨之辟小而密邇於楚楚實存之世有盟誓至于今未改若難而棄之何以事君執事之患不唯一人若鳩楚竟敢不聽命”,隨人 卜 與 之 ， 不 吉 ， 乃 辭 吳 曰 ： “ 以 隨 之 辟小 ， 而 密邇 於 楚 ， 楚 實 存 之 。 世 有 盟誓 ， 至 于 今 未 改 。 若 難 而 棄 之 ， 何 以 事 君 ？ 執事 之 患 不 唯 一 人 ， 若 鳩 楚 竟 ， 敢 不 聽命 ？ ”,隨人 卜 與 之 不 吉 乃 辭 吳 曰 “ 以 隨 之 辟 小 而 密邇  於 楚 楚 實 存 之 世 有 盟 誓 至 于 今 未 改 若 難 而棄  之 何 以 事 君執 事 之 患 不 唯 一 人 若鳩  楚 竟 敢 不聽  命 ”,0.8181818181818182,0.0,0.8181818181818182,1.0,0.0
吳人乃退,吳人 乃 退 。,，：吳人乃退。，。。，。，。,0.0,1.0,0.0,1.0,0.0
鑪金初宦於子期氏實與隨人要言,鑪金 初 宦 於 子期氏 ， 實 與 隨人 要言 。,，。，。：- 鑪金：，。，，。- 初宦於子期氏實與隨人要言：,0.1818181818181818,0.0,0.0,1.0,0.0
王使見辭曰“不敢以約為利”,王 使 見 ， 辭 ， 曰 ： “ 不 敢 以 約 為 利 。 ”,，：王使見辭曰“不敢以約為利”。，。。，。，。：- ,0.0,0.0,0.0,1.0,0.0
王割子期之心以與隨人盟,王 割 子期 之 心 以 與 隨人 盟 。,，。，。：王割子期之心，（）。以與隨人盟。，：，,0.0,0.6666666666666666,0.0,1.0,0.0
初伍員與申包胥友,初 ， 伍員 與 申包胥 友 。,初 伍員 與 申包胥 友 。,1.0,0.6666666666666666,1.0,1.0,0.6666666666666666
其亡也謂申包胥曰“我必復楚國”,其 亡 也 ， 謂 申包胥 曰 ： “ 我 必 復 楚國 。 ”,其 亡 也 謂 申包胥 曰 “ 我 必 復 楚 國 ”,0.8799999999999999,0.0,0.8799999999999999,1.0,0.0
申包胥曰“勉之子能復之我必能興之”,申包胥 曰 ： “ 勉 之 ！ 子 能 復 之 ， 我 必 能 興 之 。 ”,申包胥 曰 “ 勉之 子 能復  之 我 必 能興  之 ”,0.6666666666666665,0.0,0.6666666666666665,1.0,0.0
及昭王在隨申包胥如秦乞師曰“吳為封豕長蛇以薦食上國虐始於楚”,及 昭王 在 隨 ， 申包胥 如 秦 乞師 ， 曰 ： “ 吳 為 封豕 、 長蛇 ， 以 薦食 上國 ， 虐 始 於 楚 。 ”,及 昭王 在 隨  申包胥 如 秦乞   師 曰 “  吳 為 封豕 長蛇  以 薦食 上 國虐   始 於 楚  ” ,0.8181818181818182,0.0,0.8181818181818182,1.0,0.0
寡君失守社稷越在草莽使下臣告急曰“夷德無厭若鄰於君疆埸之患也逮吳之未定君其取分焉若楚之遂亡君之土也若以君靈撫之世以事君秦伯使辭焉曰寡人聞命矣子姑就館將圖而告”,寡君 失守 社稷 ， 越 在 草莽 ， 使 下臣 告急 ， 曰 ： “ 夷德 無 厭 ， 若 鄰 於 君 ， 疆埸 之 患 也 。 逮 吳 之 未 定 ， 君 其 取 分 焉 。 若 楚 之 遂 亡 ， 君 之 土 也 。 若 以 君靈 撫 之 ， 世 以 事 君 。 秦伯 使 辭 焉 ， 曰 ： 寡人 聞命 矣 。 子 姑 就館 ， 將 圖 而 告 。 ”,寡君 失守 社稷 越 在 草莽  使 下臣 告急 曰 “ 夷 德 無厭   若 鄰 於 君 疆埸 之 患 也  逮 吳 之 未 定  君 其 取 分 焉  若 楚 之 遂 亡  君 之 土 也  若 以 君靈  撫 之  世 以 事 君  秦伯 使 辭 焉 曰  寡人 聞 命 矣  子 姑 就 館  將 圖 而 告 ”,0.9104477611940298,0.0,0.9104477611940298,1.0,0.0
對曰“寡君越在草莽未獲所伏下臣何敢即安”,對 曰 ： “ 寡君 越 在 草莽 ， 未 獲 所 伏 ， 下臣 何 敢 即安 ？ ”,對 曰 “ 寡君 越 在 草莽 未 獲 所 伏 下 臣 何 敢 即 安 ”,0.823529411764706,0.0,0.823529411764706,1.0,0.0
立依於庭墻而哭日夜不絕聲勺飲不入口七日,立 ， 依 於 庭墻 而 哭 ， 日夜 不 絕 聲 ， 勺飲 不 入口 七 日 。,，。立，，，。。，：-  ，，。- 依於庭墻而哭日夜不絕聲勺飲不入口七日 ，,0.11764705882352941,0.0,0.0,1.0,0.0
秦哀公為之賦無衣,秦哀公 為 之 賦 《 無 衣 》 。,秦哀公為之賦無衣，。，。，，。，、，,0.0,0.6666666666666666,0.0,1.0,0.0
九頓首而坐,九 頓首 而 坐 。,，：九頓首而坐。，。，，。，，。,0.0,1.0,0.0,1.0,0.0
秦師乃出,秦師 乃 出 。,秦師乃出，。，。，，。，、,0.0,1.0,0.0,1.0,0.0
五年春王人殺子朝于楚,五年 ， 春 ， 王人 殺 子朝 于 楚 。,五 年 春 王 人 殺 子 朝 于 楚,0.47058823529411764,0.0,0.47058823529411764,1.0,0.0
夏歸粟于蔡以周亟矜無資,夏 ， 歸 粟 于 蔡 ， 以 周亟 ， 矜 無資 。,，：夏歸粟于蔡以周亟矜無資。，。：- ，。- ，。- ,0.0,0.4,0.0,1.0,0.0
越入吳吳在楚也,越 入 吳 ， 吳 在 楚 也 。,越 入 吳  吳 在 楚  也 ,1.0,0.0,1.0,1.0,0.0
六月季平子行東野,六月 ， 季平子 行 東野 。,六月季平子行東野。,0.0,0.6666666666666666,0.0,1.0,0.0
還未至丙申卒于房,還 ， 未 至 ， 丙申 ， 卒 于 房 。,還 未 至 丙申 卒 于 房,1.0,0.0,1.0,1.0,0.0
陽虎將以玙璠斂仲梁懷弗與曰“改步改玉”,陽虎 將 以 玙璠 斂 ， 仲梁懷 弗 與 ， 曰 ： “ 改 步 改 玉 。 ”,陽虎 將 以玙 璠 斂 仲梁 懷 弗 與 曰 “ 改 步 改 玉 ”,0.7741935483870969,0.0,0.7741935483870969,1.0,0.0
陽虎欲逐之告公山不狃,陽虎 欲 逐 之 ， 告 公山不狃 。,"：，""陽虎欲逐之告公山不狃""。，。，""""（），。""""，，",0.0,0.6666666666666666,0.0,1.0,0.0
不狃曰“彼為君也子何怨焉”,不狃 曰 ： “ 彼 為 君 也 ， 子 何 怨 焉 ？ ”,不狃  曰 “ 彼為  君 也 子 何 怨 焉 ”,0.8695652173913043,0.0,0.8695652173913043,1.0,0.0
既葬桓子行東野及費,既 葬 ， 桓子 行 東野 ， 及 費 。,既 葬 桓子 行 東野 及 費,1.0,0.0,1.0,1.0,0.0
子泄為費宰逆勞於郊桓子敬之,子泄 為 費 宰 ， 逆 勞 於 郊 ， 桓子 敬 之 。,子泄為費宰逆勞於郊桓子敬之，。，。，，。，、，。，,0.0,0.5,0.0,1.0,0.0
勞仲梁懷仲梁懷弗敬,勞 仲梁懷 ， 仲梁懷 弗 敬 。,"：，""勞仲梁懷仲梁懷弗敬""。，。。""""，。",0.0,0.6666666666666666,0.0,1.0,0.0
子泄怒謂陽虎“子行之乎”,子泄 怒 ， 謂 陽虎 ： “ 子 行 之 乎 ！ ”,，：子泄怒謂陽虎“子行之乎”。，。，。。，，,0.0,0.0,0.0,1.0,0.0
申包胥以秦師至,申包胥 以 秦師 至 。,申 包胥  以  秦 師  至 ,0.4,0.0,0.4,1.0,0.0
秦子蒲子虎帥車五百乘以救楚,秦 子蒲 、 子虎 帥 車 五百 乘 以 救 楚 。,，：秦子蒲子虎帥車五百乘以救楚。，。。，。，。：- ,0.0,0.6666666666666666,0.0,1.0,0.0
子蒲曰“吾未知吳道”,子蒲 曰 ： “ 吾 未 知 吳道 。 ”,子 蒲 曰 “ 吾未  知 吳 道 ”,0.47058823529411764,0.0,0.47058823529411764,1.0,0.0
使楚人先與吳人戰而自稷會之大敗夫概王于沂,使 楚人 先 與 吳人 戰 ， 而 自 稷 會 之 ， 大敗 夫概王 于 沂 。,使 楚  人 先 與 吳  人 戰 而 自 稷  會 之 大敗   夫  概  王  于  沂  。,0.7058823529411765,0.5,0.7058823529411765,1.0,0.35294117647058826
吳人獲薳射於柏舉其子帥奔徒以從子西敗吳師于軍祥,吳人 獲 薳射 於 柏舉 ， 其 子 帥 奔徒 以 從 子西 ， 敗 吳師 于 軍祥 。,，。，。：吳人獲薳射於柏舉其子帥奔徒以從子西敗吳師于軍祥。，，。，。。,0.0,0.5,0.0,1.0,0.0
秋七月子期子蒲滅唐,秋七月 ， 子期 、 子蒲 滅 唐 。,"：，""秋七月子期子蒲滅唐""。，。。- """"：（），。",0.0,0.5,0.0,1.0,0.0
九月夫概王歸自立也以與王戰而敗奔楚為棠溪氏,九月 ， 夫概王 歸 ， 自立 也 ， 以 與 王 戰 ， 而 敗 ， 奔 楚 ， 為 棠溪氏 。,九月 夫 概 王歸  自 立 也  以 與 王 戰 而 敗 奔 楚 為 棠溪氏 ,0.7500000000000001,0.0,0.7500000000000001,1.0,0.0
吳師敗楚師于雍澨,吳師 敗 楚師 于 雍澨 。,吳 師 敗 楚 師 于 雍 澨,0.3076923076923077,0.0,0.3076923076923077,1.0,0.0
秦師又敗吳師,秦師 又 敗 吳師 。,秦師又敗吳師，。，。，，。，、，,0.0,1.0,0.0,1.0,0.0
吳師居麇子期將焚之子西曰“父兄親暴骨焉不能收又焚之不可”,吳師 居 麇 ， 子期 將 焚 之 ， 子西 曰 ： “ 父兄 親 暴骨 焉 ， 不能 收 ， 又 焚 之 ， 不可 。 ”,，：吳師居麇子期將焚之子西曰“父兄親暴骨焉不能收又焚之不可”。，。，。，。。，，、,0.0,0.0,0.0,1.0,0.0
子期曰“國亡矣死者若有知也可以歆舊祀豈憚焚之”,子期 曰 ： “ 國 亡 矣 ， 死者 若 有知 也 ， 可以 歆 舊祀 ， 豈 憚 焚 之 ？ ”,子期 曰 “ 國 亡 矣 死 者 若 有 知 也 可 以歆舊祀    、   豈 憚 焚 之 ”,0.7027027027027027,0.0,0.7027027027027027,1.0,0.0
焚之而又戰吳師敗又戰于公婿之溪,焚 之 ， 而 又 戰 ， 吳師 敗 ， 又 戰 于 公婿 之 溪 。,"，。，。：- ""焚之""，，（）。，。- ""而又戰吳師敗又戰于公婿之溪""，""""，",0.0,0.0,0.0,1.0,0.0
吳師大敗吳子乃歸,吳師 大敗 ， 吳子 乃 歸 。,吳 師 大敗  吳 子 乃歸 ,0.1818181818181818,0.0,0.1818181818181818,1.0,0.0
囚闉輿罷,囚 闉輿罷 。,囚 闉 輿 罷,0.3333333333333333,0.0,0.3333333333333333,1.0,0.0
闉輿罷請先遂逃歸,闉輿罷 請 先 ， 遂 逃歸 。,，。，。：- 闉：，。- 輿罷請先遂逃歸：，。-,0.0,0.5,0.0,1.0,0.0
葉公諸梁之弟後臧從其母於吳不待而歸,葉公諸梁 之 弟 後臧 從 其 母 於 吳 ， 不 待 而 歸 。,葉公 諸梁 之 弟 後 臧 從 其 母 於 吳 不 待 而歸 ,0.6666666666666666,0.0,0.6666666666666666,1.0,0.0
葉公終不正視,葉公 終 不 正視 。,葉公終不正視。,0.0,1.0,0.0,1.0,0.0
乙亥陽虎囚季桓子及公父文伯而逐仲梁懷,乙亥 ， 陽虎 囚 季桓子 及 公父文伯 ， 而 逐 仲梁懷 。,乙亥 陽虎囚季桓子及公父文伯而逐仲梁懷。,0.1818181818181818,0.5,0.1818181818181818,1.0,0.0909090909090909
冬十月丁亥殺公何藐,冬 ， 十月 丁亥 ， 殺 公何藐 。,冬 十月 丁亥 殺 公 何藐,0.7272727272727272,0.0,0.7272727272727272,1.0,0.0
己丑盟桓子于稷門之內庚寅大詛,己丑 ， 盟 桓子 于 稷門 之 內 ， 庚寅 ， 大 詛 。,"，。，。：- ""己丑盟桓子于稷門之內庚寅大詛""：，（）。，，。- """,0.0,0.4,0.0,1.0,0.0
逐公父歜及秦遄皆奔齊,逐 公父歜 及 秦遄 ， 皆 奔 齊 。,，：逐公父歜及秦遄皆奔齊。，。，（），，。。,0.0,0.6666666666666666,0.0,1.0,0.0
楚子入于郢,楚子 入 于 郢 。,楚子入，。于郢，。，，。，、,0.0,0.6666666666666666,0.0,1.0,0.0
初斗辛聞吳人之爭宮也曰“吾聞之‘不讓則不和不和不可以遠征’吳爭於楚必有亂有亂則必歸焉能定楚”,初 ， 斗辛 聞 吳人 之 爭 宮 也 ， 曰 ： “ 吾 聞 之 ： ‘ 不 讓 ， 則 不 和 ； 不 和 ， 不 可以 遠征 。 ’ 吳 爭 於 楚 ， 必 有 亂 ； 有 亂 ， 則 必 歸 ， 焉 能 定 楚 ？ ”,初 斗 辛 聞 吳 人 之爭  宮 也 曰 “ 吾 聞 之 ‘ 不 讓 則 不 和 不 和 不 可 以 遠 征 ’吳爭於 楚 必 有 亂 有 亂 則 必 歸 焉 能 定 楚 ”,0.7619047619047619,0.0,0.7619047619047619,1.0,0.0
王之奔隨也將涉於成臼,王 之 奔 隨 也 ， 將 涉 於 成臼 。,"，。，。""王之奔隨也""""""，""""，""""（），""""。""將涉於成臼""，""",0.0,0.0,0.0,1.0,0.0
藍尹亹涉其帑不與王舟,藍尹亹 涉 其 帑 ， 不 與 王 舟 。,藍，。，。：，（），，，（）。尹亹涉其帑不與，王舟。,0.0,0.4,0.0,1.0,0.0
及寧王欲殺之,及 寧 ， 王 欲 殺 之 。,及寧  王 欲殺  之 。,0.4,0.6666666666666666,0.4,1.0,0.26666666666666666
子西曰“子常唯思舊怨以敗君何效焉”,子西 曰 ： “ 子常 唯 思 舊怨 以 敗 ， 君 何 效 焉 ？ ”,子 西 曰 “ 子 常唯  思舊怨   以敗  君 何 效 焉 ”,0.5185185185185186,0.0,0.5185185185185186,1.0,0.0
王曰“善使復其所吾以志前惡”,王 曰 ： “ 善 。 使 復 其 所 ， 吾 以 志 前惡 。 ”,王 曰 “ 善  使  復  其  所  吾  以  志  前  惡 ” ,0.888888888888889,0.0,0.888888888888889,1.0,0.0
王賞斗辛王孫由于王孫圉鍾建斗巢申包胥王孫賈宋木斗懷,王 賞 斗辛 、 王孫由于 、 王孫圉 、 鍾建 、 斗巢 、 申包胥 、 王孫賈 、 宋木 、 斗懷 。,，。，，，。，（）、，-:，，。。：王賞斗辛王孫由于王孫圉鍾建斗巢申包胥王孫賈宋木斗懷,0.0,0.0,0.0,1.0,0.0
子西曰“請舍懷也”,子西 曰 ： “ 請 舍 懷 也 。 ”,子西曰“請舍懷也”，。，。，，。，、，,0.0,0.0,0.0,1.0,0.0
王曰“大德滅小怨道也”,王 曰 ： “ 大德 滅 小怨 ， 道 也 。 ”,"：，""王曰“大德滅小怨道也”""。，""""。，，。：- """" ，，",0.0,0.0,0.0,1.0,0.0
申包胥曰“吾為君也非為身也君既定矣又何求且吾尤子旗其又為諸”,申包胥 曰 ： “ 吾 為 君 也 ， 非 為 身 也 。 君 既 定 矣 ， 又 何 求 ？ 且 吾 尤 子旗 ， 其 又 為 諸 ？ ”,申包胥 曰 “ 吾為  君 也 非為  身 也 君既  定 矣 又 何 求 且 吾 尤 子 旗 其 又為  諸 ”,0.7058823529411765,0.0,0.7058823529411765,1.0,0.0
遂逃賞,遂 逃 賞 。,遂逃  賞  。,0.4,1.0,0.4,1.0,0.4
王將嫁季羋季羋辭曰“所以為女子遠丈夫也鍾建負我矣”,王 將 嫁 季羋 ， 季羋 辭 曰 ： “ 所 以 為 女子 ， 遠 丈夫 也 。 鍾建 負 我 矣 。 ”,，。，。王將嫁季羋，，，。，季羋辭曰，，。：“所以為女子遠丈夫也鍾建負我矣”,0.0,0.0,0.0,1.0,0.0
以妻鍾建以為樂尹,以 妻 鍾建 ， 以 為 樂尹 。,以 妻 鍾建以 為 樂尹,0.7272727272727272,0.0,0.7272727272727272,1.0,0.0
王之在隨也子西為王輿服以保路國于脾泄,王 之 在 隨 也 ， 子西 為 王 輿 服 以 保 路 ， 國 于 脾泄 。,王  之  在  隨  也  子西  為  王  輿服  以  保  路國  于  脾泄  。,0.7999999999999999,0.5,0.7999999999999999,1.0,0.39999999999999997
聞王所在而後從王,聞 王 所 在 ， 而後 從 王 。,聞 王 所 在 而 後 從 王,0.7999999999999999,0.0,0.7999999999999999,1.0,0.0
王使由于城麇復命,王 使 由于 城 麇 ， 復命 。,王 使由  于  城  麇  復  命  。,0.4615384615384615,0.6666666666666666,0.4615384615384615,1.0,0.30769230769230765
子西問高厚焉弗知,子西 問 高厚 焉 ， 弗 知 。,子 西 問 高 厚 焉  弗 知 ,0.5714285714285715,0.0,0.5714285714285715,1.0,0.0
子西曰“不能如辭城不知高厚小大何知”,子西 曰 ： “ 不 能 ， 如 辭 。 城 不 知 高厚 ， 小大 何 知 ？ ”,子 西 曰 “ 不能 如 辭 城 不 知 高 厚 小 大 何 知 ”,0.625,0.0,0.625,1.0,0.0
對曰“固辭不能子使餘也人各有能有不能王遇盜於云中餘受其戈其所猶在”,對 曰 ： “ 固 辭 不 能 ， 子 使 餘 也 。 人 各 有 能 有 不 能 。 王 遇 盜 於 云中 ， 餘 受 其 戈 ， 其 所 猶 在 。 ”,，。，對曰，。：“固辭不能子使餘也人各有能有不能王遇盜於云中餘受其戈其所猶在”。，。，。，，：- ,0.0,0.0,0.0,1.0,0.0
袒而示之背曰“此餘所能也脾泄之事餘亦弗能也”,袒 而 示 之 背 ， 曰 ： “ 此 餘 所 能 也 。 脾泄 之 事 ， 餘 亦 弗 能 也 。 ”,袒 而 示 之 背 曰 “ 此 餘 所 能 也 脾 泄 之 事 餘 亦 弗 能 也 ”,0.9302325581395349,0.0,0.9302325581395349,1.0,0.0
晉士鞅圍鮮虞報觀虎之敗也,晉士鞅 圍 鮮虞 ， 報 觀虎 之 敗 也 。,，。，。：- 晉 ，，。- 士鞅圍鮮虞報觀虎之敗也 （），，，,0.0,0.0,0.0,1.0,0.0
六年春鄭滅許因楚敗也,六年 ， 春 ， 鄭 滅 許 ， 因 楚 敗 也 。,六 年 春 鄭 滅 許 因 楚 敗 也,0.8421052631578948,0.0,0.8421052631578948,1.0,0.0
二月公侵鄭取匡為晉討鄭之伐胥靡也,二月 ， 公 侵 鄭 ， 取 匡 ， 為 晉 討 鄭 之 伐 胥靡 也 。,，。：二月公侵鄭取匡為晉討鄭之伐胥靡也。，，，，，，,0.0,0.4,0.0,1.0,0.0
往不假道於衛及還陽虎使季孟自南門入出自東門舍於豚澤,往 不 假道 於 衛 ； 及 還 ， 陽虎 使 季 、 孟 自 南門 入 ， 出 自 東門 ， 舍 於 豚澤 。,，。，。，，。，、，。，。：往不假道於衛及還陽虎使季孟自南門入出自東門舍於豚澤,0.0,0.0,0.0,1.0,0.0
衛侯怒使彌子瑕追之,衛侯 怒 ， 使 彌子瑕 追 之 。,衛侯怒使彌子瑕追之。,0.0,0.6666666666666666,0.0,1.0,0.0
公叔文子老矣輦而如公曰“尤人而效之非禮也昭公之難君將以文之舒鼎成之昭兆定之鞶監茍可以納之擇用一焉公子與二三臣之子諸侯茍憂之將以為之質此群臣之所聞也今將以小忿蒙舊德無乃不可乎大姒之子唯周公康叔為相睦也而效小人以棄之不亦誣乎天將多陽虎之罪以斃之君姑待之若何”,公叔文子 老 矣 ， 輦 而 如 公 ， 曰 ： “ 尤 人 而 效 之 ， 非禮 也 。 昭公 之 難 君 將 以 文 之 舒鼎 、 成 之 昭兆 、 定 之 鞶監 ， 茍 可以 納 之 ， 擇 用 一 焉 。 公子 與 二三 臣 之 子 ， 諸侯 茍 憂 之 ， 將 以 為 之 質 。 此 群 臣 之 所 聞 也 。 今 將 以 小忿 蒙 舊德 ， 無乃 不可 乎 ？ 大姒 之 子 ， 唯 周公 、 康叔 為 相 睦 也 ， 而 效 小人 以 棄 之 ， 不 亦 誣 乎 ？ 天 將 多 陽虎 之 罪 以 斃 之 ， 君 姑 待 之 ， 若何 ？ ”,公叔文子 老 矣  輦 而 如公  曰 “ 尤 人 而 效之  非 禮 也  昭公之   難 君 將以  文之  舒 鼎 成之   昭 兆 定之  鞶 監茍   可以  納之  擇 用 一 焉公子    與 二 三 臣之子    諸侯茍憂之    將以  為之  質  此 群 臣之  所聞  也  今 將以  小 忿 蒙舊  德  無 乃 不 可 乎  大 姒之子    唯 周公  康 叔 為 相 睦 也  而 效 小 人以  棄之   不亦誣乎天將多陽虎之罪以斃之君姑待之若何”,0.3575418994413408,0.0,0.3575418994413408,1.0,0.0
乃止,乃 止 。,乃 止,1.0,0.0,1.0,1.0,0.0
夏季桓子如晉獻鄭俘也,夏 ， 季桓子 如 晉 ， 獻 鄭 俘 也 。,"，。，。，，。、。""夏季桓子如晉獻鄭俘也""，",0.0,0.0,0.0,1.0,0.0
陽虎強使孟懿子往報夫人之幣晉人兼享之,陽虎 強 使 孟懿子 往 報 夫人 之 幣 ， 晉人 兼 享 之 。,陽虎 強 使 孟懿子 往 報 夫人 之幣  晉人 兼 享 之,0.8799999999999999,0.0,0.8799999999999999,1.0,0.0
孟孫立于房外謂范獻子曰“陽虎若不能居魯而息肩於晉所不以為中軍司馬者有如先君”,孟孫 立 于 房 外 ， 謂 范獻子 曰 ： “ 陽虎 若 不能 居 魯 ， 而 息肩 於 晉 ， 所 不 以 為 中軍司馬 者 ， 有如 先君 ！ ”,孟 孫  立 于 房 外  謂  范 獻 子 曰  “陽  虎  若 不 能 居 魯  而 息 肩  於 晉  所 不 以 為 中軍  司 馬  者  有 如 先 君  ” ,0.5714285714285715,0.0,0.5714285714285715,1.0,0.0
獻子曰“寡君有官將使其人鞅何知焉”,獻子 曰 ： “ 寡君 有 官 ， 將 使 其 人 ， 鞅 何 知 焉 ？ ”,，。，獻子曰，（），。，“寡君有官，，。將使其人鞅何知焉”,0.0,0.0,0.0,1.0,0.0
獻子謂簡子曰“魯人患陽虎矣孟孫知其釁以為必適晉故強為之請以取入焉”,獻子 謂 簡子 曰 ： “ 魯人 患 陽虎 矣 。 孟孫 知 其 釁 ， 以 為 必 適 晉 ， 故 強 為 之 請 ， 以 取 入 焉 。 ”,獻子 謂 簡子 曰 “ 魯人 患 陽虎 矣 孟孫 知 其 釁          以為必適晉故強為之請以 取 入 焉 ”,0.7391304347826088,0.0,0.7391304347826088,1.0,0.0
四月己丑吳太子終纍敗楚舟師獲潘子臣小惟子及大夫七人,四月己丑 ， 吳太子終纍 敗 楚 舟師 ， 獲 潘子臣 、 小惟子 及 大夫 七 人 。,，：四月己丑吳太子終纍敗楚舟師獲潘子臣小惟子及大夫七人。，。。，，，。，,0.0,0.4,0.0,1.0,0.0
楚國大惕懼亡,楚國 大 惕 ， 懼 亡 。,楚國 大惕 懼 亡,0.6666666666666665,0.0,0.6666666666666665,1.0,0.0
子期又以陵師敗于繁揚,子期 又 以 陵師 敗 于 繁揚 。,"：，""子期又以陵師敗于繁揚""。，。，：（）（）（）。",0.0,1.0,0.0,1.0,0.0
令尹子西喜曰“乃今可為矣”,令尹子西 喜 曰 ： “ 乃 今 可 為 矣 。 ”,，：令尹子西喜曰“乃今可為矣”。，。。，。，。、,0.0,0.0,0.0,1.0,0.0
於是乎遷郢於鄀而改紀其政以定楚國,於 是 乎 遷 郢 於 鄀 ， 而 改 紀 其 政 ， 以 定 楚國 。,，。，。：- 於是乎：，，。- 遷郢於鄀而改紀其政以定楚國：。，；,0.0,0.4,0.0,1.0,0.0
周儋翩率王子朝之徒因鄭人將以作亂于周鄭於是乎伐馮滑胥靡負黍狐人闕外,周儋翩 率 王子朝 之 徒 因 鄭人 將 以 作亂 于 周 ， 鄭 於是乎 伐 馮 、 滑 、 胥靡 、 負 黍 、 狐人 、 闕 外 。,，：周儋翩率王子朝之徒因鄭人將以作亂于周鄭於是乎伐馮滑胥靡負黍狐人闕外。，。。，，，。，，,0.0,0.25,0.0,1.0,0.0
六月晉閻沒戍周且城胥靡,六月 ， 晉閻沒 戍 周 ， 且 城 胥靡 。,，：六月晉閻沒戍周且城胥靡。，。。，，，，。,0.0,0.5,0.0,1.0,0.0
秋八月宋樂祁言於景公曰“諸侯唯我事晉今使不往晉其憾矣”,秋 ， 八月 ， 宋 樂祁 言 於 景公 曰 ： “ 諸侯 唯 我 事 晉 ， 今 使 不 往 ， 晉 其 憾 矣 。 ”,，。，。：秋八月宋樂祁言於景公曰“諸侯唯我事晉今使不往晉。，。其憾矣”，（,0.0,0.0,0.0,1.0,0.0
樂祁告其宰陳寅,樂祁 告 其 宰 陳寅 。,樂祁   告  其  宰  陳寅    。,1.0,1.0,1.0,1.0,1.0
陳寅曰“必使子往”,陳寅 曰 ： “ 必 使 子 往 。 ”,陳寅  曰 “  必  使  子  往  ”  。,1.0,0.0,1.0,1.0,0.0
他日公謂樂祁曰“唯寡人說子之言子必往”,他日 ， 公 謂 樂祁 曰 ： “ 唯 寡人 說 子 之 言 ， 子 必 往 ！ ”,他 日 公謂  樂 祁 曰 “ 唯 寡 人 說 子 之言  子 必 往 ”,0.5454545454545455,0.0,0.5454545454545455,1.0,0.0
陳寅曰“子立後而行吾室亦不亡唯君亦以我為知難而行也”,陳寅 曰 ： “ 子 立 後 而 行 ， 吾 室 亦 不 亡 ， 唯 君 亦 以 我 為 知 難 而 行 也 。 ”,，。，陳寅曰，。：“子立後而行吾室亦不亡唯君亦以我為知難而行也”。，。，。，，,0.0,0.0,0.0,1.0,0.0
見溷而行,見 溷 而 行 。,，：見溷而行。，。，。：- ：，，,0.0,1.0,0.0,1.0,0.0
趙簡子逆而飲之酒於綿上獻楊楯六十於簡子,趙簡子 逆 ， 而 飲 之 酒 於 綿上 ， 獻 楊楯 六十 於 簡子 。,，：趙簡子逆而飲之酒於綿上獻楊楯六十於簡子。，。。，，，。，,0.0,0.5,0.0,1.0,0.0
陳寅曰“昔吾主范氏今子主趙氏又有納焉以楊楯賈禍弗可為也已然子死晉國子孫必得志於宋”,陳寅 曰 ： “ 昔 吾 主 范氏 ， 今 子 主 趙氏 ， 又 有 納 焉 ， 以 楊楯 賈 禍 ， 弗 可 為 也已 。 然 子 死 晉國 ， 子孫 必 得志 於 宋 。 ”,陳寅 曰 “ 昔 吾 主 范 氏 今 子 主 趙 氏 又 有 納 焉 以 楊楯  賈 禍 弗 可 為 也已 然  子 死 晉 國 子 孫 必 得 志 於 宋 ”,0.7887323943661972,0.0,0.7887323943661972,1.0,0.0
范獻子言於晉侯曰“以君命越疆而使未致使而私飲酒不敬二君不可不討也”,范獻子 言 於 晉侯 曰 ： “ 以 君命 越 疆 而 使 ， 未 致 使 而 私 飲酒 ， 不 敬 二 君 ， 不 可 不 討 也 。 ”,范 獻 子 言 於 晉 侯 曰 “  以 君 命 越 疆 而 使  未 致 使 而 私 飲 酒  不 敬二  君  不 可 不討  也  ” ,0.6779661016949152,0.0,0.6779661016949152,1.0,0.0
乃執樂祁,乃 執 樂祁 。,乃執  樂 祁,0.0,0.0,0.0,1.0,0.0
陽虎又盟公及三桓於周社盟國人于亳社詛于五父之衢,陽虎 又 盟 公 及 三桓 於 周社 ， 盟 國人 于 亳社 ， 詛 于 五父之衢 。,"，。，。：- ""陽虎""，（），。- ""又""，，。- ""盟""，，。- ""公及三桓於周社盟國人于亳社詛于五父之衢""",0.31578947368421056,0.0,0.0,1.0,0.0
冬十二月天王處于姑蕕辟儋翩之亂也,冬 ， 十二月 ， 天王 處 于 姑蕕 ， 辟 儋翩 之 亂 也 。,冬 十二月 天王 處于 姑蕕 辟 儋翩 之亂  也,0.7000000000000001,0.0,0.7000000000000001,1.0,0.0
七年春二月周儋翩入于儀栗以叛,七年 ， 春 ， 二月 ， 周 儋翩 入 于 儀栗 以 叛 。,七年春二月周儋翩入，。于儀栗以叛，。，，。，，。，，,0.0,0.3333333333333333,0.0,1.0,0.0
齊人歸鄆陽關陽虎居之以為政,齊人 歸 鄆 、 陽關 ， 陽虎 居 之 以 為 政 。,，：齊人歸鄆陽關陽虎居之以為政。，。。，。，。，,0.0,0.5,0.0,1.0,0.0
夏四月單武公劉桓公敗尹氏于窮穀,夏 ， 四月 ， 單武公 、 劉桓公 敗 尹氏 于 窮穀 。,夏 四月單  武公劉  桓公敗  尹氏 于窮穀 ,0.28571428571428575,0.0,0.28571428571428575,1.0,0.0
秋齊侯鄭伯盟于鹹徵會于衛,秋 ， 齊侯 、 鄭伯 盟 于 鹹 ， 徵 會 于 衛 。,，：秋齊侯鄭伯盟于鹹徵會于衛。，。。，。，。,0.0,0.4,0.0,1.0,0.0
衛侯欲叛晉諸大夫不可,衛侯 欲 叛 晉 ， 諸 大夫 不 可 。,衛侯欲叛晉諸大夫不可。,0.0,0.6666666666666666,0.0,1.0,0.0
使北宮結如齊而私於齊侯曰“執結以侵我”,使 北宮結 如 齊 ， 而 私 於 齊侯 曰 ： “ 執 結 以 侵 我 。 ”,使 北 宮 結 如 齊 而 私 於 齊 侯 曰 “執  結 以 侵 我 ”,0.7058823529411765,0.0,0.7058823529411765,1.0,0.0
齊侯從之乃盟于瑣,齊侯 從 之 ， 乃 盟 于 瑣 。,齊侯從  之 乃 盟 于 瑣 。,0.7692307692307692,0.6666666666666666,0.7692307692307692,1.0,0.5128205128205128
齊國夏伐我,齊國夏 伐 我 。,，：齊國夏伐我。，。，，，。，,0.0,1.0,0.0,1.0,0.0
陽虎御季桓子公斂處父御孟懿子將宵軍齊師,陽虎 御 季桓子 ， 公 斂 處父 御 孟懿子 ， 將 宵 軍 齊師 。,陽虎  御  季桓子  公  斂  處父  御  孟懿子  將  宵軍    齊  師 ,0.75,0.0,0.75,1.0,0.0
齊師聞之墮伏而待之,齊師 聞 之 ， 墮 ， 伏 而 待 之 。,齊 師 聞 之  墮伏 而 待 之 ,0.625,0.0,0.625,1.0,0.0
處父曰“虎不圖禍而必死”,處父 曰 ： “ 虎 不 圖 禍 ， 而 必 死 。 ”,，。，。：處父，曰，“虎，不圖禍，而必死”。，,0.0,0.25,0.0,1.0,0.0
苫夷曰“虎陷二子於難不待有司餘必殺女”,苫夷 曰 ： “ 虎 陷 二 子 於 難 ， 不 待 有司 ， 餘 必 殺 女 。 ”,，。，。：- 苫夷：，，《》《》，。- 曰：，“虎陷二子於難不待有司餘必殺女”，,0.10526315789473684,0.0,0.0,1.0,0.0
虎懼乃還不敗,虎 懼 ， 乃 還 ， 不 敗 。,虎 懼 乃 還 不 敗,1.0,0.0,1.0,1.0,0.0
冬十一月戊午單子劉子逆王于慶氏,冬 ， 十一月戊午 ， 單子 、 劉子 逆 王 于 慶氏 。,"，。，《》。：- ""冬十一月戊午單子劉子逆王于慶氏""：，，（）。，，",0.0,0.4,0.0,1.0,0.0
晉籍秦送王,晉 籍秦 送 王 。,"，。""晉籍秦送王""，。：- """" ，，。- """" ",0.0,1.0,0.0,1.0,0.0
己巳王入于王城館于公族黨氏而後朝于莊宮,己巳 ， 王 入 于 王城 ， 館 于 公族黨氏 ， 而後 朝 于 莊宮 。,己巳 王 入 于 王城 館 于 公族黨  氏 而 後 朝 于 莊 宮,0.6666666666666665,0.0,0.6666666666666665,1.0,0.0
八年春王正月公侵齊門于陽州,八年 ， 春 ， 王 正月 ， 公 侵 齊 ， 門 于 陽州 。,，：八年春王正月公侵齊門于陽州。，。。，，，，。，,0.0,0.33333333333333337,0.0,1.0,0.0
士皆坐列曰“顏高之弓六鈞”,士 皆 坐 列 ， 曰 ： “ 顏高 之 弓 六 鈞 。 ”,士 皆 坐 列 曰 “顏  高 之 弓 六 鈞 ”,0.8333333333333334,0.0,0.8333333333333334,1.0,0.0
皆取而傳觀之,皆 取 而 傳 觀 之 。,皆 取 而 傳 觀 之,1.0,0.0,1.0,1.0,0.0
陽州人出顏高奪人弱弓籍丘子鉏擊之與一人俱斃,陽州人 出 ， 顏高 奪 人 弱 弓 ， 籍丘子鉏 擊 之 ， 與 一 人 俱 斃 。,陽州人 出顏 高奪  人 弱弓 籍丘子 鉏擊 之 與 一 人 俱 斃,0.5714285714285715,0.0,0.5714285714285715,1.0,0.0
偃且射子鉏中頰殪,偃 ， 且 射 子鉏 ， 中 頰 ， 殪 。,，。，。：偃且（）、射（，）、子鉏（）、中（）、頰（）、殪（）。。,0.0,0.2,0.0,1.0,0.0
顏息射人中眉退曰“我無勇吾志其目也”,顏息 射 人 中 眉 ， 退 曰 ： “ 我 無 勇 ， 吾 志 其 目 也 。 ”,顏 息 射  人 中 眉  退 曰 “  我 無 勇  吾 志 其 目 也  ” ,0.9142857142857143,0.0,0.9142857142857143,1.0,0.0
師退冉猛偽傷足而先,師 退 ， 冉猛 偽 傷 足 而 先 。,"：。""師""（），。""退""，，。""冉猛偽傷足而先""（""""",0.0,0.0,0.0,1.0,0.0
其兄會乃呼曰“猛也殿”,其 兄 會 乃 呼 曰 ： “ 猛 也 殿 ！ ”,其 兄 會 乃 呼 曰 “ 猛 也 殿 ”,1.0,0.0,1.0,1.0,0.0
二月己丑單子伐穀城劉子伐儀栗,二月己丑 ， 單子 伐 穀城 ， 劉子 伐 儀栗 。,，。，。：二月己丑單子伐穀城劉子伐儀栗。：- ：（），。- ：，，,0.0,0.5,0.0,1.0,0.0
辛卯單子伐簡城劉子伐盂以定王室,辛卯 ， 單子 伐 簡城 ， 劉子 伐 盂 ， 以 定 王室 。,"，。，。：- ""辛卯""，（），。- ""單子伐簡城""""劉子伐盂以定王室""，",0.16666666666666669,0.0,0.0,1.0,0.0
趙鞅言於晉侯曰“諸侯唯宋事晉好逆其使猶懼不至今又執之是絕諸侯也”,趙鞅 言 於 晉侯 曰 ： “ 諸侯 唯 宋 事 晉 ， 好 逆 其 使 ， 猶 懼 不 至 ； 今 又 執 之 ， 是 絕 諸侯 也 。 ”,趙 鞅 言 於 晉 侯 曰 “ 諸侯 唯 宋 事 晉 好 逆 其 使 猶 懼 不 至 今 又執  之 是 絕 諸侯 也 ”,0.8421052631578947,0.0,0.8421052631578947,1.0,0.0
將歸樂祁士鞅曰“三年止之無故而歸之宋必叛晉”,將 歸 樂祁 ， 士鞅 曰 ： “ 三 年 止 之 ， 無故 而 歸 之 ， 宋 必 叛 晉 。 ”,將歸   樂 祁 士 鞅 曰 “  三 年 止 之  無 故 而歸  之  宋 必 叛 晉  ” ,0.6153846153846154,0.0,0.6153846153846154,1.0,0.0
獻子私謂子梁曰“寡君懼不得事宋君是以止子子姑使溷代子”,獻子 私 謂 子梁 曰 ： “ 寡君 懼 不 得 事 宋君 ， 是以 止 子 。 子 姑 使 溷 代 子 。 ”,，：獻子私謂子梁曰“寡君懼不得事宋君是以止子子姑使溷代子”。，。。，，，。，，，，,0.0,0.0,0.0,1.0,0.0
子梁以告陳寅,子梁 以 告 陳寅 。,子梁以告陳寅，。，。，，。，、，,0.0,1.0,0.0,1.0,0.0
陳寅曰“宋將叛晉是棄溷也不如待之”,陳寅 曰 ： “ 宋 將 叛 晉 ， 是 棄 溷 也 ， 不如 待 之 。 ”,陳寅 曰 “ 宋 將 叛 晉 是棄溷也  不 如 待 之 ”,0.7142857142857142,0.0,0.7142857142857142,1.0,0.0
樂祁歸卒于大行,樂祁 歸 ， 卒 于 大行 。,樂祁歸    卒 于 大 行 ,0.4000000000000001,0.0,0.4000000000000001,1.0,0.0
士鞅曰“宋必叛不如止其尸以求成焉”,士鞅 曰 ： “ 宋 必 叛 ， 不如 止 其 尸 以 求 成 焉 。 ”,士 鞅 曰 “ 宋 必 叛 不 如 止 其 尸 以 求 成 焉 ”,0.8125,0.0,0.8125,1.0,0.0
乃止諸州,乃 止 諸州 。,乃 止 諸 州,0.5714285714285715,0.0,0.5714285714285715,1.0,0.0
公侵齊攻廩丘之郛,公 侵 齊 ， 攻 廩丘 之 郛 。,公 侵 齊 攻 廩 丘 之郛  ,0.5714285714285714,0.0,0.5714285714285714,1.0,0.0
主人焚沖或濡馬褐以救之遂毀之,主人 焚 沖 ， 或 濡 馬褐 以 救 之 ， 遂 毀 之 。,主人焚沖或濡馬褐以救之遂毀之，。，。，，。，、，。，,0.0,0.5,0.0,1.0,0.0
主人出師奔,主人 出 ， 師 奔 。,主人 出師 奔,0.5714285714285715,0.0,0.5714285714285715,1.0,0.0
陽虎偽不見冉猛者曰“猛在此必敗”,陽虎 偽 不 見 冉猛 者 ， 曰 ： “ 猛 在 此 ， 必 敗 。 ”,陽虎 偽 不 見 冉猛 者 曰 “ 猛 在 此 必敗  ”,0.888888888888889,0.0,0.888888888888889,1.0,0.0
猛逐之顧而無繼偽顛,猛 逐 之 ， 顧 而 無 繼 ， 偽 顛 。,，：猛逐之顧而無繼偽顛。，。：- ，。- ，。- ，,0.0,0.5,0.0,1.0,0.0
虎曰“盡客氣也”,虎 曰 ： “ 盡 客氣 也 。 ”,虎 曰 “盡  客 氣 也 ”,0.5714285714285714,0.0,0.5714285714285714,1.0,0.0
苫越生子將待事而名之,苫越 生 子 ， 將 待 事 而 名 之 。,苫 越 生 子 將 待 事 而 名 之,0.8421052631578948,0.0,0.8421052631578948,1.0,0.0
陽州之役獲焉名之曰陽州,陽州 之 役 獲 焉 ， 名 之 曰 陽州 。,"：，""陽州之役獲焉名之曰陽州""。，。。""""（），。""""，",0.0,0.6666666666666666,0.0,1.0,0.0
夏齊國夏高張伐我西鄙,夏 ， 齊 國夏 、 高張 伐 我 西鄙 。,"，。，。：""夏""，，。""齊國""，，。""夏高張伐我西鄙""",0.0,0.0,0.0,1.0,0.0
晉士鞅趙鞅荀寅救我,晉士鞅 、 趙鞅 、 荀寅 救 我 。,"，。，。：- ""晉""，（），，。- ：""士鞅 趙鞅荀寅救我 ",0.0,0.0,0.0,1.0,0.0
公會晉師于瓦范獻子執羔趙簡子中行文子皆執雁,公 會 晉師 于 瓦 ， 范獻子 執 羔 ， 趙簡子 、 中行文子 皆 執 雁 。,公會晉師，。：，于瓦。 ，（），。：- 范獻子執羔趙簡子中行文子皆執雁： ,0.0,0.0,0.0,1.0,0.0
魯於是始尚羔,魯 於 是 始 尚 羔 。,魯於 、 是 始 尚 羔 。,0.7272727272727272,0.6666666666666666,0.7272727272727272,1.0,0.48484848484848475
晉師將盟衛侯于鄟澤趙簡子曰“群臣誰敢盟衛君者”,晉師 將 盟 衛侯 于 鄟澤 ， 趙簡子 曰 ： “ 群 臣 誰 敢 盟 衛君 者 ？ ”,晉 師 將 盟衛  侯 于 鄟澤  趙 簡 子 曰 “ 群 臣 誰 敢 盟衛  君 者 ”,0.5945945945945946,0.0,0.5945945945945946,1.0,0.0
涉佗成何曰“我能盟之”,涉佗 、 成何 曰 ： “ 我 能 盟 之 。 ”,涉佗 成 何 曰 “ 我 能 盟 之 ”,0.8421052631578948,0.0,0.8421052631578948,1.0,0.0
衛人請執牛耳,衛人 請 執 牛耳 。,衛人 請執  牛 耳 。,0.25,1.0,0.25,1.0,0.25
成何曰“衛吾溫原也焉得視諸侯”,成何 曰 ： “ 衛 ， 吾 溫 、 原 也 ， 焉 得 視 諸侯 ？ ”,成 何 曰 “衛  吾 溫 原 也 焉 得 視 諸侯 ”,0.7692307692307693,0.0,0.7692307692307693,1.0,0.0
將歃涉佗捘衛侯之手及捥,將 歃 ， 涉佗 捘 衛侯 之 手 ， 及 捥 。,將歃涉佗捘衛侯之手及捥,0.0,0.0,0.0,1.0,0.0
衛侯怒王孫賈趨進曰“盟以信禮也有如衛君其敢不唯禮是事而受此盟也”,衛侯 怒 ， 王孫賈 趨進 ， 曰 ： “ 盟 以 信 禮 也 ， 有如 衛君 ， 其 敢 不 唯 禮 是 事 而 受 此 盟 也 ？ ”,衛侯怒 王孫賈趨進曰 “ 盟以信禮也有如衛君其敢不唯禮是事而受此盟也 ”,0.12903225806451613,0.0,0.12903225806451613,1.0,0.0
衛侯欲叛晉而患諸大夫,衛侯 欲 叛 晉 ， 而 患 諸 大夫 。,"：，""衛侯欲叛晉而患諸大夫""。，。。，：，",0.0,0.6666666666666666,0.0,1.0,0.0
王孫賈使次于郊,王孫賈 使 次 于 郊 。,王 孫 賈  使 次 于 郊 ,0.6666666666666666,0.0,0.6666666666666666,1.0,0.0
大夫問故公以晉詬語之且曰“寡人辱社稷其改卜嗣寡人從焉”,大夫 問 故 ， 公 以 晉 詬 語 之 ， 且 曰 ： “ 寡人 辱 社稷 ， 其 改卜 嗣 ， 寡人 從 焉 。 ”,，。，。：大夫問故公以晉詬語之且曰“寡人辱社稷其改卜嗣寡人從焉”。（），。：,0.0,0.0,0.0,1.0,0.0
大夫曰“是衛之禍豈君之過也”,大夫 曰 ： “ 是 衛 之 禍 ， 豈 君 之 過 也 ？ ”,，。，大夫曰，。：“是衛之禍豈君之過也”。。，：，。（,0.0,0.0,0.0,1.0,0.0
公曰“又有患焉謂寡人‘必以而子與大夫之子為質’”,公 曰 ： “ 又 有 患 焉 ， 謂 寡人 ‘ 必 以 而 子 與 大夫 之 子 為 質 ’ 。 ”,公 曰 “ 又 有 患 焉 謂 寡 人 ‘ 必 以 而 子 與 大 夫 之 子 為 質 ’ ”,0.8695652173913043,0.0,0.8695652173913043,1.0,0.0
大夫曰“茍有益也公子則往群臣之子敢不皆負羈紲以從”,大夫 曰 ： “ 茍 有益 也 ， 公子 則 往 ， 群 臣 之 子 敢 不 皆 負 羈紲 以 從 ？ ”,，。，。：大夫曰“茍有益也公子則往群臣之子敢不皆負羈紲以從”。，。，。，,0.0,0.0,0.0,1.0,0.0
將行王孫賈曰“茍衛國有難工商未嘗不為患使皆行而後可”,將 行 ， 王孫賈 曰 ： “ 茍 衛國 有 難 ， 工商 未嘗 不 為 患 ， 使 皆 行 而後 可 。 ”,將 行 王 孫 賈 曰 “茍衛   國 有 難 工 商 未 嘗 不 為 患 使 皆 行 而 後 可 ”,0.5909090909090908,0.0,0.5909090909090908,1.0,0.0
公以告大夫乃皆將行之,公 以 告 大夫 ， 乃 皆 將 行 之 。,公以告大夫乃皆將行之。,0.0,0.6666666666666666,0.0,1.0,0.0
行有日公朝國人使賈問焉曰“若衛叛晉晉五伐我病何如矣”,行 有 日 ， 公 朝 國人 ， 使 賈 問 焉 ， 曰 ： “ 若 衛 叛 晉 ， 晉 五 伐 我 ， 病 何 如 矣 ？ ”,，。，。：行有日公朝國人使賈問焉曰“若衛叛晉晉五伐我病何如矣”。，（），（）。，：,0.0,0.0,0.0,1.0,0.0
皆曰“五伐我猶可以能戰”,皆 曰 ： “ 五 伐 我 ， 猶 可以 能 戰 。 ”,，。，。：皆曰，，，。：“五伐我猶可以能戰”。,0.0,0.0,0.0,1.0,0.0
賈曰“然則如叛之病而後質焉何遲之有”,賈 曰 ： “ 然則 如 叛 之 ， 病 而後 質 焉 ， 何 遲 之 有 ？ ”,賈 曰 “ 然 則 如 叛 之 病 而 後 質 焉 何 遲 之 有 ”,0.823529411764706,0.0,0.823529411764706,1.0,0.0
乃叛晉,乃 叛 晉 。,乃 叛 晉 。,1.0,1.0,1.0,1.0,1.0
晉人請改盟弗許,晉人 請 改盟 ， 弗 許 。,晉人請改盟弗許，。，。，，。，、，,0.0,0.6666666666666666,0.0,1.0,0.0
秋晉士鞅會成桓公侵鄭圍蟲牢報伊闕也,秋 ， 晉士鞅 會 成桓公 侵 鄭 ， 圍 蟲牢 ， 報 伊闕 也 。,秋晉士鞅會成桓公侵鄭圍蟲牢報伊闕也，。，。，，。，、，。，。,0.0,0.4,0.0,1.0,0.0
遂侵衛,遂 侵 衛 。,遂 侵衛  、,0.4,0.0,0.4,1.0,0.0
九月師侵衛晉故也,九月 ， 師 侵 衛 ， 晉 故 也 。,九月 師 侵衛  晉 故 也,0.7692307692307692,0.0,0.7692307692307692,1.0,0.0
季寤公鉏極公山不狃皆不得志於季氏叔孫輒無寵於叔孫氏叔仲志不得志於魯故五人因陽虎,季寤 、 公鉏極 、 公山不狃 皆 不 得志 於 季氏 ， 叔孫輒 無 寵 於 叔孫氏 ， 叔仲志 不 得志 於 魯 ， 故 五 人 因 陽虎 。,季寤 公鉏 極 公山 不狃 皆 不得 志 於 季氏 叔孫 輒 無寵  於 叔孫 氏 叔仲 志 不得 志 於 魯 故 五 人 因陽 虎,0.39999999999999997,0.0,0.39999999999999997,1.0,0.0
陽虎欲去三桓以季寤更季氏以叔孫輒更叔孫氏己更孟氏,陽虎 欲 去 三桓 ， 以 季寤 更 季氏 ， 以 叔孫輒 更 叔孫氏 ， 己 更 孟氏 。,"，。，。：- ""陽虎""，（），。- ""欲去三桓以季寤更季氏以叔孫輒更叔孫氏己更孟氏""，""""，""""，，""""（",0.11764705882352941,0.0,0.0,1.0,0.0
冬十月順祀先公而祈焉,冬 十月 ， 順祀 先公 而 祈 焉 。,冬 十月 順 祀 先公 而 祈 焉,0.7999999999999999,0.0,0.7999999999999999,1.0,0.0
辛卯禘于僖公,辛卯 ， 禘 于 僖公 。,辛卯禘，。于僖公，。，，。，（）、，-，,0.0,0.5,0.0,1.0,0.0
壬辰將享季氏于蒲圃而殺之戒都車曰“癸巳至”,壬辰 ， 將 享 季氏 于 蒲圃 而 殺 之 ； 戒 都車 ， 曰 “ 癸巳 至 。 ”,壬辰將享季氏于蒲圃而殺之戒都車曰“癸巳至”,0.0,0.0,0.0,1.0,0.0
成宰公斂處父告孟孫曰“季氏戒都車何故”,成 宰 公斂處父 告 孟孫 曰 ： “ 季氏 戒 都車 ， 何故 ？ ”,成  宰公  斂  處父  告  孟孫  曰  “  季氏  戒  都車  何  故  ”  ？  。,0.6923076923076924,0.0,0.6923076923076924,1.0,0.0
孟孫曰“吾弗聞”,孟孫 曰 ： “ 吾 弗 聞 。 ”,孟 孫 曰 “ 吾 弗 聞 ”,0.7999999999999999,0.0,0.7999999999999999,1.0,0.0
處父曰“然則亂也必及於子先備諸”,處父 曰 ： “ 然則 亂 也 ， 必 及 於 子 ， 先 備 諸 。 ”,處父  曰  “  然  則  亂  也  必  及  於  子  先備    諸  ”  ？  。,0.7857142857142857,0.0,0.7857142857142857,1.0,0.0
與孟孫以壬辰為期,與 孟孫 以 壬辰 為 期 。,與 孟孫  以 壬辰  為 期 ,1.0,0.0,1.0,1.0,0.0
陽虎前驅,陽虎 前驅 。,陽 虎 前 驅,0.0,0.0,0.0,1.0,0.0
林楚御桓子虞人以鈹盾夾之陽越殿,林楚 御 桓子 ， 虞人 以 鈹 、 盾 夾 之 ， 陽越 殿 。,，。，。：- 林楚御：，，（），。- 桓子虞人以鈹盾夾之陽越殿：，,0.0,0.0,0.0,1.0,0.0
將如蒲圃,將 如 蒲圃 。,將 如 蒲 圃,0.5714285714285715,0.0,0.5714285714285715,1.0,0.0
桓子咋謂林楚曰“而先皆季氏之良也爾以是繼之”,桓子 咋 謂 林楚 曰 ： “ 而 先 皆 季氏 之 良 也 ， 爾 以 是 繼 之 。 ”,桓子 咋 謂 林楚 曰 “ 而 先 皆 季氏 之 良 也爾   以 是 繼 之 ”,0.918918918918919,0.0,0.918918918918919,1.0,0.0
對曰“臣聞命後陽虎為政魯國服焉違之徵死死無益於主”,對 曰 ： “ 臣 聞命 後 。 陽虎 為 政 ， 魯國 服 焉 ， 違 之 徵 死 ， 死 無益 於 主 。 ”,對 曰 “ 臣 聞 命 後陽 虎 為 政 魯 國 服 焉 違 之 徵 死 死 無 益 於 主 ”,0.7111111111111111,0.0,0.7111111111111111,1.0,0.0
桓子曰“何後之有而能以我適孟氏乎”,桓子 曰 ： “ 何 後 之 有 ？ 而 能 以 我 適 孟氏 乎 ？ ”,，。：桓子曰，。，，。，。“何後之有而能（），以我適孟氏乎。”，,0.0,0.0,0.0,1.0,0.0
對曰“不敢愛死懼不免主”,對 曰 ： “ 不 敢 愛 死 ， 懼 不 免 主 。 ”,，。，對曰，。，。：“不敢愛死懼不免主”。，。。，,0.0,0.0,0.0,1.0,0.0
桓子曰“往也”,桓子 曰 ： “ 往 也 ！ ”,桓子曰“往也”，。，。，，。，，,0.0,0.0,0.0,1.0,0.0
孟氏選圉人之壯者三百人以為公期筑室於門外,孟氏 選 圉人 之 壯 者 三百 人 ， 以 為 公期 筑 室 於 門外 。,孟氏 選 圉人 之 壯者 三 百 人以 為 公 期 筑 室 於 門 外,0.5161290322580646,0.0,0.5161290322580646,1.0,0.0
林楚怒馬及衢而騁,林楚 怒 馬 ， 及 衢 而 騁 。,林 楚 怒 馬 及 衢 而 騁 ,0.7999999999999999,0.0,0.7999999999999999,1.0,0.0
陽越射之不中,陽越 射 之 ， 不 中 。,陽 越 射 之 不 中,0.7272727272727272,0.0,0.7272727272727272,1.0,0.0
筑者闔門,筑者 闔 門 。,，：筑者闔門。，。：- ，，。。- ,0.0,1.0,0.0,1.0,0.0
有自門間射陽越殺之,有 自 門間 射 陽越 ， 殺 之 。,有 自 門 間 射陽   越 殺  之 ,0.5333333333333333,0.0,0.5333333333333333,1.0,0.0
陽虎劫公與武叔以伐孟氏,陽虎 劫 公 與 武叔 ， 以 伐 孟氏 。,，：陽虎劫公與武叔以伐孟氏。，。。，。，。：- ,0.0,0.6666666666666666,0.0,1.0,0.0
公斂處父帥成人自上東門入與陽氏戰于南門之內弗勝又戰于棘下陽氏敗,公斂處父 帥 成人 自 上東門 入 ， 與 陽氏 戰 于 南門 之 內 ， 弗 勝 ； 又 戰 于 棘下 ， 陽氏 敗 。,公斂處 父 帥 成人 自 上 東門 入 與陽 氏 戰 于 南門 之 內 弗勝 又 戰 于 棘 下陽 氏 敗,0.5909090909090909,0.0,0.5909090909090909,1.0,0.0
陽虎說甲如公宮取寶玉大弓以出舍于五父之衢寢而為食,陽虎 說 甲 如 公宮 ， 取 寶玉 、 大弓 以 出 ， 舍 于 五父之衢 ， 寢 而 為 食 。,陽虎 說  甲  如  公宮  取寶  玉  大弓  以  出  舍  于  五父之衢  寢  而  為  食  。,0.8823529411764706,0.33333333333333337,0.8823529411764706,1.0,0.29411764705882354
其徒曰“追其將至”,其 徒 曰 ： “ 追 其 將 至 。 ”,其徒  曰 “ 追 其 將 至 ”,0.823529411764706,0.0,0.823529411764706,1.0,0.0
虎曰“魯人聞餘出喜於徵死何暇追餘”,虎 曰 ： “ 魯人 聞 餘 出 ， 喜 於 徵 死 ， 何 暇 追 餘 ？ ”,虎 曰 “ 魯 人 聞 餘 出 喜 於 徵 死 何 暇 追 餘 ”,0.9090909090909091,0.0,0.9090909090909091,1.0,0.0
從者曰“嘻速駕公斂陽在”,從者 曰 ： “ 嘻 ！ 速 駕 ， 公斂陽 在 。 ”,從者  曰“  嘻  速  駕  公  斂陽    在  ”,0.6666666666666666,0.0,0.6666666666666666,1.0,0.0
公斂陽請追之孟孫弗許,公斂陽 請 追 之 ， 孟孫 弗 許 。,，：公斂陽請追之孟孫弗許。，。。，。，。：- ,0.0,0.6666666666666666,0.0,1.0,0.0
陽欲殺桓子孟孫懼而歸之,陽 欲 殺 桓子 ， 孟孫 懼 而 歸 之 。,，：陽欲殺桓子孟孫懼而歸之。，。。，。，。,0.0,0.6666666666666666,0.0,1.0,0.0
子言辨舍爵於季氏之廟而出,子 言辨 舍爵 於 季氏 之 廟 而 出 。,，：子言辨舍爵於季氏之廟而出。，。，，，。，。,0.0,1.0,0.0,1.0,0.0
陽虎入于讙陽關以叛,陽虎 入 于 讙 、 陽關 以 叛 。,"：，""陽虎入于讙陽關以叛""。，。。""""（），。，",0.0,0.6666666666666666,0.0,1.0,0.0
鄭駟歂嗣子大叔為政,鄭 駟歂 嗣子大叔 為 政 。,，。，。：- 鄭駟歂：，（），。- 嗣子大叔為政：,0.0,0.0,0.0,1.0,0.0
九年春宋公使樂大心盟于晉且逆樂祁之尸,九年 ， 春 ， 宋公 使 樂大心 盟 于 晉 ， 且 逆 樂祁 之 尸 。,，。，。：- 九年春：，，，。，。- 宋公使樂大心盟于晉且逆樂祁之尸：，，，,0.0,0.0,0.0,1.0,0.0
辭偽有疾乃使向巢如晉盟且逆子梁之尸,辭 ， 偽 有 疾 ； 乃 使 向巢 如 晉 盟 ， 且 逆 子梁 之 尸 。,辭 偽 有 疾 乃  使 向 巢 如 晉 盟 且  逆 子 梁 之 尸 ,0.8125,0.0,0.8125,1.0,0.0
子明謂桐門右師出曰“吾猶衰绖而子擊鐘何也”,子明 謂 桐門右師 出 ， 曰 ： “ 吾 猶 衰绖 ， 而 子 擊鐘 ， 何 也 ？ ”,子 明 謂 桐 門 右 師 出 曰 “ 吾 猶 衰绖  而 子 擊 鐘 何 也 ”,0.6857142857142857,0.0,0.6857142857142857,1.0,0.0
右師曰“喪不在此故也”,右師 曰 ： “ 喪 不 在 此 故 也 。 ”,右 師 曰 “喪  不 在 此 故 也 ”,0.7,0.0,0.7,1.0,0.0
既而告人曰“己衰绖而生子餘何故舍鐘”,既而 告 人 曰 ： “ 己 衰绖 而 生 子 ， 餘 何 故 舍 鐘 ？ ”,既 而 告 人 曰 “ 己 衰绖  而 生 子 餘 何 故 舍 鐘 ”,0.9090909090909091,0.0,0.9090909090909091,1.0,0.0
子明聞之怒言於公曰“右師將不利戴氏不肯適晉將作亂也不然無疾”,子明 聞 之 ， 怒 ， 言 於 公 曰 ： “ 右師 將 不 利 戴氏 。 不肯 適 晉 ， 將 作亂 也 。 不 然 ， 無 疾 。 ”,子 明 聞 之 怒 言 於 公 曰 “ 右 師 將 不 利 戴 氏 不肯  適 晉 將 作 亂 也 不 然 無 疾 ”,0.7777777777777777,0.0,0.7777777777777777,1.0,0.0
乃逐桐門右師,乃 逐 桐門右師 。,乃 逐 桐門 右師,0.5714285714285715,0.0,0.5714285714285715,1.0,0.0
鄭駟歂殺鄧析而用其竹刑,鄭 駟歂 殺 鄧析 ， 而 用 其 竹刑 。,鄭 駟歂 殺 鄧析 而  用 其 竹 刑 ,0.823529411764706,0.0,0.823529411764706,1.0,0.0
君子謂子然“於是不忠茍有可以加於國家者棄其邪可也靜女之三章取彤管焉竿旄何以告之取其忠也故用其道不棄其人詩云蔽芾甘棠勿翦勿伐召伯所茇思其人猶愛其樹況用其道而不恤其人乎子然無以勸能矣”,君子 謂 子然 ： “ 於 是 不 忠 。 茍 有 可以 加 於 國家 者 ， 棄 其 邪 可 也 。 《 靜女 》 之 三 章 ， 取 彤管 焉 。 《 竿旄 》 ： 何 以 告 之 ， 取 其 忠 也 。 故 用 其 道 ， 不 棄 其 人 。 《 詩 》 云 ： 蔽芾 甘棠 ， 勿 翦 勿 伐 ， 召伯 所 茇 。 思 其 人 ， 猶 愛 其 樹 ， 況 用 其 道 而 不 恤 其 人 乎 ！ 子然 無以 勸能 矣 。 ”,君子 謂 子然 “ 於是 不 忠茍  有 可 以 加 於 國家 者 棄 其 邪 可 也 靜 女 之 三 章 取 彤管焉竿   旄 何 以 告 之 取 其 忠 也 故 用 其 道 不 棄 其 人 詩云  蔽芾 甘棠 勿翦  勿 伐 召伯 所 茇 思 其 人 猶 愛 其 樹況  用 其 道 而 不 恤 其 人 乎 子然 無 以勸  能 矣 ”,0.794701986754967,0.0,0.794701986754967,1.0,0.0
夏陽虎歸寶玉大弓書曰“得”器用也,夏 ， 陽虎 歸 寶玉 、 大弓 ， 書 曰 “ 得 ” ， 器用 也 。,夏陽 虎歸寶  玉 大 弓 書 曰 “ 得 ” 器 用 也,0.48000000000000004,0.0,0.48000000000000004,1.0,0.0
凡獲器用曰“得”得用焉曰“獲”,凡 獲 器用 曰 “ 得 ” ， 得 用 焉 曰 “ 獲 ” 。,凡 獲 器 用 曰 “ 得 ” 得 用 焉 曰 “ 獲 ” 。,0.896551724137931,0.6666666666666666,0.896551724137931,1.0,0.5977011494252873
六月伐陽關,六月 ， 伐 陽關 。,六月伐陽關，。，。，，。，、,0.0,0.6666666666666666,0.0,1.0,0.0
陽虎使焚萊門,陽虎 使 焚 萊門 。,陽 虎  使  焚  萊  門  。,0.4,1.0,0.4,1.0,0.4
師驚犯之而出奔齊請師以伐魯曰“三加必取之”,師 驚 ， 犯 之 而 出奔 齊 ， 請 師 以 伐 魯 ， 曰 ： “ 三 加 ， 必 取 之 。 ”,師 驚 犯 之 而 出 奔 齊 請 師 以 伐 魯 曰 “ 三 加 必 取 之 ”,0.9268292682926829,0.0,0.9268292682926829,1.0,0.0
齊侯將許之,齊侯 將 許 之 。,齊侯將許之，。，。，，。，、,0.0,1.0,0.0,1.0,0.0
鮑文子諫曰“臣嘗為隸於施氏矣魯未可取也上下猶和眾庶猶睦能事大國而無天災若之何取之陽虎欲勤齊師也齊師罷大臣必多死亡己於是乎奮其詐謀夫陽虎有寵於季氏而將殺季孫以不利魯國而求容焉親富不親仁君焉用之君富於季氏而大於魯國茲陽虎所欲傾覆也魯免其疾而君又收之無乃害乎”,鮑文子 諫 曰 ： “ 臣 嘗 為 隸 於 施氏 矣 ， 魯 未 可 取 也 。 上下 猶 和 ， 眾庶 猶 睦 ， 能 事 大國 ， 而 無 天災 ， 若之何 取 之 ？ 陽虎 欲 勤 齊師 也 ， 齊師 罷 ， 大臣 必 多 死亡 ， 己 於 是 乎 奮 其 詐謀 。 夫 陽虎 有 寵 於 季氏 ， 而 將 殺 季孫 以 不 利 魯國 ， 而 求容 焉 。 親 富 不 親 仁 ， 君 焉 用 之 ？ 君 富 於 季氏 ， 而 大 於 魯國 ， 茲 陽虎 所 欲 傾覆 也 。 魯 免 其 疾 ， 而 君 又 收 之 ， 無乃 害 乎 ？ ”,，。，，。，。，。。，。，鮑文子、、、，。諫曰、、、、。，“臣嘗為隸於施氏矣魯未可取也、上下猶和、眾庶猶睦能、事大國而無天災若之何取之陽虎欲勤齊師也齊師罷大，。，臣必多死亡己於，，，是乎奮其詐謀夫陽虎有寵於季氏而將殺季孫以不利魯國而求容焉親富不親仁君焉。。用之君富於季氏而大於魯國茲陽虎所欲傾覆也魯免其疾而君又收之無乃害乎”，、、、、。，,0.0,0.0,0.0,1.0,0.0
齊侯執陽虎將東之,齊侯 執 陽虎 ， 將 東 之 。,齊侯執  陽虎 將 東 之,0.7272727272727272,0.0,0.7272727272727272,1.0,0.0
陽虎愿東乃囚諸西鄙,陽虎 愿 東 ， 乃 囚 諸 西鄙 。,陽 虎 愿 東  乃 囚 諸 西鄙  ,0.7999999999999999,0.0,0.7999999999999999,1.0,0.0
盡借邑人之車鍥其軸麻約而歸之,盡 借 邑人 之 車 ， 鍥 其 軸 ， 麻 約 而 歸 之 。,盡 借 邑人 之 車  鍥 其 軸  麻 約 而歸  之,0.8799999999999999,0.0,0.8799999999999999,1.0,0.0
載蔥靈寢於其中而逃,載 蔥靈 ， 寢 於 其中 而 逃 。,"，。，：（）。。：- ""載蔥靈寢於其""，中而逃""""""""，",0.0,0.0,0.0,1.0,0.0
追而得之囚於齊,追 而 得 之 ， 囚 於 齊 。,"，。，。""追而得之囚於齊""，。：- """"：，",0.0,0.6666666666666666,0.0,1.0,0.0
又以蔥靈逃奔宋遂奔晉適趙氏,又 以 蔥靈 逃 ， 奔 宋 ， 遂 奔 晉 ， 適 趙氏 。,"，。，。：- ""又""，，。- ""以""，""""""""。- ""蔥靈逃奔宋遂奔晉適趙氏""，",0.28571428571428575,0.0,0.0,1.0,0.0
仲尼曰“趙氏其世有亂乎”,仲尼 曰 ： “ 趙氏 其 世 有 亂 乎 ！ ”,"，。""仲尼曰"" ，。“趙氏其世有亂乎”，，。，。，。",0.0,0.0,0.0,1.0,0.0
秋齊侯伐晉夷儀,秋 ， 齊侯 伐 晉 夷儀 。,秋 齊侯 伐 晉 夷儀,1.0,0.0,1.0,1.0,0.0
敝無存之父將室之辭以與其弟曰“此役也不死反必娶於高國”,敝無存 之 父 將 室 之 ， 辭 ， 以 與 其 弟 ， 曰 ： “ 此 役 也 ， 不 死 ， 反 ， 必 娶 於 高 、 國 。 ”,"，。，。：- ""敝無存之父""，（""""，""""""""）。""將室之辭以與其弟曰“此役也不死反必娶於高國”""，""""，""""",0.0,0.0,0.0,1.0,0.0
先登求自門出死於溜下,先 登 ， 求 自 門 出 ， 死 於 溜 下 。,"：，""先登求自門出死於溜下""。，。。""""（），。",0.0,0.5,0.0,1.0,0.0
東郭書讓登犁彌從之曰“子讓而左我讓而右使登者絕而後下”,東郭書 讓 登 ， 犁彌 從 之 ， 曰 ： “ 子 讓 而 左 ， 我 讓 而 右 ， 使 登 者 絕 而後 下 。 ”,東郭書          讓        登犁彌從之曰“子讓   而左我讓而右使登者絕而 後 下 ”,0.26666666666666666,0.0,0.26666666666666666,1.0,0.0
書左彌先下,書 左 ， 彌 先 下 。,書 左 彌 先 下 。,1.0,0.6666666666666666,1.0,1.0,0.6666666666666666
書與王猛息,書 與 王猛 息 。,，：書與王猛息。，。：- ：，，，。- ,0.0,1.0,0.0,1.0,0.0
猛曰“我先登”,猛 曰 ： “ 我 先 登 。 ”,猛 曰 “ 我 先 登 ”,1.0,0.0,1.0,1.0,0.0
書斂甲曰“曩者之難今又難焉”,書 斂甲 ， 曰 ： “ 曩 者 之 難 ， 今 又 難 焉 ！ ”,書 斂 甲 曰 “曩者之 難 今 又 難 焉 ”,0.6666666666666667,0.0,0.6666666666666667,1.0,0.0
猛笑曰“吾從子如驂之有靳”,猛 笑 曰 ： “ 吾 從 子 ， 如 驂 之 有 靳 。 ”,猛笑  曰  “  吾  從  子  如  驂  之  有  靳  ”  。 ,0.8799999999999999,0.0,0.8799999999999999,1.0,0.0
晉車千乘在中牟衛侯將如五氏卜過之龜焦衛侯曰“可也衛車當其半寡人當其半敵矣”,晉 車 千 乘 在 中牟 ， 衛侯 將 如 五氏 ， 卜 過 之 ， 龜 焦 ， 衛侯 曰 ： “ 可 也 ！ 衛 車 當 其 半 ， 寡人 當 其 半 ， 敵 矣 。 ”,晉 車 千 乘 在 中牟衛 侯 將 如 五氏 卜 過 之 龜 焦衛 侯 曰 “ 可 也衛 車 當 其 半 寡人 當 其 半 敵 矣 ”,0.8253968253968254,0.0,0.8253968253968254,1.0,0.0
乃過中牟,乃 過 中牟 。,乃 過 中 牟 。,0.5714285714285715,1.0,0.5714285714285715,1.0,0.5714285714285715
中牟人欲伐之,中牟人 欲 伐 之 。,中牟人欲伐之，。，。，，。，、，,0.0,1.0,0.0,1.0,0.0
衛褚師圃亡在中牟曰“衛雖小其君在焉未可勝也齊師克城而驕其帥又賤遇必敗之不如從齊”,衛 褚師圃 亡 在 中牟 ， 曰 ： “ 衛 雖 小 ， 其 君 在 焉 ， 未 可 勝 也 。 齊師 克 城 而 驕 ， 其 帥 又 賤 ， 遇 ， 必 敗 之 ， 不如 從 齊 。 ”,衛 褚 師 圃 亡 在 中 牟 曰 “衛  雖 小 其 君 在 焉 ， 未 可 勝 也 ， 齊 師 克 城 而驕  ， 其 帥 又 賤 遇 ， 必 敗 之 ， 不 如 從 齊 ”,0.7397260273972601,0.5333333333333333,0.7397260273972601,1.0,0.3945205479452054
乃伐齊師敗之,乃 伐 齊師 ， 敗 之 。,乃 伐 齊 師 敗 之 。,0.7272727272727272,0.6666666666666666,0.7272727272727272,1.0,0.48484848484848475
齊侯致禚媚杏於衛,齊侯 致 禚 、 媚 、 杏 於 衛 。,齊侯 致禚    媚  杏  於  衛  。,0.7692307692307692,0.5,0.7692307692307692,1.0,0.3846153846153846
齊侯賞犁彌犁彌辭曰“有先登者臣從之晳幘而衣貍制”,齊侯 賞 犁彌 ， 犁彌 辭 曰 ： “ 有 先 登 者 ， 臣 從 之 ， 晳 幘 而 衣 貍制 。 ”,，。，。：齊侯賞犁彌犁彌辭曰“有先登者臣從之晳幘而衣貍制”。，，。：,0.0,0.0,0.0,1.0,0.0
公使視東郭書曰“乃夫子也吾貺子”,公 使 視 東郭書 ， 曰 ： “ 乃 夫 子 也 -- 吾 貺 子 。 ”,公 使 視 東 郭 書 曰 “ 乃 夫 子 也 吾 貺 子 ”,0.8666666666666666,0.0,0.8666666666666666,1.0,0.0
公賞東郭書辭曰“彼賓旅也”,公 賞 東郭書 ， 辭 曰 ： “ 彼 ， 賓旅 也 。 ”,公 賞 東郭 書 辭 曰 “ 彼賓 旅 也 ”,0.6666666666666666,0.0,0.6666666666666666,1.0,0.0
乃賞犁彌,乃 賞 犁彌 。,乃 賞 犁彌,1.0,0.0,1.0,1.0,0.0
齊師之在夷儀也齊侯謂夷儀人曰“得敝無存者以五家免”,齊師 之 在 夷儀 也 ， 齊侯 謂 夷儀人 曰 ： “ 得 敝無存 者 ， 以 五 家 免 。 ”,齊 師  之  在  夷儀  也  齊侯  謂  夷儀  人  曰  “  得  敝  無  存  者  以  五  家  免  ”  。 ,0.7499999999999999,0.0,0.7499999999999999,1.0,0.0
乃得其尸,乃 得 其 尸 。,乃 得 其 尸 。,1.0,1.0,1.0,1.0,1.0
公三禭之與之犀軒與直蓋而先歸之,公 三 禭 之 ， 與 之 犀軒 與 直蓋 ， 而 先 歸 之 。,公 三禭 之 與 之 犀軒 與 直 蓋 而 先歸  之,0.64,0.0,0.64,1.0,0.0
坐引者以師哭之親推之三,坐 引 者 ， 以 師 哭 之 ， 親 推 之 三 。,，。，。：- 坐引者：，。- 以師哭之親推：，，之三,0.0,0.0,0.0,1.0,0.0
十年春及齊平,十年 ， 春 ， 及 齊 平 。,十年春及齊平，。，。，，。，、，,0.0,0.5,0.0,1.0,0.0
夏公會齊侯于祝其實夾穀,夏 ， 公 會 齊侯 于 祝其 ， 實 夾穀 。,夏 公 會 齊侯 于 祝其實夾穀   、 〈 〉 《 》 「 」 『 』 〔 〕 ！ （ ） ， ． ： ； ？,0.7142857142857143,0.0,0.7142857142857143,1.0,0.0
孔丘相犁彌言於齊侯曰“孔丘知禮而無勇若使萊人以兵劫魯侯必得志焉”,孔丘 相 ， 犁彌 言 於 齊侯 曰 ： “ 孔丘 知禮 而 無 勇 ， 若 使 萊人 以 兵 劫 魯侯 ， 必 得志 焉 。 ”,孔丘 相 犁彌 言 於 齊侯 曰 “ 孔丘 知禮  而 無 勇 若 使 萊人 以 兵 劫 魯侯 必 得 志 焉 ”,0.9387755102040817,0.0,0.9387755102040817,1.0,0.0
齊侯從之,齊侯 從 之 。,齊侯從之，。，。，，。，、,0.0,1.0,0.0,1.0,0.0
孔丘以公退曰“士兵之兩君合好而裔夷之俘以兵亂之非齊君所以命諸侯也裔不謀夏夷不亂華俘不干盟兵不偪好於神為不祥於德為愆義於人為失禮君必不然”,孔丘 以 公 退 ， 曰 ： “ 士 兵 之 ！ 兩 君 合好 ， 而 裔夷 之 俘 以 兵 亂 之 ， 非 齊君 所以 命 諸侯 也 。 裔 不 謀 夏 ， 夷 不 亂 華 ， 俘 不 干 盟 ， 兵 不 偪 好 -- 於 神 為 不 祥 ， 於 德 為 愆 義 ， 於 人 為 失禮 ， 君 必 不 然 。 ”,孔丘  以  公  退  曰  “  士兵  之  兩  君  合  好  而  裔  夷  之俘    以  兵亂    之  非  齊  君  所  以  命  諸侯  也裔不      謀  夏  夷不亂      華俘不      干  盟  兵不    偪  好  於  神  為不祥於德為愆義於人為失禮君必不然”    ,0.45999999999999996,0.0,0.45999999999999996,1.0,0.0
齊侯聞之遽辟之,齊侯 聞 之 ， 遽 辟 之 。,齊侯聞  之 遽 辟 之 。,0.7272727272727272,0.6666666666666666,0.7272727272727272,1.0,0.48484848484848475
將盟齊人加於載書曰“齊師出竟而不以甲車三百乘從我者有如此盟”,將 盟 ， 齊人 加 於 載書 曰 ： “ 齊師 出竟 而 不 以 甲車 三百 乘 從 我 者 ， 有如 此 盟 ！ ”,，。，。：將盟齊人加於載書曰。（），。“齊師出竟而不以甲車三百乘從我者有如此盟”，,0.0,0.0,0.0,1.0,0.0
孔丘使茲無還揖對曰“而不反我汶陽之田吾以共命者亦如之”,孔丘 使 茲無還 揖 對 ， 曰 ： “ 而 不 反 我 汶陽 之 田 ， 吾 以 共命 者 亦 如 之 ！ ”,孔丘  使  茲  無  還  揖  對  曰  “  而  不  反  我  汶陽    之  田  吾  以  共  命  者  亦  如  之  ”  。,0.8510638297872342,0.0,0.8510638297872342,1.0,0.0
齊侯將享公,齊侯 將 享 公 。,齊侯將享公，。，。，，。，、,0.0,1.0,0.0,1.0,0.0
孔丘謂梁丘據曰“齊魯之故吾子何不聞焉事既成矣而又享之是勤執事也且犧象不出門嘉樂不野合饗而既具是棄禮也若其不具用秕稗也用秕稗君辱棄禮名惡子盍圖之夫享所以昭德也不昭不如其已也”,孔丘 謂 梁丘據 曰 ： “ 齊 、 魯 之 故 ， 吾子 何 不 聞 焉 ？ 事 既 成 矣 ， 而 又 享 之 ， 是 勤 執事 也 。 且 犧 、 象 不 出門 ， 嘉樂 不 野合 。 饗 而 既 具 ， 是 棄禮 也 ； 若 其 不 具 ， 用 秕稗 也 。 用 秕稗 ， 君 辱 ； 棄禮 ， 名 惡 。 子 盍 圖 之 ！ 夫 享 ， 所 以 昭德 也 。 不 昭 ， 不如 其 已 也 。 ”,，。，，。：。，，。，，，。：孔丘謂梁丘據曰“齊魯之故吾子何不聞焉事既成矣而又享之是勤執事也且犧象不出門嘉樂不野合饗而既具是棄禮也若其不具用秕稗也用秕稗君辱棄禮名惡子盍圖之夫享所以昭德也不昭不如其已也”。，,0.0,0.0,0.0,1.0,0.0
乃不果享,乃 不 果 享 。,乃 不 果 享,1.0,0.0,1.0,1.0,0.0
齊人來歸鄆讙龜陰之田,齊人 來 歸 鄆 、 讙 、 龜陰 之 田 。,，：齊人來歸鄆讙龜陰之田。，。。，。，。,0.0,0.5,0.0,1.0,0.0
晉趙鞅圍衛報夷儀也,晉 趙鞅 圍 衛 ， 報 夷儀 也 。,，。：晉趙鞅圍衛報夷儀也。，，（），。，，,0.0,0.6666666666666666,0.0,1.0,0.0
初衛侯伐邯鄲午於寒氏城其西北而守之宵熸,初 ， 衛侯 伐 邯鄲午 於 寒氏 ， 城 其 西北 而 守 之 ， 宵 熸 。,初衛 侯 伐 邯鄲午 於 寒氏 城 其 西北 而 守 之  宵 熸 ,0.8571428571428571,0.0,0.8571428571428571,1.0,0.0
及晉圍衛午以徒七十人門於衛西門殺人於門中曰“請報寒氏之役”,及 晉 圍 衛 ， 午 以 徒 七十 人 門 於 衛 西門 ， 殺 人 於 門中 ， 曰 ： “ 請 報 寒氏 之 役 。 ”,"及晉圍衛午以徒，。：，七十人門於衛西門殺人於門中曰“請報，寒氏之役”。，""""（），。""""""""，，。""""",0.0,0.0,0.0,1.0,0.0
涉佗曰“夫子則勇矣然我往必不敢啟門”,涉佗 曰 ： “ 夫 子 則 勇 矣 ； 然 我 往 ， 必 不 敢 啟 門 。 ”,涉佗 曰 “ 夫子 則 勇 矣 然 我 往 必 不 敢 啟 門 ”,0.9090909090909091,0.0,0.9090909090909091,1.0,0.0
亦以徒七十人旦門焉步左右皆至而立如植,亦 以 徒 七十 人 旦 門 焉 ， 步 左右 ， 皆 至 而 立 如 植 。,亦 以  徒  七十人  旦  門  焉  步  左右  皆  至  而  立  如  植  。,0.9032258064516129,0.5,0.9032258064516129,1.0,0.45161290322580644
日中不啟門乃退,日中 不 啟 門 ， 乃 退 。,日 中 不 啟 門 乃 退,0.7692307692307692,0.0,0.7692307692307692,1.0,0.0
反役晉人討衛之叛故曰“由涉佗成何”,反 役 ， 晉人 討 衛 之 叛 故 ， 曰 ： “ 由 涉佗 、 成何 。 ”,，。，。反役，，，。晉人，，，。討衛之叛故曰“由涉佗成何”，,0.0,0.0,0.0,1.0,0.0
於是執涉佗以求成於衛,於 是 執 涉佗 ， 以 求成 於 衛 。,於是執   涉佗 以 求 成 於衛  。,0.28571428571428575,0.6666666666666666,0.28571428571428575,1.0,0.1904761904761905
衛人不許,衛人 不 許 。,衛人不許，。，。，，。，、,0.0,1.0,0.0,1.0,0.0
晉人遂殺涉佗成何奔燕,晉人 遂 殺 涉佗 ， 成何 奔 燕 。,晉，。：人遂殺涉佗成何奔燕。，，，（），。,0.0,0.5,0.0,1.0,0.0
君子曰“此之謂棄禮必不鈞詩曰‘人而無禮胡不遄死’涉佗亦遄矣哉”,君子 曰 ： “ 此 之 謂 棄禮 ， 必 不 鈞 。 《 詩 》 曰 ： ‘ 人 而 無禮 ， 胡 不 遄死 ？ ’ 涉佗 亦 遄 矣 哉 ！ ”,君 子 曰 “ 此 之謂  棄禮  必 不 鈞 詩 曰 ‘ 人 而 無禮  胡 不 遄 死 ’ 涉 佗 亦 遄 矣 哉 ”,0.7777777777777779,0.0,0.7777777777777779,1.0,0.0
初叔孫成子欲立武叔公若藐固諫曰“不可”,初 ， 叔孫成子 欲 立 武叔 ， 公若藐 固 諫 曰 ： “ 不 可 。 ”,初 叔孫 成子 欲 立 武叔 公 若 藐 固 諫 曰 “ 不可 ”,0.6428571428571429,0.0,0.6428571428571429,1.0,0.0
成子立之而卒,成子 立 之 而 卒 。,成子立之，。，。，，。，、，而卒,0.0,0.0,0.0,1.0,0.0
公南使賊射之不能殺,公南 使 賊 射 之 ， 不 能 殺 。,公 南  使  賊  射  之  不  能  殺  。,0.823529411764706,0.6666666666666666,0.823529411764706,1.0,0.5490196078431373
公南為馬正使公若為郈宰,公南 為 馬正 ， 使 公若 為 郈宰 。,"，。，。：- ""公南為馬正使""：""公若為郈宰""""""（）。",0.0,0.5,0.0,1.0,0.0
武叔既定使郈馬正侯犯殺公若弗能,武叔 既定 ， 使 郈 馬正 侯犯 殺 公若 ， 弗 能 。,，。，。：- 武叔：，，。- 既定：，，，。- 使郈馬正侯犯殺公若弗能,0.30769230769230765,0.0,0.0,1.0,0.0
其圉人曰“吾以劍過朝公若必曰‘誰之劍也’吾稱子以告必觀之吾偽固而授之末則可殺也”,其 圉人 曰 ： “ 吾 以 劍 過 朝 ， 公若 必 曰 ： ‘ 誰 之 劍 也 ？ ’ 吾 稱 子 以 告 ， 必 觀 之 。 吾 偽 固 而 授 之 末 ， 則 可 殺 也 。 ”,其圉 人 曰 “ 吾 以劍  過 朝 公 若 必 曰 ‘ 誰 之劍  也 ’ 吾 稱 子 以 告 必 觀 之 吾 偽 固 而 授 之 末 則 可 殺 也 ”,0.8266666666666665,0.0,0.8266666666666665,1.0,0.0
使如之,使 如 之 。,使  如  之  。,1.0,1.0,1.0,1.0,1.0
公若曰“爾欲吳王我乎”,公若 曰 ： “ 爾 欲 吳王 我 乎 ？ ”,，。，公若曰，。：“爾欲吳王我乎”。，。，。，,0.0,0.0,0.0,1.0,0.0
遂殺公若,遂 殺 公若 。,遂 殺 公 若,0.5714285714285715,0.0,0.5714285714285715,1.0,0.0
侯犯以郈叛武叔懿子圍郈,侯犯 以 郈 叛 ， 武叔懿子 圍 郈 。,，。，。：- 侯犯：，，。- 以郈叛武叔懿子圍郈：，，,0.22222222222222224,0.0,0.0,1.0,0.0
弗克,弗 克 。,弗 克,1.0,0.0,1.0,1.0,0.0
秋二子及齊師復圍郈弗克,秋 ， 二 子 及 齊師 復 圍 郈 ， 弗 克 。,秋二子及齊師復圍郈弗克，。，。，，。，、，。,0.0,0.5,0.0,1.0,0.0
叔孫謂郈工師駟赤曰“郈非唯叔孫氏之憂社稷之患也將若之何”,叔孫 謂 郈 工師 駟赤 曰 ： “ 郈 非 唯 叔孫氏 之 憂 ， 社稷 之 患 也 ， 將 若之何 ？ ”,叔 孫 謂 郈 工 師 駟 赤 曰 “ 郈 非 唯 叔 孫 氏 之 憂 社 稷 之 患 也 將 若 之 何 ”,0.5833333333333334,0.0,0.5833333333333334,1.0,0.0
對曰“臣之業在揚水卒章之四言矣”,對 曰 ： “ 臣 之 業 在 《 揚水 》 卒章 之 四言 矣 。 ”,對 曰 “ 臣 之 業 在揚  水 卒 章 之 四 言 矣 ”,0.6428571428571429,0.0,0.6428571428571429,1.0,0.0
叔孫稽首,叔孫 稽首 。,，，叔孫稽首。，。，，。。,0.0,1.0,0.0,1.0,0.0
駟赤謂侯犯曰“居齊魯之際而無事必不可矣子盍求事於齊以臨民不然將叛”,駟赤 謂 侯犯 曰 ： “ 居 齊 、 魯 之 際 而 無 事 ， 必 不可 矣 。 子 盍 求 事 於 齊 以 臨 民 ？ 不 然 ， 將 叛 。 ”,駟赤 謂 侯犯 曰 “ 居 齊魯 之際  而 無 事 必 不 可 矣 子 盍 求 事 於 齊 以 臨 民不然 ；   將 叛 ”,0.7719298245614035,0.0,0.7719298245614035,1.0,0.0
侯犯從之,侯犯 從 之 。,，：侯犯從之。，。，，，，，,0.0,1.0,0.0,1.0,0.0
齊使至,齊使 至 。,齊 使 至 。,0.4,1.0,0.4,1.0,0.4
駟赤與郈人為之宣言於郈中曰“侯犯將以郈易于齊齊人將遷郈民”,駟赤 與 郈人 為 之 宣言 於 郈中 曰 ： “ 侯犯 將 以 郈 易 于 齊 ， 齊人 將 遷 郈民 。 ”,，。，。：- 駟赤，（），。- 與，，。- 郈人，。- 為之宣言於郈中曰，“侯犯將以郈易于齊齊人將遷郈民”,0.23076923076923075,0.0,0.0,1.0,0.0
眾兇懼,眾 兇懼 。,眾 兇 懼,0.4,0.0,0.4,1.0,0.0
駟赤謂侯犯曰“眾言異矣子不如易於齊與其死也猶是郈也而得紓焉何必此齊人欲以此偪魯必倍與子地且盍多舍甲於子之門以備不虞”,駟赤 謂 侯犯 曰 ： “ 眾 言 異 矣 。 子 不如 易 於 齊 ， 與其 死 也 ， 猶 是 郈 也 ， 而 得 紓 焉 ， 何必 此 ？ 齊人 欲 以 此 偪 魯 ， 必 倍 與 子 地 。 且 盍 多 舍 甲 於 子 之 門 以 備 不虞 。 ”,駟赤 謂  侯犯 曰 “  眾  言  異  矣  子  不如  易  於  齊  與  其  死  也  猶  是  郈  也  而  得  紓  焉  何  必  此  齊  人  欲  以  此  偪  魯  必  倍  與  子  地  且  盍  多舍甲於子之門以備不虞” ,0.7789473684210527,0.0,0.7789473684210527,1.0,0.0
侯犯曰“諾”,侯犯 曰 ： “ 諾 。 ”,侯 犯 曰 “ 諾 ”,0.7272727272727272,0.0,0.7272727272727272,1.0,0.0
乃多舍甲焉,乃 多 舍 甲 焉 。,乃 多 舍 甲 焉,1.0,0.0,1.0,1.0,0.0
侯犯請易於齊齊有司觀郈,侯犯 請 易 於 齊 ， 齊 有司 觀 郈 。,"，。，。：""侯犯""，，。""請易""，。""於""，。""齊齊有司觀郈""，。",0.0,0.3333333333333333,0.0,1.0,0.0
將至駟赤使周走呼曰“齊師至矣”,將 至 ， 駟赤 使 周 走 呼 曰 ： “ 齊師 至 矣 ！ ”,將 至 駟 赤  使 周 走 呼 曰 “  齊 師 至 矣 ” ,0.7857142857142856,0.0,0.7857142857142856,1.0,0.0
郈人大駭介侯犯之門甲以圍侯犯,郈人 大 駭 ， 介 侯犯 之 門甲 ， 以 圍 侯犯 。,，。，。：- 郈人：，。- 大駭：，。- 介侯：，。- 犯之門甲以圍侯犯,0.14285714285714288,0.0,0.0,1.0,0.0
駟赤將射之侯犯止之曰“謀免我”,駟赤 將 射 之 ， 侯犯 止 之 曰 ： “ 謀 免 我 。 ”,駟赤 將 射 之 侯 犯 止 之 曰 “ 謀 免 我 ”,0.888888888888889,0.0,0.888888888888889,1.0,0.0
侯犯請行許之,侯犯 請 行 ， 許 之 。,侯犯請行許之，。，。，，。，、，,0.0,0.6666666666666666,0.0,1.0,0.0
駟赤先如宿侯犯殿,駟赤 先 如 宿 ， 侯犯 殿 。,駟赤先如宿侯犯殿。,0.0,0.6666666666666666,0.0,1.0,0.0
每出一門郈人閉之,每 出 一 門 ， 郈人 閉 之 。,每 出 一 門  郈 人閉   之 ,0.7142857142857143,0.0,0.7142857142857143,1.0,0.0
及郭門止之曰“子以叔孫氏之甲出有司若誅之群臣懼死”,及 郭門 ， 止 之 ， 曰 ： “ 子 以 叔孫氏 之 甲 出 ， 有司 若 誅 之 ， 群 臣 懼 死 。 ”,及 郭門 止 之 曰 “ 子  以 叔孫 氏 之 甲 出  有 司 若 誅 之  群 臣 懼 死 ”,0.8636363636363636,0.0,0.8636363636363636,1.0,0.0
駟赤曰“叔孫氏之甲有物吾未敢以出”,駟赤 曰 ： “ 叔孫氏 之 甲 有 物 ， 吾 未 敢 以 出 。 ”,駟赤 曰 “ 叔孫氏 之 甲 有 物 吾 未 敢 以 出 ”,1.0,0.0,1.0,1.0,0.0
犯謂駟赤曰“子止而與之數”,犯 謂 駟赤 曰 ： “ 子 止 而 與 之 數 。 ”,犯 謂 駟赤 曰 “ 子 止 而與  之 數 ”,0.8695652173913043,0.0,0.8695652173913043,1.0,0.0
駟赤止而納魯人,駟赤 止 ， 而 納 魯人 。,駟赤止而納魯人。,0.0,0.6666666666666666,0.0,1.0,0.0
侯犯奔齊,侯犯 奔 齊 。,，：侯犯奔齊。，。，，。，。,0.0,1.0,0.0,1.0,0.0
齊人乃致郈,齊人 乃 致 郈 。,齊人 乃 致 郈 。,1.0,1.0,1.0,1.0,1.0
宋公子地嬖蘧富獵十一分其室而以其五與之,宋 公子地 嬖 蘧富獵 ， 十一 分 其 室 ， 而 以 其 五 與 之 。,"，。，。：""宋公子地""，（）。""嬖""，。""蘧富獵""，，。""十一分其室而以其五與之""",0.0,0.0,0.0,1.0,0.0
公子地有白馬四公嬖向魋魋欲之,公子地 有 白馬 四 ， 公 嬖 向魋 ， 魋 欲 之 。,公子地有白馬四公嬖向魋魋欲之，。，。，，。，、，。，,0.0,0.5,0.0,1.0,0.0
公取而朱其尾鬣以與之,公 取 而 朱 其 尾 、 鬣 以 與 之 。,公 取 而  朱 其 尾鬣   以 與 之 ,0.8421052631578948,0.0,0.8421052631578948,1.0,0.0
地怒使其徒抶魋而奪之,地 怒 ， 使 其 徒 抶 魋 而 奪 之 。,"：，""地怒使其徒抶魋而奪之""。，。。""""（），。",0.0,0.6666666666666666,0.0,1.0,0.0
魋懼將走公閉門而泣之目盡腫,魋 懼 ， 將 走 ， 公 閉 門 而 泣 之 ， 目 盡 腫 。,魋 懼 將 走 公 閉門 而 泣 之 目盡  腫,0.7500000000000001,0.0,0.7500000000000001,1.0,0.0
母弟辰曰“子分室以與臘也而獨卑魋亦有頗焉子為君禮不過出竟君必止子”,母弟 辰 曰 ： “ 子 分 室 以 與 臘 也 ， 而 獨 卑 魋 ， 亦 有 頗 焉 。 子 為 君 禮 ， 不過 出 竟 ， 君 必 止 子 。 ”,母弟 辰 曰 “ 子 分 室 以 與 臘 也 而 獨 卑魋  亦 有 頗 焉 子 為 君禮  不過 出 竟 君 必 止 子 ”,0.9,0.0,0.9,1.0,0.0
公子地出奔陳公弗止,公子地 出奔 陳 ， 公 弗 止 。,公子地出奔陳公弗止，。，。，，。，、，。,0.0,0.6666666666666666,0.0,1.0,0.0
辰為之請弗聽,辰 為 之 請 ， 弗 聽 。,辰為之請弗聽，。，。，，。，、，,0.0,0.6666666666666666,0.0,1.0,0.0
辰曰“是我迋吾兄也吾以國人出君誰與處”,辰 曰 ： “ 是 我 迋 吾 兄 也 。 吾 以 國人 出 ， 君 誰 與 處 ？ ”,辰 曰 “ 是 我 迋 吾 兄 也 吾 以 國人 出 君 誰 與 處 ”,1.0,0.0,1.0,1.0,0.0
冬母弟辰暨仲佗石彄出奔陳,冬 ， 母弟 辰 暨 仲佗 、 石彄 出奔 陳 。,冬母弟辰暨仲佗石彄出奔陳，。，。，，。，、，。,0.0,0.5,0.0,1.0,0.0
武叔聘于齊齊侯享之曰“子叔孫若使郈在君之他竟寡人何知焉屬與敝邑際故敢助君憂之”,武叔 聘 于 齊 ， 齊侯 享 之 ， 曰 ： “ 子叔孫 ！ 若 使 郈 在 君 之 他 竟 ， 寡人 何 知 焉 ？ 屬 與 敝邑 際 ， 故 敢 助 君 憂 之 。 ”,武叔 聘 于 齊  齊侯 享 之 曰 “  子叔孫 若 使 郈 在 君 之 他 竟 寡人 何 知 焉  屬 與 敝邑 際 故 敢 助 君 憂 之  ”,1.0,0.0,1.0,1.0,0.0
對曰“非寡君之望也所以事君封疆社稷是以敢以家隸勤君之執事夫不令之臣天下之所惡也君豈以為寡君賜”,對 曰 ： “ 非 寡君 之 望 也 。 所以 事 君 ， 封疆 社稷 是 以 ， 敢 以 家隸 勤 君 之 執事 ？ 夫 不令 之 臣 ， 天下 之 所 惡 也 ， 君 豈 以 為 寡君 賜 ？ ”,對 曰 “ 非 寡 君 之 望 也 所 以 事 君 封 疆 社 稷 ， 是 以 敢 以 家 隸 勤 君 之執  事 ， 夫 不 令 之 臣 ， 天 下 之 所 惡 也 ， 君 豈 以 為 寡 君 賜 ”,0.6666666666666666,0.3333333333333333,0.6666666666666666,1.0,0.2222222222222222
十一年春宋公母弟辰暨仲佗石彄公子地入于蕭以叛,十一年 ， 春 ， 宋公 母弟 辰 暨 仲佗 、 石彄 、 公子地 入 于 蕭 以 叛 。,，。，。，，。，、，。，。：十一年春宋公母弟辰暨仲佗石彄公子地入于蕭以叛,0.0,0.0,0.0,1.0,0.0
秋樂大心從之大為宋患寵向魋故也,秋 ， 樂大心 從 之 ， 大 為 宋 患 ， 寵 向魋 故 也 。,秋樂大心從之大為宋患寵向魋故也。,0.0,0.4,0.0,1.0,0.0
冬及鄭平始叛晉也,冬 ， 及 鄭 平 ， 始 叛 晉 也 。,冬 及 鄭 平 始 叛 晉 也,1.0,0.0,1.0,1.0,0.0
十二年夏衛公孟彄伐曹克郊,十二年 ， 夏 ， 衛公孟彄 伐 曹 ， 克 郊 。,，：十二年夏衛公孟彄伐曹克郊。，。。，，。，,0.0,0.4,0.0,1.0,0.0
還滑羅殿,還 ， 滑羅 殿 。,還滑羅殿，。，，。，（）、，-:、。，,0.0,0.6666666666666666,0.0,1.0,0.0
未出不退於列,未 出 ， 不 退 於 列 。,未 出 不 退 於 列,1.0,0.0,1.0,1.0,0.0
其御曰“殿而在列其為無勇乎”,其 御 曰 ： “ 殿 而 在 列 ， 其 為 無 勇 乎 ！ ”,其  御  曰  “  殿  而  在  列  其  為  無  勇  乎  ”  ？  。,1.0,0.0,1.0,1.0,0.0
羅曰“與其素厲寧為無勇”,羅 曰 ： “ 與其 素 厲 ， 寧 為 無 勇 。 ”,"：，""羅曰“與其素厲寧為無勇”""。，""""。，，。：- """" ，。-",0.0,0.0,0.0,1.0,0.0
仲由為季氏宰將墮三都於是叔孫氏墮郈,仲由 為 季氏 宰 ， 將 墮 三都 ， 於是 叔孫氏 墮 郈 。,"，。，。：""仲由為季氏宰""，（）（）。""將墮三都於是叔孫氏""，""墮郈""，""""。""",0.0,0.3333333333333333,0.0,1.0,0.0
季氏將墮費公山不狃叔孫輒帥費人以襲魯,季氏 將 墮 費 ， 公山不狃 、 叔孫輒 帥 費人 以 襲 魯 。,季氏 將 墮 費  公山  不狃    叔孫輒    帥  費  人  以  襲  魯  。,0.7500000000000001,0.5,0.7500000000000001,1.0,0.37500000000000006
公與三子入于季氏之宮登武子之臺,公 與 三 子 入 于 季氏 之 宮 ， 登 武子 之 臺 。,公 與 三 子 入 于 季 氏 之 宮 登 武 子 之臺  。,0.6666666666666666,0.6666666666666666,0.6666666666666666,1.0,0.4444444444444444
費人攻之弗克,費人 攻 之 ， 弗 克 。,費人攻之弗克，。，。，，。，、，,0.0,0.6666666666666666,0.0,1.0,0.0
入及公側仲尼命申句須樂頎下伐之費人北,入 及 公 側 ， 仲尼 命 申句須 、 樂頎 下 ， 伐 之 ， 費人 北 。,入 及 公 側 仲尼 命 申 句須樂頎  下 伐 之 費 人 北,0.7407407407407408,0.0,0.7407407407407408,1.0,0.0
國人追之敗諸姑蔑,國人 追 之 ， 敗 諸 姑蔑 。,國人追之敗諸姑蔑，。，。，，。，、，,0.0,0.6666666666666666,0.0,1.0,0.0
二子奔齊遂墮費,二 子 奔 齊 ， 遂 墮 費 。,二 子 奔 齊 遂 墮 費,1.0,0.0,1.0,1.0,0.0
將墮成公斂處父謂孟孫“墮成齊人必至于北門,將 墮 成 ， 公斂處父 謂 孟孫 ： “ 墮 成 ， 齊人 必 至 于 北門 。,將 墮 成 公 斂 處 父 謂 孟 孫 “ 墮 成 齊 人 必 至 于 北 門,0.588235294117647,0.0,0.588235294117647,1.0,0.0
且成孟氏之保障也,且 成 ， 孟氏 之 保障 也 。,且 成 孟氏  之 保障  也 ,1.0,0.0,1.0,1.0,0.0
無成是無孟氏也,無 成 ， 是 無 孟氏 也 。,無 成 是 無 孟 氏 也,0.7692307692307692,0.0,0.7692307692307692,1.0,0.0
子偽不知我將不墮”,子 偽 不 知 ， 我 將 不 墮 。 ”,子 偽 不 知 我 將  不 墮 ”,1.0,0.0,1.0,1.0,0.0
冬十二月公圍成弗克,冬 ， 十二月 ， 公 圍 成 ， 弗 克 。,冬十二月公圍成弗克，。，。，，。，、，,0.0,0.4,0.0,1.0,0.0
十三年春齊侯衛侯次于垂葭實郥氏,十三年 ， 春 ， 齊侯 、 衛侯 次 于 垂葭 ， 實 郥氏 。,，。，《》。：- 十三年春：，，。，。- 齊侯衛侯次于垂葭實郥氏：,0.0,0.0,0.0,1.0,0.0
使師伐晉,使 師 伐 晉 。,使 師 伐 晉 。,1.0,1.0,1.0,1.0,1.0
將濟河諸大夫皆曰不可邴意茲曰“可銳師伐河內傳必數日而後及絳絳不三月不能出河則我既濟水矣”,將 濟 河 ， 諸 大夫 皆 曰 不 可 ， 邴意茲 曰 ： “ 可 。 銳師 伐 河內 ， 傳 必 數 日 而後 及 絳 。 絳 不 三 月 不 能 出 河 ， 則 我 既 濟 水 矣 。 ”,將 濟河 諸 大夫 皆 曰 不可 邴 意茲 曰 “ 可 銳 師 伐 河內 傳 必 數 日 而 後 及 絳 絳 不 三月 不能 出 河 則 我 既 濟 水 矣 ”,0.7200000000000001,0.0,0.7200000000000001,1.0,0.0
乃伐河內,乃 伐 河內 。,乃 伐 河 內,0.5714285714285715,0.0,0.5714285714285715,1.0,0.0
齊侯皆斂諸大夫之軒唯邴意茲乘軒,齊侯 皆 斂 諸 大夫 之 軒 ， 唯 邴意茲 乘 軒 。,"，。，。：""齊侯""，，。""皆斂諸大夫之軒唯邴""""""，意茲乘軒，。""",0.0,0.4,0.0,1.0,0.0
齊侯欲與衛侯乘與之宴而駕乘廣載甲焉,齊侯 欲 與 衛侯 乘 ， 與 之 宴 而 駕 乘廣 ， 載 甲 焉 。,"，。，。：- ""齊侯""，（），。- ""欲與衛侯乘""""""，""與之宴而駕乘廣載甲焉""",0.125,0.3333333333333333,0.0,1.0,0.041666666666666664
使告曰“晉師至矣”,使 告 曰 ： “ 晉師 至 矣 ！ ”,使 告 曰 “ 晉 師 至 矣 ”,0.823529411764706,0.0,0.823529411764706,1.0,0.0
齊侯曰“比君之駕也寡人請攝”,齊侯 曰 ： “ 比 君 之 駕 也 ， 寡人 請 攝 。 ”,，。，齊侯曰，。：“比君之駕也寡人請攝”。，，。，。，,0.0,0.0,0.0,1.0,0.0
乃介而與之乘驅之,乃 介 而 與 之 乘 ， 驅 之 。,乃 介 而 與 之 乘 驅 之,1.0,0.0,1.0,1.0,0.0
或告曰“無晉師”,或 告 曰 ： “ 無 晉師 。 ”,或 告 曰 “ 無 晉 師 ”,0.7999999999999999,0.0,0.7999999999999999,1.0,0.0
乃止,乃 止 。,乃 止,1.0,0.0,1.0,1.0,0.0
晉趙鞅謂邯鄲午曰“歸我衛貢五百家吾舍諸晉陽”,晉趙鞅 謂 邯鄲午 曰 ： “ 歸 我 衛 貢 五百 家 ， 吾 舍 諸 晉陽 。 ”,"，。，""晉趙鞅""（），""謂邯鄲午曰“""（）。：""「歸我衛貢五百家吾舍諸晉陽”」""。，。，：",0.0,0.0,0.0,1.0,0.0
午許諾,午 許諾 。,午 許諾  。,1.0,1.0,1.0,1.0,1.0
歸告其父兄,歸 告 其 父兄 。,歸 告 其 父 兄 。,0.6666666666666665,1.0,0.6666666666666665,1.0,0.6666666666666665
父兄皆曰“不可衛是以為邯鄲而寘諸晉陽絕衛之道也不如侵齊而謀之”,父兄 皆 曰 ： “ 不可 。 衛 是 以 為 邯鄲 ， 而 寘 諸 晉陽 ， 絕 衛 之 道 也 。 不如 侵 齊 而 謀 之 。 ”,父兄皆曰“不可衛是以為邯鄲而寘諸晉陽絕衛之道也不如侵齊而謀之”,0.0,0.0,0.0,1.0,0.0
乃如之而歸之于晉陽,乃 如 之 ， 而 歸 之 于 晉陽 。,乃 如 之 而歸  之 于 晉陽  。,0.7999999999999999,0.6666666666666666,0.7999999999999999,1.0,0.5333333333333332
趙孟怒召午而囚諸晉陽使其從者說劍而入涉賓不可,趙孟 怒 ， 召 午 ， 而 囚 諸 晉陽 ， 使 其 從者 說 劍 而 入 ， 涉賓 不 可 。,，。，。：趙孟怒召午而囚諸晉陽使其從者說劍而入涉賓不可。，，《》。，。。,0.0,0.33333333333333337,0.0,1.0,0.0
乃使告邯鄲人曰“吾私有討於午也二三子唯所欲立”,乃 使 告 邯鄲人 曰 ： “ 吾 私 有 討 於 午 也 ， 二三 子 唯 所 欲 立 。 ”,乃使告邯鄲人曰“吾私有討於午也二三子唯所欲立”。,0.0,0.0,0.0,1.0,0.0
遂殺午,遂 殺 午 。,遂 殺 午 。,1.0,1.0,1.0,1.0,1.0
趙稷涉賓以邯鄲叛,趙稷 、 涉賓 以 邯鄲 叛 。,，。：趙稷涉賓以邯鄲叛。，（），。，。,0.0,0.6666666666666666,0.0,1.0,0.0
夏六月上軍司馬籍秦圍邯鄲,夏 ， 六月 ， 上軍司馬 籍秦 圍 邯鄲 。,，。，。：- 夏六月：，，，。- 上軍司馬籍秦圍邯鄲：。（,0.0,0.4,0.0,1.0,0.0
邯鄲午荀寅之甥也荀寅范吉射之姻也而相與睦故不與圍邯鄲將作亂,邯鄲午 ， 荀寅 之 甥 也 ； 荀寅 ， 范吉射 之 姻 也 ， 而 相與 睦 ， 故 不 與 圍 邯鄲 ， 將 作亂 。,，。，。：邯鄲午荀寅之甥也荀寅范吉射之姻也而相與睦故不與圍邯鄲將作亂。，。，，。,0.0,0.25,0.0,1.0,0.0
董安于聞之告趙孟曰“先備諸”,董安于 聞 之 ， 告 趙孟 ， 曰 ： “ 先 備 諸 ？ ”,，：董安于聞之告趙孟曰“先備諸”。，。。，，，。：- ,0.0,0.0,0.0,1.0,0.0
趙孟曰“晉國有命始禍者死為後可也”,趙孟 曰 ： “ 晉國 有 命 ， 始 禍 者 死 ， 為 後 可 也 。 ”,趙 孟 曰 “ 晉 國 有 命 始 禍 者 死 為 後 可 也 ”,0.8125,0.0,0.8125,1.0,0.0
安于曰“與其害於民寧我獨死請以我說”,安于 曰 ： “ 與其 害 於 民 ， 寧 我 獨 死 。 請 以 我 說 。 ”,安于  曰  “  與  其  害  於  民  寧  我  獨  死  請  以  我  說  ”  。 ,0.9090909090909091,0.0,0.9090909090909091,1.0,0.0
趙孟不可,趙孟 不 可 。,趙 孟 不 可 ,0.5714285714285715,0.0,0.5714285714285715,1.0,0.0
秋七月范氏中行氏伐趙氏之宮趙鞅奔晉陽晉人圍之,秋 七月 ， 范氏 、 中行氏 伐 趙氏 之 宮 ， 趙鞅 奔 晉陽 ， 晉人 圍 之 。,"：，：""秋七月范氏中行氏伐趙氏之宮趙鞅奔晉陽晉人圍之""。，、。。，：，（、）。，",0.0,0.33333333333333337,0.0,1.0,0.0
范皋夷無寵於范吉射而欲為亂於范氏,范皋夷 無 寵 於 范吉射 ， 而 欲 為 亂 於 范氏 。,范 皋夷 無寵   於 范 吉射 而 欲 為 亂 於 范 氏 。,0.4999999999999999,0.6666666666666666,0.4999999999999999,1.0,0.33333333333333326
梁嬰父嬖於知文子文子欲以為卿,梁嬰父 嬖 於 知文子 ， 文子 欲 以 為 卿 。,，：梁嬰父嬖於知文子文子欲以為卿。，。，。。，，，。，,0.0,0.6666666666666666,0.0,1.0,0.0
韓簡子與中行文子相惡魏襄子亦與范昭子相惡,韓簡子 與 中行文子 相 惡 ， 魏襄子 亦 與 范昭子 相 惡 。,韓 簡子  與  中行  文子  相  惡  魏  襄子  亦  與  范  昭子  相  惡  。,0.5384615384615385,0.6666666666666666,0.5384615384615385,1.0,0.35897435897435903
故五子謀將逐荀寅而以梁嬰父代之逐范吉射而以范皋夷代之,故 五 子 謀 ， 將 逐 荀寅 ， 而 以 梁嬰父 代 之 ； 逐 范吉射 ， 而 以 范皋夷 代 之 。,，。，。：故五子謀將逐荀寅而以梁嬰父代之逐范吉射而以范皋夷代之。、、、，。，,0.0,0.33333333333333337,0.0,1.0,0.0
荀躒言於晉侯曰“君命大臣始禍者死載書在河今三臣始禍而獨逐鞅刑已不鈞矣請皆逐之”,荀躒 言 於 晉侯 曰 ： “ 君 命 大臣 ， 始 禍 者 死 ， 載書 在 河 。 今 三 臣 始 禍 ， 而 獨 逐 鞅 ， 刑 已 不 鈞 矣 。 請 皆 逐 之 。 ”,，。，。：荀躒言於晉侯曰“君命大臣始禍者死載書在河今三臣始禍而獨逐鞅刑已不鈞矣請皆逐之”。，。，，。，,0.0,0.0,0.0,1.0,0.0
冬十一月荀躒韓不信魏曼多奉公以伐范氏中行氏弗克,冬 十一月 ， 荀躒 、 韓不信 、 魏曼多 奉 公 以 伐 范氏 、 中行氏 ， 弗 克 。,，。，。：冬十一月荀躒韓不信魏曼多奉公以伐范氏中行氏弗克。，《》。。，。,0.0,0.2857142857142857,0.0,1.0,0.0
二子將伐公,二 子 將 伐 公 。,二子將伐公，。，。，，，、。，,0.0,1.0,0.0,1.0,0.0
齊高強曰“三折肱知為良醫唯伐君為不可民弗與也我以伐君在此矣三家未睦可盡克也克之君將誰與若先伐君是使睦也”,齊高強 曰 ： “ 三 折肱 知 為 良醫 。 唯 伐 君 為 不 可 ， 民 弗 與 也 。 我 以 伐 君 在 此 矣 。 三 家 未 睦 ， 可 盡 克 也 。 克 之 ， 君 將 誰 與 ？ 若 先 伐 君 ， 是 使 睦 也 。 ”,齊 高 強 曰 “ 三 折 肱 知為  良 醫 唯 伐 君為  不 可 民 弗 與 也 我 以 伐 君 在 此 矣 三 家 未 睦 可盡  克 也 克 之 君 將 誰 與 若 先 伐 君 是 使 睦 也 ”,0.8041237113402061,0.0,0.8041237113402061,1.0,0.0
弗聽遂伐公,弗 聽 ， 遂 伐 公 。,弗聽遂伐公，。，。，，，、。，,0.0,0.6666666666666666,0.0,1.0,0.0
國人助公二子敗從而伐之,國人 助 公 ， 二 子 敗 ， 從 而 伐 之 。,，：國人助公二子敗從而伐之。，。。，。，。：- ,0.0,0.5,0.0,1.0,0.0
丁未荀寅士吉射奔朝歌,丁未 ， 荀寅 、 士吉射 奔 朝歌 。,"，。，。：- ""丁未""，（），。- ""荀寅士吉射奔朝歌""，",0.28571428571428575,0.0,0.0,1.0,0.0
韓魏以趙氏為請,韓 、 魏 以 趙氏 為 請 。,韓 魏  以  趙  氏  為  請  。,0.7692307692307692,0.6666666666666666,0.7692307692307692,1.0,0.5128205128205128
十二月辛末趙鞅入于絳盟于公宮,十二月辛末 ， 趙鞅 入 于 絳 ， 盟 于 公宮 。,，。，。：- 十二月 ，，。- 辛末趙鞅入于絳盟于公宮 ，，，,0.0,0.0,0.0,1.0,0.0
初衛公叔文子朝而請享靈公,初 ， 衛公叔文子 朝 ， 而 請 享 靈公 。,，：初衛公叔文子朝而請享靈公。，。。，，，。,0.0,0.5,0.0,1.0,0.0
退見史鰍而告之,退 ， 見 史鰍 而 告 之 。,退 見 史鰍 而 告 之,1.0,0.0,1.0,1.0,0.0
史鰍曰“子必禍矣子富而君貪其及子乎”,史鰍 曰 ： “ 子 必 禍 矣 ！ 子 富 而 君 貪 ， 其 及 子 乎 ！ ”,史鰍 曰 “ 子 必 禍 矣 子 富 而 君 貪 其 及 子乎  ”,0.9090909090909091,0.0,0.9090909090909091,1.0,0.0
文子曰“然吾不先告子是吾罪也君既許我矣其若之何”,文子 曰 ： “ 然 。 吾 不 先 告 子 ， 是 吾 罪 也 。 君 既 許 我 矣 ， 其 若之何 ？ ”,文子 曰 “ 然 吾 不 先 告 子 是 吾 罪 也 君 既 許 我 矣 其 若 之  何 ”,0.909090909090909,0.0,0.909090909090909,1.0,0.0
史鰍曰“無害子臣可以免富而能臣必免於難上下同之戍也驕其亡乎富而不驕者鮮吾唯子之見驕而不亡者未之有也戍必與焉”,史鰍 曰 ： “ 無 害 。 子 臣 ， 可以 免 。 富 而 能 臣 ， 必 免 於 難 。 上下 同 之 。 戍 也 驕 ， 其 亡 乎 ！ 富 而 不 驕 者 鮮 ， 吾 唯 子 之 見 。 驕 而 不 亡 者 ， 未 之 有 也 。 戍 必 與 焉 。 ”,史鰍 曰 “ 無害 子臣 可以 免 富 而 能 臣 必 免 於 難 上下 同 之 戍 也 驕 其 亡  乎 富 而 不 驕 者 鮮 吾 唯 子 之 見 驕 而 不 亡 者 未 之 有 也 戍 必 與 焉 ”,0.9400000000000001,0.0,0.9400000000000001,1.0,0.0
及文子卒衛侯始惡於公叔戍以其富也,及 文子 卒 ， 衛侯 始 惡 於 公叔戍 ， 以 其 富 也 。,及 文 子 卒衛  侯 始 惡 於 公 叔 戍  以 其 富 也 ,0.5925925925925926,0.0,0.5925925925925926,1.0,0.0
公叔戍又將去夫人之黨夫人愬之曰“戍將為亂”,公叔戍 又 將 去 夫人 之 黨 ， 夫人 愬 之 曰 ： “ 戍 將 為 亂 。 ”,公叔戍 又 將 去 夫人 之黨   夫人 愬 之 曰 “  戍 將 為 亂  ” ,0.9090909090909091,0.0,0.9090909090909091,1.0,0.0
十四年春衛侯逐公叔戍與其黨故趙陽奔宋戍來奔,十四年 ， 春 ， 衛侯 逐 公叔戍 與 其 黨 ， 故 趙陽 奔 宋 ， 戍 來 奔 。,十 四 年 春衛  侯 逐 公 叔 戍 與 其黨  故 趙陽  奔 宋 戍 來 奔,0.5454545454545454,0.0,0.5454545454545454,1.0,0.0
梁嬰父惡董安于謂知文子曰“不殺安于使終為政於趙氏趙氏必得晉國盍以其先發難也討於趙氏”,梁嬰父 惡 董安于 ， 謂 知文子 曰 ： “ 不 殺 安于 ， 使 終 為 政 於 趙氏 ， 趙氏 必 得 晉國 ， 盍 以 其 先 發難 也 討 於 趙氏 ？ ”,梁嬰  父 惡 董 安于  謂 知 文 子 曰 “ 不殺  安于  使 終 為 政 於 趙 氏  趙 氏 必 得 晉 國  盍 以 其 先 發 難 也  討 於 趙 氏 ” ,0.5882352941176471,0.0,0.5882352941176471,1.0,0.0
文子使告於趙孟曰“范中行氏雖信為亂安于則發之是安于與謀亂也晉國有命始禍者死二子既伏其罪矣敢以告”,文子 使 告 於 趙孟 曰 ： “ 范 、 中行氏 雖 信 為 亂 ， 安于 則 發 之 ， 是 安于 與 謀 亂 也 。 晉國 有 命 ， 始 禍 者 死 。 二 子 既 伏 其 罪 矣 ， 敢 以 告 。 ”,文子  使  告  於  趙孟  曰  “  范  中行氏雖    信  為亂    安  于  則  發  之  是  安  于  與  謀亂    也  晉國  有  命  始  禍  者  死  二  子  既  伏  其  罪矣敢以告”  ,0.7105263157894737,0.0,0.7105263157894737,1.0,0.0
趙孟患之,趙孟 患 之 。,，：趙孟患之。，。。，。，。：、、,0.0,1.0,0.0,1.0,0.0
安于曰“我死而晉國寧趙氏定將焉用生人誰不死吾死莫矣”,安于 曰 ： “ 我 死 而 晉國 寧 ， 趙氏 定 ， 將 焉 用 生 ？ 人 誰 不 死 ？ 吾 死 莫 矣 。 ”,，。，安于曰，。：“我死而晉國寧趙氏定將焉用生人誰不死吾死莫矣”。，？？。，，,0.0,0.0,0.0,1.0,0.0
乃縊而死,乃 縊 而 死 。,乃 縊 而 死,1.0,0.0,1.0,1.0,0.0
趙孟尸諸市而告於知氏曰“主命戮罪人安于既伏其罪矣敢以告”,趙孟 尸 諸 市 ， 而 告 於 知氏 曰 ： “ 主 命 戮 罪人 安于 ， 既 伏 其 罪 矣 ， 敢 以 告 。 ”,趙，。，孟尸諸（）市而告於，知氏曰。“主命戮罪人安于既伏其罪矣，（）、（）、（）。，敢以告”,0.0,0.0,0.0,1.0,0.0
知伯從趙孟盟而後趙氏定祀安于於廟,知伯 從 趙孟 盟 ， 而後 趙氏 定 ， 祀 安于 於 廟 。,知伯從  趙孟 盟 而 後 趙氏 定 祀 安 于 於 廟 。,0.6086956521739131,0.5,0.6086956521739131,1.0,0.30434782608695654
頓子牂欲事晉背楚而絕陳好,頓子牂 欲 事 晉 ， 背 楚 而 絕 陳 好 。,，。：頓子牂欲事晉背楚而絕陳好，，。，。，，，,0.0,0.6666666666666666,0.0,1.0,0.0
二月楚滅頓,二月 ， 楚 滅 頓 。,二月楚滅頓，。，。，，。，、，,0.0,0.6666666666666666,0.0,1.0,0.0
夏衛北宮結來奔公叔戍之故也,夏 ， 衛 北宮結 來 奔 ， 公叔戍 之 故 也 。,"，。，。：""夏""，，，（）。""衛""，，。""北宮結來奔公叔戍之故也""",0.0,0.0,0.0,1.0,0.0
吳伐越越子句踐禦之陳于槜李,吳 伐 越 ， 越子句踐 禦 之 ， 陳 于 槜李 。,吳，。：伐越越子句踐禦之陳于槜李。，，（），，，,0.0,0.4,0.0,1.0,0.0
句踐患吳之整也使死士再禽焉不動,句踐 患 吳 之 整 也 ， 使 死士 再 禽 焉 ， 不 動 。,句踐 患 吳 之 整 也  使 死 士 再 禽 焉  不 動 ,0.888888888888889,0.0,0.888888888888889,1.0,0.0
使罪人三行屬劍於頸而辭曰“二君有治臣奸旗鼓不敏於君之行前不敢逃刑敢歸死”,使 罪人 三 行 ， 屬 劍 於 頸 ， 而 辭 曰 ： “ 二 君 有 治 ， 臣 奸 旗鼓 。 不敏 於 君 之 行 前 ， 不 敢 逃刑 ， 敢 歸 死 。 ”,，。，：，。：- 使罪人三行屬劍於頸而辭曰，。“二君有治臣奸旗鼓不敏於君之，，行前不敢逃刑敢歸死”（），。,0.0,0.0,0.0,1.0,0.0
遂自剄也,遂 自剄 也 。,遂 自 剄 也,0.5714285714285715,0.0,0.5714285714285715,1.0,0.0
師屬之目越子因而伐之大敗之,師 屬 之 目 ， 越子 因 而 伐 之 ， 大敗 之 。,師 屬  之  目  越子  因而  伐  之  大敗    之  。,0.8571428571428572,0.5,0.8571428571428572,1.0,0.4285714285714286
靈姑浮以戈擊闔廬闔廬傷將指取其一屨,靈姑浮 以 戈 擊 闔廬 ， 闔廬 傷 將指 ， 取 其 一 屨 。,靈姑  浮  以  戈  擊  闔廬  闔廬  傷  將  指  取  其  一  屨  。,0.7692307692307692,0.5,0.7692307692307692,1.0,0.3846153846153846
還卒於陘去槜李七里,還 ， 卒 於 陘 ， 去 槜李 七 里 。,，。，。：- 還卒：，，。- 於：，。- 陘去槜李七里,0.18181818181818182,0.0,0.0,1.0,0.0
夫差使人立於庭茍出入必謂己曰“夫差而忘越王之殺而父乎”,夫差 使 人 立 於 庭 ， 茍 出入 ， 必 謂 己 曰 ： “ 夫差 ！ 而 忘 越王 之 殺 而 父 乎 ？ ”,夫 差  使  人  立  於  庭  茍    出入  必謂    己  曰  “  夫  差  而  忘  越  王  之  殺  而  父  乎  ”  。 ,0.7499999999999999,0.0,0.7499999999999999,1.0,0.0
則對曰“唯不敢忘”,則 對 曰 ： “ 唯 。 不 敢 忘 ！ ”,則 對 曰 “ 唯 不 敢 忘 ”,1.0,0.0,1.0,1.0,0.0
三年乃報越,三 年 乃 報 越 。,三年乃報越，。，。，，。，、,0.0,1.0,0.0,1.0,0.0
晉人圍朝歌公會齊侯衛侯于脾上梁之間謀救范中行氏,晉人 圍 朝歌 ， 公 會 齊侯 、 衛侯 于 脾 、 上梁 之 間 ， 謀 救 范 、 中行氏 。,"，。，、。：- ""晉人""，，。- ""圍""（），。- ""朝歌公會齊侯衛侯于脾上梁之間謀救范中行氏""，，。- ",0.21052631578947367,0.2222222222222222,0.0,1.0,0.04678362573099415
析成鮒小王桃甲率狄師以襲晉戰于絳中不克而還,析成鮒 、 小王桃甲 率 狄師 以 襲 晉 ， 戰 于 絳中 ， 不 克 而 還 。,"，。，。：- ""析成鮒""，（""""，""""），。- ""小王桃甲率狄師以襲晉戰于絳中不克而還""，""""""""""",0.125,0.0,0.0,1.0,0.0
士鮒奔周小王桃甲入于朝歌,士鮒 奔 周 ， 小王桃甲 入 于 朝歌 。,，。：士鮒奔周小王桃甲入于朝歌。，（），。，（,0.0,0.6666666666666666,0.0,1.0,0.0
秋齊侯宋公會于洮范氏故也,秋 ， 齊侯 、 宋公 會 于 洮 ， 范氏 故 也 。,秋齊侯宋公會，。于洮范氏故也，。，，。，、，。,0.0,0.3333333333333333,0.0,1.0,0.0
衛侯為夫人南子召宋朝,衛侯 為 夫人南子 召 宋朝 。,衛侯為夫人南子召宋朝。,0.0,1.0,0.0,1.0,0.0
會于洮太子蒯聵獻盂于齊過宋野,會 于 洮 ， 太子蒯聵 獻 盂 于 齊 ， 過 宋 野 。,，。：會于洮太子蒯聵獻盂于齊過宋野。，，（），，，（,0.0,0.5,0.0,1.0,0.0
野人歌之曰“既定爾婁豬盍歸吾艾豭”,野人 歌 之 曰 ： “ 既 定 爾 婁豬 ， 盍 歸 吾 艾豭 ？ ”,，。，《》。：野人歌之曰，，，。：“既定爾婁豬盍歸吾艾豭”。,0.0,0.0,0.0,1.0,0.0
太子羞之謂戲陽速曰“從我而朝少君少君見我我顧乃殺之”,太子 羞 之 ， 謂 戲陽速 曰 ： “ 從 我 而 朝 少君 ， 少君 見 我 ， 我 顧 ， 乃 殺 之 。 ”,太子 羞 之 謂 戲陽 速 曰 “ 從 我 而 朝 少 君 少 君 見 我 我顧  乃 殺 之 ”,0.7272727272727272,0.0,0.7272727272727272,1.0,0.0
速曰“諾”,速 曰 ： “ 諾 。 ”,速 曰 “諾  ”,0.6666666666666665,0.0,0.6666666666666665,1.0,0.0
乃朝夫人,乃 朝 夫人 。,乃 朝 夫人 。,1.0,1.0,1.0,1.0,1.0
夫人見太子,夫人 見 太子 。,夫 人 見 太 子 。,0.25,1.0,0.25,1.0,0.25
太子三顧速不進,太子 三 顧 ， 速 不 進 。,太子三顧速不進，。，。，，。，、，,0.0,0.6666666666666666,0.0,1.0,0.0
夫人見其色啼而走曰“蒯聵將殺餘”,夫人 見 其 色 ， 啼 而 走 ， 曰 ： “ 蒯聵 將 殺 餘 。 ”,夫，。，：人見其色啼而走曰，“蒯聵將殺餘”。，，《》，，，（,0.0,0.0,0.0,1.0,0.0
公執其手以登臺,公 執 其 手 以 登臺 。,公執其手以登臺，。，。，，。，、，,0.0,1.0,0.0,1.0,0.0
太子奔宋,太子 奔 宋 。,，：太子奔宋。，。。，。，。，，,0.0,1.0,0.0,1.0,0.0
盡逐其黨故公孟彄出奔鄭自鄭奔齊,盡 逐 其 黨 ， 故 公孟彄 出奔 鄭 ， 自 鄭 奔 齊 。,，。，。：- 盡逐其黨故公孟彄出奔鄭自鄭奔齊：，，，。。，,0.0,0.5,0.0,1.0,0.0
太子告人曰“戲陽速禍餘”,太子 告 人 曰 ： “ 戲陽速 禍 餘 。 ”,，。，。：太子告人曰。（），“戲陽速禍餘”。、、,0.0,0.0,0.0,1.0,0.0
戲陽速告人曰“太子則禍餘太子無道使餘殺其母餘不許將戕於余若殺夫人將以餘說餘是故許而弗為以紓餘死諺曰‘民保於信’吾以信義也”,戲陽速 告 人 曰 ： “ 太子 則 禍 餘 。 太子 無道 ， 使 餘 殺 其 母 。 餘 不 許 ， 將 戕 於 余 ， 若 殺 夫人 ， 將 以 餘 說 。 餘 是故 許 而 弗 為 ， 以 紓 餘 死 。 諺 曰 ： ‘ 民 保 於 信 ’ ， 吾 以 信 義 也 。 ”,戲陽 速 告 人 曰 “ 太子 則禍  餘 太子 無 道 使 餘 殺 其 母 餘 不 許 將 戕 於 余 若 殺 夫人 ， 將 以 餘 說 餘 是 故 許 而 弗 為 ， 以 紓 餘 死 。 諺 曰 ‘ 民 保 於 信 ’ ， 吾 以 信 義 也 ”,0.8909090909090909,0.47058823529411764,0.8909090909090909,1.0,0.4192513368983957
冬十二月晉人敗范中行氏之師於潞獲籍秦高強,冬 ， 十二月 ， 晉人 敗 范 、 中行氏 之 師 於 潞 ， 獲 籍秦 、 高強 。,冬 十二月 晉人敗  范 中行氏 之 師 於 潞 獲 籍 秦 高 強,0.6666666666666666,0.0,0.6666666666666666,1.0,0.0
又敗鄭師及范氏之師于百泉,又 敗 鄭師 及 范氏 之 師 于 百泉 。,，：又敗鄭師及范氏之師于百泉。，。。，，，。，,0.0,1.0,0.0,1.0,0.0
十五年春邾隱公來朝,十五年 ， 春 ， 邾隱公 來 朝 。,十五年春邾隱公來朝，。，。，，。，，。，,0.0,0.5,0.0,1.0,0.0
子貢觀焉,子貢 觀 焉 。,，：子貢觀焉。，。。，。，。,0.0,1.0,0.0,1.0,0.0
邾子執玉高其容仰公受玉卑其容俯,邾子 執 玉 高 ， 其 容 仰 ； 公 受 玉 卑 ， 其 容 俯 。,邾子執  玉 高 其 容 仰 公 受 玉 卑 其 容 俯 。,0.888888888888889,0.4,0.888888888888889,1.0,0.3555555555555556
子貢曰“以禮觀之二君者皆有死亡焉夫禮死生存亡之體也將左右周旋進退俯仰於是乎取之朝祀喪戎於是乎觀之今正月相朝而皆不度心已亡矣嘉事不體何以能久高仰驕也卑俯替也驕近亂替近疾君為主其先亡乎”,子貢 曰 ： “ 以 禮 觀 之 ， 二 君 者 ， 皆 有 死亡 焉 。 夫 禮 ， 死生 存亡 之 體 也 ， 將 左右 、 周旋 ， 進退 、 俯仰 ， 於 是 乎 取 之 ； 朝 、 祀 、 喪 、 戎 ， 於 是 乎 觀 之 。 今 正月 相 朝 ， 而 皆 不度 ， 心 已 亡 矣 。 嘉事 不 體 ， 何 以 能 久 ？ 高 、 仰 ， 驕 也 ； 卑 、 俯 ， 替 也 。 驕 近亂 ， 替 近疾 ， 君 為 主 ， 其 先 亡 乎 ！ ”,子貢 曰 “ 以 禮 觀之   二 君 者  皆 有 死 亡 焉  夫 禮  死 生 存 亡之   體 也  將 左 右 周 旋  進 退 俯 仰  於 是乎  取之   朝 祀喪 、  戎  於 是乎  觀之   今 正 月 相 朝  而 皆 不 度  心 已 亡 矣  嘉 事 不 體  何 以 能 久  高 仰 驕 也  卑 俯替  也  驕 近 亂替   近疾君為主其先亡乎” ,0.5599999999999999,0.0625,0.5599999999999999,1.0,0.034999999999999996
吳之入楚也胡子盡俘楚邑之近胡者,吳 之 入 楚 也 ， 胡子 盡 俘 楚邑 之 近 胡 者 。,，。，。：- 吳之入楚也：，。，，，。- 胡子盡俘楚邑之近胡者：,0.0,0.0,0.0,1.0,0.0
楚既定胡子豹又不事楚曰“存亡有命事楚何為多取費焉”,楚 既定 ， 胡子豹 又 不事 楚 ， 曰 ： “ 存亡 有 命 ， 事 楚 何 為 ？ 多 取 費 焉 。 ”,，。，。：楚既定胡子豹又不事楚曰。（），，。：“存亡有命事楚何為多取費焉”,0.0,0.0,0.0,1.0,0.0
二月楚滅胡,二月 ， 楚 滅 胡 。,，：二月楚滅胡。，。。，。？,0.0,0.6666666666666666,0.0,1.0,0.0
夏五月壬申公薨,夏 ， 五月 壬申 ， 公 薨 。,夏五月壬申公薨，。，。，，。，（）、，-:、。,0.0,0.5,0.0,1.0,0.0
仲尼曰“賜不幸言而中是使賜多言者也”,仲尼 曰 ： “ 賜 不幸 言 而 中 ， 是 使 賜 多言 者 也 。 ”,，。，仲尼曰，。：“賜不幸言而中是使賜多言者也”。（），。，，。,0.0,0.0,0.0,1.0,0.0
鄭罕達敗宋師于老丘,鄭 罕達 敗 宋師 于 老丘 。,鄭 罕達  敗 宋 師  于 老丘  。,0.7692307692307692,1.0,0.7692307692307692,1.0,0.7692307692307692
齊侯衛侯次于蘧挐謀救宋也,齊侯 、 衛侯 次 于 蘧挐 ， 謀 救 宋 也 。,齊侯衛侯次，。于蘧挐謀救宋也，。，，。，、，。,0.0,0.4,0.0,1.0,0.0
秋七月壬申姒氏卒,秋 ， 七月 壬申 ， 姒氏 卒 。,秋七月壬申姒氏卒，。，。，，。，、，,0.0,0.5,0.0,1.0,0.0
不稱夫人不赴且不祔也,不 稱 夫人 ， 不 赴 ， 且 不 祔 也 。,"：，""不稱夫人不赴且不祔也""。，。，。，：，",0.0,0.5,0.0,1.0,0.0
葬定公雨不克襄事禮也,葬 定公 ， 雨 ， 不 克 襄事 ， 禮 也 。,葬 定公 雨 不 克 襄事 禮 也,1.0,0.0,1.0,1.0,0.0
葬定姒不稱小君不成喪也,葬 定姒 ， 不 稱 小君 ， 不 成喪 也 。,"，。，。：""葬""，，。""定姒不稱小君不成喪也""，""""""""。，""""",0.0,0.4,0.0,1.0,0.0
冬城漆書不時告也,冬 ， 城 漆 ， 書 不 時 告 也 。,冬 城 漆 書 不 時 告 也,1.0,0.0,1.0,1.0,0.0
春秋左傳哀公,春秋 左傳 哀公,，。，。，，，。。春秋左傳哀公,0.0,0.0,0.0,1.0,0.0
元年春楚子圍蔡報柏舉也,元年 ， 春 ， 楚子 圍 蔡 ， 報 柏舉 也 。,，：元年春楚子圍蔡報柏舉也。，。。，，。，,0.0,0.4,0.0,1.0,0.0
里而栽廣丈高倍,里 而 栽 ， 廣 丈 ， 高 倍 。,里 而 栽廣  丈 高 倍,0.7692307692307692,0.0,0.7692307692307692,1.0,0.0
夫屯晝夜九日如子西之素,夫 屯 晝夜 九 日 ， 如 子西 之 素 。,"：，""夫屯晝夜九日如子西之素""。，。："""" ，，。""""，",0.0,0.6666666666666666,0.0,1.0,0.0
蔡人男女以辨,蔡人 男女 以 辨 。,蔡人男女以辨。,0.0,1.0,0.0,1.0,0.0
使疆于江汝之間而還,使 疆 于 江 、 汝 之 間 而 還 。,使疆于江汝之間而還。,0.0,0.6666666666666666,0.0,1.0,0.0
蔡於是乎請遷于吳,蔡 於是乎 請 遷 于 吳 。,蔡 於是乎 請 遷 于 吳 。,1.0,1.0,1.0,1.0,1.0
吳王夫差敗越于夫椒報槜李也,吳王夫差 敗 越 于 夫椒 ， 報 槜李 也 。,"：，""吳王夫差敗越于夫椒報槜李也""。，。。""""""""，""""，",0.0,0.6666666666666666,0.0,1.0,0.0
遂入越,遂 入 越 。,遂 入 越 。,1.0,1.0,1.0,1.0,1.0
越子以甲楯五千保于會稽使大夫種因吳大宰嚭以行成,越子 以 甲楯 五千 保 于 會稽 ， 使 大夫種 因 吳大宰嚭 以 行成 。,，。：越子，，，。以，，，。甲楯五千保于會稽使大夫種因吳大宰嚭以行成，，，，,0.0,0.0,0.0,1.0,0.0
吳子將許之,吳子 將 許 之 。,吳子將許之，。，。，，。，、，,0.0,1.0,0.0,1.0,0.0
伍員曰“不可臣聞之‘樹德莫如滋去疾莫如盡’昔有過澆殺斟灌以伐斟鄩滅夏後相後緍方娠逃出自竇歸于有仍生少康焉為仍牧正惎澆能戒之澆使椒求之逃奔有虞為之庖正以除其害虞思於是妻之以二姚而邑諸綸有田一成有眾一旅能布其德而兆其謀以收夏眾撫其官職使女艾諜澆使季杼誘豷遂滅過戈復禹之績祀夏配天不失舊物今吳不如過而越大於少康或將豐之不亦難乎句踐能親而務施施不失人親不棄勞與我同壤而世為仇讎於是乎克而弗取將又存之違天而長寇讎後雖悔之不可食已姬之衰也日可俟也介在蠻夷而長寇讎以是求伯必不行矣”,伍員 曰 ： “ 不可 。 臣 聞 之 ： ‘ 樹德 莫 如 滋 ， 去 疾 莫 如 盡 。 ’ 昔 有 過澆 殺 斟灌 以 伐 斟鄩 ， 滅 夏後相 ， 後緍 方 娠 ， 逃 出 自 竇 ， 歸 于 有仍 ， 生 少康 焉 。 為 仍 牧正 ， 惎 澆 能 戒 之 。 澆 使 椒 求 之 ， 逃奔 有虞 ， 為 之 庖正 ， 以 除 其 害 。 虞思 於是 妻 之 以 二 姚 ， 而 邑 諸 綸 ， 有 田 一 成 ， 有 眾 一 旅 。 能 布 其 德 ， 而 兆 其 謀 ， 以 收 夏眾 ， 撫 其 官職 ； 使 女艾 諜 澆 ， 使 季杼 誘 豷 。 遂 滅 過 、 戈 ， 復 禹 之 績 ， 祀 夏 配 天 ， 不 失 舊物 。 今 吳 不 如 過 ， 而 越 大 於 少康 ， 或 將 豐 之 ， 不 亦 難 乎 ！ 句踐 能 親 而 務施 ， 施 不 失人 ， 親 不 棄 勞 。 與 我 同壤 ， 而 世 為 仇讎 。 於 是 乎 克 而 弗 取 ， 將 又 存 之 ， 違 天 而 長 寇讎 ， 後 雖 悔 之 ， 不 可 食 已 。 姬 之 衰 也 ， 日 可 俟 也 。 介 在 蠻夷 ， 而 長 寇讎 ， 以 是 求 伯 ， 必 不 行 矣 。 ”,，。，，。，，，。，，。：伍員曰“不可臣聞之‘樹德莫如滋去疾莫如盡’昔有過澆殺斟灌以伐斟鄩滅夏後相後緍方娠逃出自竇歸于有仍生少康焉為仍牧正惎澆能戒之澆使椒求之逃奔有虞為之庖正以除其害虞思於是妻之以二姚而邑諸綸有田一成有眾一旅能布其德而兆其謀以收夏眾撫其官職使女艾諜澆使季杼誘豷遂滅過戈復禹之績祀夏配天不失舊物今吳不如過而越大於少康或將豐之不亦難乎句踐能親而務施施不失人親不棄勞與我同壤而世為仇讎於是乎克而弗取將又存之違天而長寇讎後雖悔之不可食已姬之衰也日可俟也介在蠻夷而長寇讎以是求伯必不行矣”，。、、，、、、、、、、、、、、、、,0.0,0.0,0.0,1.0,0.0
弗聽,弗 聽 。,弗 聽,1.0,0.0,1.0,1.0,0.0
退而告人曰“越十年生聚而十年教訓二十年之外吳其為沼乎”,退 而 告 人 曰 ： “ 越 十 年 生聚 ， 而 十 年 教訓 ， 二十 年 之 外 ， 吳 其 為 沼 乎 ！ ”,退 而 告 人 曰 “ 越 十 年 生 聚 而 十 年 教訓二   十 年 之 外 吳 其 為 沼 乎 ”,0.8571428571428572,0.0,0.8571428571428572,1.0,0.0
三月越及吳平,三月 ， 越 及 吳 平 。,三月越及吳平，。，。，，。，、，,0.0,0.6666666666666666,0.0,1.0,0.0
吳入越不書吳不告慶越不告敗也,吳 入 越 ， 不 書 ， 吳 不 告 慶 、 越 不 告 敗 也 。,吳 入 越 不 書 吳 不 告 慶 越 不 告敗  也,0.888888888888889,0.0,0.888888888888889,1.0,0.0
夏四月齊侯衛侯救邯鄲圍五鹿,夏 ， 四月 ， 齊侯 、 衛侯 救 邯鄲 ， 圍 五鹿 。,"，。，《》。：- ""夏四月""，（），。- ""齊侯""""衛侯救邯鄲圍五鹿""，",0.0,0.0,0.0,1.0,0.0
吳之入楚也使召陳懷公,吳 之 入 楚 也 ， 使 召 陳懷公 。,吳，。：之入楚也使召陳懷公。。：- ，（），。- ，，,0.0,0.5,0.0,1.0,0.0
懷公朝國人而問焉曰“欲與楚者右欲與吳者左陳人從田無田從黨”,懷公 朝 國人 而 問 焉 ， 曰 ： “ 欲 與 楚 者 右 ， 欲 與 吳 者 左 。 陳人 從 田 ， 無 田 從 黨 。 ”,，。，。：懷公朝國人而問焉曰“欲與楚者右欲與吳者左，陳人從田無田從黨”。（），。，，。,0.0,0.0,0.0,1.0,0.0
逢滑當公而進曰“臣聞國之興也以福其亡也以禍今吳未有福楚未有禍楚未可棄吳未可從而晉盟主也若以晉辭吳若何”,逢滑 當 公 而 進 ， 曰 ： “ 臣 聞 ： 國 之 興 也 以 福 ， 其 亡 也 以 禍 。 今 吳 未 有 福 ， 楚 未 有 禍 ， 楚 未 可 棄 ， 吳 未 可 從 。 而 晉 ， 盟主 也 ； 若 以 晉 辭 吳 ， 若何 ？ ”,逢滑 當 公 而 進 曰 “ 臣 聞 國 之 興 也  以 福  其 亡 也  以禍   今 吳 未 有 福  楚 未 有禍   楚 未 可棄   吳 未 可 從  而 晉 盟 主 也  若 以 晉 辭 吳  若 何 ”,0.8421052631578947,0.0,0.8421052631578947,1.0,0.0
公曰“國勝君亡非禍而何”,公 曰 ： “ 國 勝 君 亡 ， 非 禍 而 何 ？ ”,，。，。：公曰，（），。“國勝君亡非禍而何”，：  - ,0.0,0.0,0.0,1.0,0.0
對曰“國之有是多矣何必不復小國猶復況大國乎臣聞國之興也視民如傷是其福也其亡也以民為土芥是其禍也楚雖無德亦不艾殺其民吳日敝於兵暴骨如莽而未見德焉天其或者正訓楚也禍之適吳其何日之有”,對 曰 ： “ 國 之 有 是 多 矣 ， 何 必 不 復 ？ 小國 猶 復 ， 況 大國 乎 ？ 臣 聞 ： 國 之 興 也 ， 視 民 如 傷 ， 是 其 福 也 ； 其 亡 也 ， 以 民 為 土芥 ， 是 其 禍 也 。 楚 雖 無德 ， 亦 不 艾殺 其 民 。 吳 日 敝 於 兵 ， 暴骨 如 莽 ， 而 未 見 德 焉 。 天 其 或者 正 訓 楚 也 ， 禍 之 適 吳 ， 其 何 日 之 有 ？ ”,對 曰 “ 國 之 有 是 多 矣 何 必 不 復 小 國 猶 復況  大 國乎   臣 聞 國 之興  也 視 民 如 傷 ， 是 其 福 也 ， 其 亡 也 ， 以 民 為 土 芥 ， 是 其 禍 也 ， 楚 雖 無 德 ， 亦 不 艾 殺 其 民 ， 吳 日 敝 於 兵 ， 暴 骨 如 莽 ， 而 未 見 德 焉 ， 天 其 或 者 正 訓 楚 也 ， 禍 之適吳其何日之有” ,0.7624999999999998,0.45161290322580644,0.7624999999999998,1.0,0.3443548387096773
陳侯從之,陳侯 從 之 。,陳侯從之，。，。，，。，、,0.0,1.0,0.0,1.0,0.0
及夫差克越乃修先君之怨,及 夫差 克 越 ， 乃 修 先君 之 怨 。,"：，""及夫差克越乃修先君之怨""。，。。""""，（""""），",0.0,0.6666666666666666,0.0,1.0,0.0
秋八月吳侵陳修舊怨也,秋 ， 八月 ， 吳 侵 陳 ， 修 舊怨 也 。,秋八月吳侵陳修舊怨也，。，。，，。，、，。,0.0,0.4,0.0,1.0,0.0
齊侯衛侯會于乾侯救范氏也,齊侯 、 衛侯 會 于 乾侯 ， 救 范氏 也 。,，：齊侯衛侯會于乾侯救范氏也。，。。，，，。,0.0,0.5,0.0,1.0,0.0
師及齊師衛孔圉鮮虞人伐晉取棘蒲,師 及 齊師 、 衛孔圉 、 鮮虞人 伐 晉 ， 取 棘蒲 。,，。，。：- 師：，。- 及：，。- 齊師衛孔圉鮮虞人伐晉取棘蒲：，，,0.3333333333333333,0.0,0.0,1.0,0.0
吳師在陳楚大夫皆懼曰“闔廬惟能用其民以敗我於柏舉今聞其嗣又甚焉將若之何”,吳師 在 陳 ， 楚 大夫 皆 懼 ， 曰 ： “ 闔廬 惟 能 用 其 民 ， 以 敗 我 於 柏舉 。 今 聞 其 嗣 又 甚 焉 ， 將 若之何 ？ ”,吳師，。，在陳，楚大夫皆懼曰，：“闔廬惟能用其民以敗我於柏舉今聞其嗣又甚焉將若之，，？，，《》，（，）。，何”。,0.0,0.16666666666666666,0.0,1.0,0.0
子西曰“二三子恤不相睦無患吳矣昔闔廬食不二味居不重席室不崇壇器不彤鏤宮室不觀舟車不飾衣服財用擇不取費在國天有災癘親巡孤寡而共其乏困在軍熟食者分而後敢食其所嘗者卒乘與焉勤恤其民而與之勞逸是以民不罷勞死知不曠吾先大夫子常易之所以敗我也今聞夫差次有臺榭陂池焉宿有妃嬙嬪御焉一日之行所欲必成玩好必從珍異是聚觀樂是務視民如讎而用之日新夫先自敗也已安能敗我”,子西 曰 ： “ 二三子 恤 不 相 睦 ， 無 患 吳 矣 。 昔 闔廬 食 不 二 味 ， 居 不 重席 ， 室 不 崇 壇 ， 器 不 彤鏤 ， 宮室 不 觀 ， 舟車 不 飾 ； 衣服 財用 ， 擇 不 取 費 。 在 國 ， 天 有 災癘 ， 親 巡 孤寡 而 共 其 乏困 。 在 軍 ， 熟食 者 分 而後 敢 食 ， 其 所 嘗 者 ， 卒乘 與 焉 。 勤恤 其 民 ， 而 與 之 勞逸 ， 是以 民 不 罷勞 ， 死 知 不 曠 。 吾 先大夫 子常 易 之 ， 所以 敗 我 也 。 今 聞 夫差 ， 次 有 臺榭 陂池 焉 ， 宿 有 妃 嬙 嬪 御 焉 ； 一 日 之 行 ， 所 欲 必 成 ， 玩好 必 從 ； 珍異 是 聚 ， 觀樂 是 務 ； 視 民 如 讎 ， 而 用 之 日新 。 夫 先 自 敗 也已 ， 安 能 敗 我 ？ ”,子 西 曰 “ 二三子 恤不  相 睦 無 患 吳 矣 昔闔  廬 食不  二 味 居不  重 席 室不  崇 壇 器不彤   鏤 宮室不  觀 舟車不  飾 衣服 財用 擇不  取 費 在 國 天 有 災癘 親 巡 孤寡 而 共 其 乏 困 在 軍 熟 食 者 分 而 後 敢 食 其 所 嘗 者 卒 乘 與 焉 勤 恤 其 民 而 與 之勞  逸 是 以 民不  罷勞  死 知不曠   吾 先 大夫 子 常 易 之 所 以敗  我 也 今 聞 夫 差 次 有 臺榭  陂池 焉 宿 有妃  嬙 嬪 御 焉 一 日 之 行 所 欲 必 成 玩 好 必 從 珍異是聚觀樂是務視民如讎而用之日新夫先自敗也已安能敗我” ,0.5791505791505791,0.0,0.5791505791505791,1.0,0.0
冬十一月晉趙鞅伐朝歌,冬 ， 十一月 ， 晉趙鞅 伐 朝歌 。,"：，""冬十一月晉趙鞅伐朝歌""。，、。：- ：""""（）- ：""""",0.0,0.5,0.0,1.0,0.0
二年春伐邾將伐絞,二年 ， 春 ， 伐 邾 ， 將 伐 絞 。,二 年 春伐  邾 將伐  絞,0.30769230769230765,0.0,0.30769230769230765,1.0,0.0
邾人愛其土故賂以漷沂之田而受盟,邾人 愛 其 土 ， 故 賂 以 漷 、 沂 之 田 而 受 盟 。,邾人愛  其 土 故 賂 以漷 沂 之 田 而 受 盟,0.7692307692307692,0.0,0.7692307692307692,1.0,0.0
初衛侯游于郊子南仆,初 ， 衛侯 游 于 郊 ， 子南 仆 。,初衛 侯 游 于 郊 子 南 仆,0.5333333333333333,0.0,0.5333333333333333,1.0,0.0
公曰“餘無子將立女”,公 曰 ： “ 餘 無 子 ， 將 立 女 。 ”,"：，""公曰“餘無子將立女”""。，。，，。：- """" ，（），。- """,0.0,0.0,0.0,1.0,0.0
不對,不 對 。,不 對,1.0,0.0,1.0,1.0,0.0
他日又謂之對曰“郢不足以辱社稷君其改圖君夫人在堂三揖在下君命只辱”,他日 又 謂 之 ， 對 曰 ： “ 郢 不 足以 辱 社稷 ， 君 其 改圖 。 君夫人 在 堂 ， 三揖 在 下 ， 君命 只 辱 。 ”,他 日 又 謂 之 對 曰 “郢  不足以                      辱社稷君其改圖君夫人在堂三揖在下君命只辱 ”,0.3333333333333333,0.0,0.3333333333333333,1.0,0.0
夏衛靈公卒,夏 ， 衛靈公 卒 。,"，。，。，，。，，""夏衛靈公卒",0.0,0.0,0.0,1.0,0.0
夫人曰“命公子郢為太子君命也”,夫人 曰 ： “ 命 公子郢 為 太子 ， 君命 也 。 ”,，：夫人曰“命公子郢為太子君命也”。，。。，。，。：- ，,0.0,0.0,0.0,1.0,0.0
對曰“郢異於他子且君沒於吾手若有之郢必聞之且亡人之子輒在”,對 曰 ： “ 郢 異 於 他 子 ， 且 君 沒 於 吾 手 ， 若 有 之 ， 郢 必 聞 之 。 且 亡人 之 子 輒 在 。 ”,，。，對曰，。：“郢異於他子，且君沒於吾手，若有之郢必聞之，，且亡人之子輒在”。，,0.0,0.3636363636363636,0.0,1.0,0.0
乃立輒,乃 立 輒 。,乃 立 輒,1.0,0.0,1.0,1.0,0.0
六月乙酉晉趙鞅納衛太子于戚,六月 乙酉 ， 晉趙鞅 納 衛太子 于 戚 。,，：六月乙酉晉趙鞅納衛太子于戚。，。。，，，。，,0.0,0.6666666666666666,0.0,1.0,0.0
宵迷陽虎曰“右河而南必至焉”,宵 迷 ， 陽虎 曰 ： “ 右 河 而 南 ， 必 至 焉 。 ”,，：宵迷陽虎曰“右河而南必至焉”。，。。，。，。：- ,0.0,0.0,0.0,1.0,0.0
使太子絻八人衰绖偽自衛逆者,使 太子 絻 ， 八 人 衰绖 ， 偽 自 衛 逆 者 。,使 太子 絻 八 人 衰绖 偽 自 衛 逆 者,1.0,0.0,1.0,1.0,0.0
告於門哭而入遂居之,告 於 門 ， 哭 而 入 ， 遂 居 之 。,告 於 門 哭 而 入遂   居 之 ,0.823529411764706,0.0,0.823529411764706,1.0,0.0
哀公秋八月齊人輸范氏粟鄭子姚子般送之,哀公 秋 ， 八月 ， 齊人 輸 范氏 粟 ， 鄭子姚 、 子般 送 之 。,"，。，《》。：- ""哀公秋八月""：，（）。，，。- ""齊人輸范氏粟鄭子姚子般送之",0.0,0.0,0.0,1.0,0.0
士吉射逆之趙鞅禦之遇於戚,士吉射 逆 之 ， 趙鞅 禦 之 ， 遇 於 戚 。,士 吉射  逆  之  趙鞅  禦  之  遇  於  戚  。,0.8421052631578948,0.5,0.8421052631578948,1.0,0.4210526315789474
陽虎曰“吾車少以兵車之旆與罕駟兵車先陳罕駟自後隨而從之彼見吾貌必有懼心於是乎會之必大敗之”,陽虎 曰 ： “ 吾 車 少 ， 以 兵車 之 旆 與 罕 、 駟 兵車 先 陳 。 罕 、 駟 自 後 隨 而 從 之 ， 彼 見 吾 貌 ， 必 有 懼心 ， 於 是 乎 會 之 ， 必 大敗 之 。 ”,陽虎  曰  “  吾  車  少  以  兵車  之  旆  與  罕駟  兵車  先  陳  罕駟  自  後  隨  而  從  之  彼  見  吾貌    必  有  懼  心  於是  乎  會  之  必  大  敗  之”,0.7272727272727273,0.0,0.7272727272727273,1.0,0.0
從之,從 之 。,從之。,0.0,1.0,0.0,1.0,0.0
卜戰龜焦,卜 戰 ， 龜 焦 。,，。，。：卜戰龜焦。，，《》。,0.0,0.6666666666666666,0.0,1.0,0.0
樂丁曰“詩曰‘爰始爰謀爰契我龜’謀協以故兆詢可也”,樂丁 曰 ： “ 《 詩 》 曰 ： ‘ 爰 始 爰 謀 ， 爰 契 我 龜 。 ’ 謀 協 ， 以 故 兆詢 可 也 。 ”,，。，樂丁曰，：“詩曰‘爰始爰謀爰契我龜’。：謀協以故兆詢可也”。，，《》，。，,0.0,0.0,0.0,1.0,0.0
簡子誓曰“范氏中行氏反易天明斬艾百姓欲擅晉國而滅其君寡君恃鄭而保焉今鄭為不道棄君助臣二三子順天明從君命經德義除詬恥在此行也克敵者上大夫受縣下大夫受郡士田十萬庶人工商遂人臣隸圉免志父無罪君實圖之若其有罪絞縊以戮桐棺三寸不設屬辟素車樸馬無入于兆下卿之罰也”,簡子 誓 曰 ： “ 范氏 、 中行氏 反易 天明 ， 斬艾 百姓 ， 欲 擅 晉國 而 滅 其 君 。 寡君 恃 鄭 而 保 焉 。 今 鄭 為 不道 ， 棄 君 助 臣 ， 二三 子 順 天明 ， 從 君命 ， 經 德義 ， 除 詬恥 ， 在 此 行 也 。 克敵 者 ， 上大夫 受 縣 ， 下大夫 受 郡 ， 士 田 十萬 ， 庶人 工商 遂 ， 人臣 隸 圉 免 。 志父 無 罪 ， 君 實 圖 之 ！ 若 其 有 罪 ， 絞縊 以 戮 ， 桐棺 三 寸 ， 不 設 屬 辟 ， 素車 樸馬 ， 無 入 于 兆 ， 下卿 之 罰 也 。 ”,，。，，。，，，。，，。：簡子誓曰“范氏中行氏反易天明斬艾百姓欲擅晉國而滅其君寡君恃鄭而保焉今鄭為不道棄君助臣二三子順天明從君命經德義除詬恥在此行也克敵者上大夫受縣下大夫受郡士田十萬庶人工商遂人臣隸圉免志父無罪君實圖之若其有罪絞縊以戮桐棺三寸不設屬辟素車樸馬無入于兆下卿之罰也”。，，。，。，,0.0,0.0,0.0,1.0,0.0
甲戌將戰郵無恤御簡子衛太子為右,甲戌 ， 將 戰 ， 郵無恤 御 簡子 ， 衛太子 為 右 。,，：甲戌將戰郵無恤御簡子衛太子為右。，。，，。。，。,0.0,0.4,0.0,1.0,0.0
登鐵上望見鄭師眾大子懼自投于車下,登 鐵上 ， 望見 鄭師 眾 ， 大子 懼 ， 自 投 于 車 下 。,登 鐵 上  望 見  鄭 師  眾 大  子 懼  自 投 于  車 下 ,0.5714285714285715,0.0,0.5714285714285715,1.0,0.0
子良授太子綏而乘之曰“婦人也”,子良 授 太子 綏 ， 而 乘 之 ， 曰 ： “ 婦人 也 。 ”,子 良 授 太 子 綏 而 乘 之 曰 “ 婦人 也 ”,0.7692307692307692,0.0,0.7692307692307692,1.0,0.0
簡子巡列曰“畢萬匹夫也七戰皆獲有馬百乘死於牖下群子勉之死不在寇”,簡子 巡列 ， 曰 ： “ 畢萬 ， 匹夫 也 ， 七 戰 皆 獲 ， 有 馬 百 乘 ， 死 於 牖下 。 群 子 勉 之 ！ 死 不 在 寇 。 ”,簡子  巡  列  曰  “畢  萬  匹夫  也  七  戰  皆  獲  ，  有  馬  百  乘  死  於  牖  下  ，  群  子  勉  之  ，  死  不  在  寇  ”  ？  。,0.8214285714285715,0.15384615384615383,0.8214285714285715,1.0,0.12637362637362637
繁羽御趙羅宋勇為右,繁羽 御 趙羅 ， 宋勇 為 右 。,，：繁羽御趙羅宋勇為右。，。。，。，。，,0.0,0.6666666666666666,0.0,1.0,0.0
羅無勇麇之,羅 無 勇 ， 麇 之 。,羅無勇麇之，。，。，，。，、，,0.0,0.6666666666666666,0.0,1.0,0.0
吏詰之御對曰“痁作而伏”,吏 詰 之 ， 御 對 曰 ： “ 痁 作 而 伏 。 ”,吏 詰 之  御 對 曰 “痁   作 而 伏 ” ,0.8695652173913043,0.0,0.8695652173913043,1.0,0.0
衛太子禱曰“曾孫蒯聵敢昭告皇祖文王烈祖康叔文祖襄公鄭勝亂從晉午在難不能治亂使鞅討之蒯聵不敢自佚備持矛焉敢告無絕筋無折骨無面傷以集大事無作三祖羞大命不敢請佩玉不敢愛”,衛太子 禱 曰 ： “ 曾孫蒯聵 敢 昭告 皇祖文王 、 烈祖康叔 ， 文祖襄公 ： 鄭勝 亂 從 ， 晉午 在 難 ， 不能 治亂 ， 使 鞅 討 之 。 蒯聵 不 敢 自佚 ， 備 持 矛 焉 。 敢 告 無 絕筋 ， 無 折骨 ， 無 面傷 ， 以 集 大事 ， 無 作 三祖 羞 。 大命 不 敢 請 ， 佩玉 不 敢 愛 。 ”,衛 太子 禱 曰 “ 曾 孫 蒯 聵 敢 昭 告 皇 祖 文 王 烈 祖 康 叔 文 祖 襄 公 鄭勝  亂 從 晉 午 在 難 不 能 治 亂 使鞅討   之 蒯聵   不 敢 自 佚 備 持 矛 焉 敢 告 無 絕 筋 無 折 骨 無 面 傷 以 集 大 事 無 作 三 祖 羞 大 命 不 敢 請 佩玉不敢愛”,0.4761904761904762,0.0,0.4761904761904762,1.0,0.0
鄭人擊簡子中肩斃于車中獲其蜂旗,鄭人 擊 簡子 中 肩 ， 斃 于 車中 ， 獲 其 蜂旗 。,鄭人擊    簡子  中  肩  斃  于  車  中  獲  其  蜂  旗  。,0.6086956521739131,0.5,0.6086956521739131,1.0,0.30434782608695654
太子救之以戈,太子 救 之 以 戈 。,太子救之以戈，。，。，，。，、，,0.0,1.0,0.0,1.0,0.0
鄭師北獲溫大夫趙羅,鄭師 北 ， 獲 溫大夫趙羅 。,鄭 師 北 獲 溫 大夫 趙 羅,0.3333333333333333,0.0,0.3333333333333333,1.0,0.0
太子復伐之鄭師大敗獲齊粟千車,太子 復 伐 之 ， 鄭師 大敗 ， 獲 齊 粟 千 車 。,"，。，。：- ""太子""，（），。- ""復伐之鄭師大敗獲齊粟千車""，""""，""""，""",0.15384615384615385,0.0,0.0,1.0,0.0
趙孟喜曰“可矣”,趙孟 喜 曰 ： “ 可 矣 。 ”,趙 孟 喜 曰 “ 可 矣 ”,0.7999999999999999,0.0,0.7999999999999999,1.0,0.0
傅叟曰“雖克鄭猶有知在憂未艾也”,傅叟 曰 ： “ 雖 克 鄭 ， 猶 有 知 在 ， 憂 未 艾 也 。 ”,傅叟  曰  “  雖  克  鄭  猶  有  知  在憂    未  艾  也  ”  。,0.896551724137931,0.0,0.896551724137931,1.0,0.0
初周人與范氏田公孫尨稅焉趙氏得而獻之,初 ， 周人 與 范氏 田 ， 公孫尨 稅 焉 ， 趙氏 得 而 獻 之 。,，。，。：初周人與范氏田公孫尨稅焉趙氏得而獻之。，，。。，,0.0,0.4,0.0,1.0,0.0
吏請殺之,吏 請 殺 之 。,，：吏請殺之。，。。，。，。？,0.0,1.0,0.0,1.0,0.0
趙孟曰“為其主也何罪”,趙孟 曰 ： “ 為 其 主 也 ， 何 罪 ？ ”,：，：，趙孟曰，“為其主也何罪”。，，。，：。，,0.0,0.0,0.0,1.0,0.0
止而與之田,止 而 與 之 田 。,止，。，。，，。，、，而與之田,0.0,0.0,0.0,1.0,0.0
及鐵之戰以徒五百人宵攻鄭師取蜂旗於子姚之幕下獻曰“請報主德”,及 鐵 之 戰 ， 以 徒 五百 人 宵 攻 鄭師 ， 取 蜂旗 於 子姚 之 幕下 ， 獻 ， 曰 ： “ 請 報 主 德 。 ”,"，。，。：- ""及鐵之戰""：，（""""），。- ""以徒五百人宵攻鄭師取蜂旗於子姚之幕下獻曰“請報主德”""：""""，""""""""；""""；""",0.0,0.0,0.0,1.0,0.0
追鄭師姚般公孫林殿而射前列多死,追 鄭師 ， 姚 、 般 、 公孫林 殿 而 射 ， 前列 多 死 。,追 鄭 師 姚般 公 孫 林 殿 而 射 前 列 多 死,0.4799999999999999,0.0,0.4799999999999999,1.0,0.0
趙孟曰“國無小”,趙孟 曰 ： “ 國 無 小 。 ”,趙 孟 曰 “ 國 無 小 ”,0.7999999999999999,0.0,0.7999999999999999,1.0,0.0
既戰簡子曰“吾伏弢嘔血鼓音不衰今日我上也”,既 戰 ， 簡子 曰 ： “ 吾 伏 弢 嘔血 ， 鼓音 不 衰 ， 今日 我 上 也 。 ”,既 戰簡  子 曰 “ 吾 伏 弢 嘔 血 鼓 音 不 衰 今 日 我 上 也 ”,0.6486486486486486,0.0,0.6486486486486486,1.0,0.0
太子曰“吾救主於車退敵於下我右之上也”,太子 曰 ： “ 吾 救 主 於 車 ， 退 敵 於 下 ， 我 ， 右 之 上 也 。 ”,太子 曰 “ 吾 救 主 於 車 退敵  於 下 我 右 之 上 也 ”,0.9142857142857143,0.0,0.9142857142857143,1.0,0.0
郵良曰“我兩靷將絕吾能止之我御之上也”,郵良 曰 ： “ 我 兩 靷 將 絕 ， 吾 能 止 之 ， 我 ， 御 之 上 也 。 ”,郵 良 曰 “ 我 兩 靷 將 絕 吾 能 止 之 我 御 之 上 也 ”,0.918918918918919,0.0,0.918918918918919,1.0,0.0
駕而乘材兩靷皆絕,駕 而 乘 材 ， 兩 靷 皆 絕 。,，。，。：駕，。而，，。，乘材兩靷皆絕,0.0,0.0,0.0,1.0,0.0
吳泄庸如蔡納聘,吳泄庸 如 蔡 納聘 。,吳 泄庸 如 蔡 納 聘,0.4,0.0,0.4,1.0,0.0
而稍納師,而 稍 納 師 。,而 稍 納 師,1.0,0.0,1.0,1.0,0.0
師畢入眾知之,師 畢 入 ， 眾 知 之 。,師畢入眾知之，。，。，，。，、，,0.0,0.6666666666666666,0.0,1.0,0.0
蔡侯告大夫殺公子駟以說,蔡侯 告 大夫 ， 殺 公子駟 以 說 。,，。，。：蔡侯告大夫殺公子駟以說。，，。，，，,0.0,0.6666666666666666,0.0,1.0,0.0
哭而遷墓,哭 而 遷墓 。,哭而遷墓，，。。，，。，（）、，-:、。,0.0,1.0,0.0,1.0,0.0
冬蔡遷于州來,冬 ， 蔡 遷 于 州來 。,冬蔡遷，。于州來，。，，。，、，,0.0,0.5,0.0,1.0,0.0
三年春齊衛圍戚求援于中山,三 年 ， 春 ， 齊 、 衛 圍 戚 ， 求援 于 中山 。,"：，""三年春齊衛圍戚求援于中山""。，、。。""""，，。",0.0,0.33333333333333337,0.0,1.0,0.0
夏五月辛卯司鐸火,夏 ， 五月辛卯 ， 司鐸 火 。,夏五月辛卯司鐸火，。，。，，。，（）、，-:、。，,0.0,0.5,0.0,1.0,0.0
火逾公宮桓僖災,火 逾 公宮 ， 桓 、 僖 災 。,火 逾 公 宮 桓僖  災,0.5,0.0,0.5,1.0,0.0
救火者皆曰顧府,救火 者 皆 曰 顧 府 。,救火者皆曰顧府，。，。，，。，、，,0.0,1.0,0.0,1.0,0.0
南宮敬叔至命周人出御書俟於宮曰“庀女而不在死”,南宮敬叔 至 ， 命 周人 出 御書 ， 俟 於 宮 ， 曰 ： “ 庀 女 ， 而 不 在 ， 死 。 ”,"：，""南宮敬叔至命周人出御書俟於宮曰“庀女而不在死”""。，：（）（），""""。。",0.0,0.0,0.0,1.0,0.0
子服景伯至命宰人出禮書以待命,子服景伯 至 ， 命 宰人 出 禮書 ， 以 待命 。,子服景伯至命宰人出禮書以待命。,0.0,0.5,0.0,1.0,0.0
命不共有常刑,命 不共 ， 有 常刑 。,命 不 共 有 常 刑,0.4,0.0,0.4,1.0,0.0
校人乘馬巾車脂轄百官官備府庫慎守官人肅給,校人 乘 馬 ， 巾車 脂 轄 ， 百官 官 備 ， 府庫 慎 守 ， 官人 肅給 。,，。，。：校人乘馬巾車脂轄百官官備府庫慎守官人肅給。，。，。。,0.0,0.33333333333333337,0.0,1.0,0.0
濟濡帷幕郁攸從之,濟 濡 帷幕 ， 郁攸 從 之 。,濟濡帷幕郁攸從之，。，。，，。，，、，,0.0,0.6666666666666666,0.0,1.0,0.0
蒙葺公屋自太廟始外內以悛,蒙 葺 公屋 ， 自 太廟 始 ， 外內 以 悛 。,蒙葺公屋自太廟始外內以悛,0.0,0.0,0.0,1.0,0.0
助所不給,助 所 不 給 。,，：助所不給。，。：- ：，。- ：，。- ,0.0,1.0,0.0,1.0,0.0
有不用命則有常刑無赦,有 不 用命 ， 則 有 常刑 ， 無 赦 。,有 不用 命 則 有 常 刑 無 赦,0.5882352941176471,0.0,0.5882352941176471,1.0,0.0
公父文伯至命校人駕乘車,公父文伯 至 ， 命 校人 駕 乘車 。,，：公父文伯至命校人駕乘車。，。。，。，。，，,0.0,0.6666666666666666,0.0,1.0,0.0
季桓子至御公立于象魏之外命救火者傷人則止財可為也,季桓子 至 ， 御公 立 于 象魏 之 外 ， 命 救火 者 傷 人 則 止 ， 財 可 為 也 。,季 桓子 至  御公  立 于  象魏 之 外  命 救火 者  傷人 則 止  財 可 為 也 ,0.8421052631578947,0.0,0.8421052631578947,1.0,0.0
命藏象魏曰“舊章不可亡也”,命 藏 象魏 ， 曰 ： “ 舊章 不可 亡 也 。 ”,，。，。：命藏象魏，，；，；，。曰“舊章不可亡也”,0.0,0.0,0.0,1.0,0.0
富父槐至曰“無備而官辦者猶拾瀋也”,富父槐 至 ， 曰 ： “ 無 備 而 官辦 者 ， 猶 拾瀋 也 。 ”,富父  槐  至  曰  “  無備    而  官  辦  者猶    拾  瀋  也  ”  。 ,0.4444444444444445,0.0,0.4444444444444445,1.0,0.0
於是乎去表之槁道還公宮,於是乎 去 表 之 槁 ， 道 還 公宮 。,於 是乎  去 表 之槁  道 還 公 宮,0.47058823529411764,0.0,0.47058823529411764,1.0,0.0
孔子在陳聞火曰“其桓僖乎”,孔子 在 陳 ， 聞 火 ， 曰 ： “ 其 桓 、 僖 乎 ！ ”,，。：孔子在陳聞火曰。，。“其桓僖乎”，，？。，,0.0,0.0,0.0,1.0,0.0
劉氏范氏世為婚姻萇弘事劉文公故周與范氏,劉氏 、 范氏 世 為 婚姻 ， 萇弘 事 劉文公 ， 故 周 與 范氏 。,，。，。，，。，、，。，。：劉氏范氏世為婚姻萇弘事劉文公故周與范氏,0.0,0.0,0.0,1.0,0.0
趙鞅以為討,趙鞅 以 為 討 。,趙鞅   以 為 討 ,1.0,0.0,1.0,1.0,0.0
六月癸卯周人殺萇弘,六月癸卯 ， 周人 殺 萇弘 。,，。：六月癸卯周人殺萇弘。。：- ：，，。- ：，,0.0,0.6666666666666666,0.0,1.0,0.0
秋季孫有疾命正常曰“無死南孺子之子男也則以告而立之女也則肥也可”,秋 ， 季孫 有 疾 ， 命 正常 曰 ： “ 無 死 ！ 南孺子 之 子 ， 男 也 ， 則 以 告 而 立 之 ； 女 也 ， 則 肥 也 可 。 ”,秋 季 孫 有 疾 命 正 常 曰 “ 無 死 南 孺 子 之 子 男 也 則 以 告 而 立 之 女 也 則 肥也 可 ”,0.7796610169491526,0.0,0.7796610169491526,1.0,0.0
季孫卒康子即位,季孫 卒 ， 康子 即位 。,季 孫 卒 康 子 即 位,0.18181818181818182,0.0,0.18181818181818182,1.0,0.0
既葬康子在朝,既 葬 ， 康子 在 朝 。,既葬康子在朝，。，。，，。，、，,0.0,0.6666666666666666,0.0,1.0,0.0
南氏生男正常載以如朝告曰“夫子有遺言命其圉臣曰南氏生男則以告於君與大夫而立之’今生矣男也敢告”,南氏 生 男 ， 正常 載 以 如 朝 ， 告 曰 ： “ 夫子 有 遺言 ， 命 其 圉臣 曰 ： 南氏 生 男 ， 則 以 告 於 君 與 大夫 而 立 之 。 ’ 今 生 矣 ， 男 也 ， 敢 告 。 ”,南氏 生 男 正常 載 以 如 朝 告 曰 “ 夫子 有遺 言 命 其圉  臣 曰 南氏 生 男 則 以 告 於 君 與 大夫 而 立 之 ’今 生 矣 男 也 敢 告 ”,0.8607594936708861,0.0,0.8607594936708861,1.0,0.0
遂奔衛,遂 奔 衛 。,遂 奔衛 ,0.4,0.0,0.4,1.0,0.0
康子請退,康子 請 退 。,，：康子請退。，。。，。，。：,0.0,1.0,0.0,1.0,0.0
公使共劉視之則或殺之矣,公 使 共劉 視 之 ， 則 或 殺 之 矣 。,"，。，。：公使共劉視之則或殺之矣。""""（）、""""（），：""""（）、""",0.0,0.6666666666666666,0.0,1.0,0.0
乃討之,乃 討 之 。,乃 討 之 。,1.0,1.0,1.0,1.0,1.0
召正常正常不反,召 正常 ， 正常 不 反 。,召 正 常正常 不 反,0.6,0.0,0.6,1.0,0.0
冬十月晉趙鞅圍朝歌師于其南荀寅伐其郛使其徒自北門入己犯師而出,冬 ， 十月 ， 晉趙鞅 圍 朝歌 ， 師 于 其 南 ， 荀寅 伐 其 郛 ， 使 其 徒 自 北門 入 ， 己 犯 師 而 出 。,，。，。：冬十月晉趙鞅圍朝歌師于其南荀寅伐其郛使其徒自北門入己犯師而出。，，，（），,0.0,0.25,0.0,1.0,0.0
癸醜奔邯鄲,癸醜 ， 奔 邯鄲 。,，：癸醜奔邯鄲。。：- ：，，。- ：,0.0,0.6666666666666666,0.0,1.0,0.0
十一月趙鞅殺士皋夷惡范氏也,十一月 ， 趙鞅 殺 士皋夷 ， 惡 范氏 也 。,十，一月趙鞅殺士皋夷惡范氏也。，。，，。，、，。，,0.0,0.4,0.0,1.0,0.0
四年春蔡昭將如吳,四年 ， 春 ， 蔡昭 將 如 吳 。,四年春蔡昭將，。，。，，。，，如吳。,0.0,0.4,0.0,1.0,0.0
諸大夫恐其又遷也承公孫翩逐而射之入於家人而卒,諸 大夫 恐 其 又 遷 也 ， 承 ； 公孫翩 逐 而 射 之 ， 入 於 家人 而 卒 。,諸 大夫 恐 其 又 遷 也 承 公孫 翩 逐 而 射 之 入 於 家人 而 卒,0.918918918918919,0.0,0.918918918918919,1.0,0.0
以兩矢門之眾莫敢進,以 兩 矢 門 之 ， 眾 莫 敢 進 。,以 兩矢門 之 眾 莫 敢進 ,0.5333333333333333,0.0,0.5333333333333333,1.0,0.0
文之鍇後至曰“如墻而進多而殺二人”,文之鍇 後 至 ， 曰 ： “ 如 墻 而 進 ， 多 而 殺 二 人 。 ”,，。，。：文之鍇後至曰，“，（如墻而進多而殺二），。，。人”,0.0,0.0,0.0,1.0,0.0
鍇執弓而先翩射之中肘鍇遂殺之,鍇 執 弓 而 先 ， 翩 射 之 ， 中 肘 ； 鍇 遂 殺 之 。,，。：鍇執弓而先翩射之中肘鍇遂殺之。，（），：      。,0.0,0.4,0.0,1.0,0.0
故逐公孫辰而殺公孫姓公孫盱,故 逐 公孫辰 而 殺 公孫姓 、 公孫盱 。,故 逐 公孫  辰 而 殺 公孫  姓 公孫  盱,0.47058823529411764,0.0,0.47058823529411764,1.0,0.0
夏楚人既克夷虎乃謀北方,夏 ， 楚人 既 克 夷虎 ， 乃 謀 北方 。,"：，""夏楚人既克夷虎乃謀北方""。，。。""""：，（），",0.0,0.5,0.0,1.0,0.0
左司馬眅申公壽餘葉公諸梁致蔡於負函致方城之外於繒關曰“吳將泝江入郢將奔命焉”,左司馬眅 、 申公壽餘 、 葉公諸梁 致 蔡 於 負函 ， 致 方城 之 外 於 繒關 ， 曰 ： “ 吳 將 泝 江 入 郢 ， 將 奔命 焉 。 ”,左司  馬  眅  申  公壽    餘葉    公  諸  梁  致  蔡  於  負  函  致  方  城  之  外  於  繒關    曰  “  吳  將  泝  江  入  郢  ，  將  奔  命焉”,0.5964912280701754,0.25,0.5964912280701754,1.0,0.14912280701754385
為一昔之期襲梁及霍,為 一昔 之 期 ， 襲 梁 及 霍 。,"：。""為""，一，""""""""，。""""，""""，。""昔之期襲梁及霍""，""""""""",0.0,0.0,0.0,1.0,0.0
單浮餘圍蠻氏蠻氏潰,單浮餘 圍 蠻氏 ， 蠻氏 潰 。,單浮餘圍蠻氏 蠻氏潰,0.0,0.0,0.0,1.0,0.0
蠻子赤奔晉陰地,蠻子赤 奔 晉 陰地 。,"，。""蠻子赤奔晉陰地""，。：- """"：，，""""（",0.0,1.0,0.0,1.0,0.0
司馬起豐析與狄戎以臨上雒,司馬 起 豐 、 析 與 狄戎 ， 以 臨 上雒 。,司馬 起 豐析  與 狄戎  以 臨 上 雒 ,0.6666666666666666,0.0,0.6666666666666666,1.0,0.0
左師軍于菟和右師軍于倉野使謂陰地之命大夫士蔑曰“晉楚有盟好惡同之若將不廢寡君之愿也不然將通於少習以聽命”,左師 軍 于 菟和 ， 右師 軍 于 倉野 ， 使 謂 陰地 之 命大夫士蔑 曰 ： “ 晉 、 楚 有 盟 ， 好惡 同 之 。 若 將 不 廢 ， 寡君 之 愿 也 。 不 然 ， 將 通 於 少習 以 聽命 。 ”,左 師軍  于 菟 和 右 師軍  于 倉 野 使 謂陰  地 之 命 大夫 士蔑  曰 “ 晉 楚 有 盟 好 惡 同 之 若 將 不廢  寡 君 之 愿 也 不 然 將 通 於 少 習 以聽  命 ”,0.5476190476190476,0.0,0.5476190476190476,1.0,0.0
士蔑請諸趙孟,士蔑 請 諸 趙孟 。,士蔑   請  諸  趙  孟  。,0.6666666666666665,1.0,0.6666666666666665,1.0,0.6666666666666665
趙孟曰“晉國未寧安能惡於楚必速與之”,趙孟 曰 ： “ 晉國 未 寧 ， 安 能 惡 於 楚 ？ 必 速 與 之 ！ ”,趙 孟 曰 “ 晉 國 未 寧 安 能 惡 於 楚 必 速 與 之 ”,0.823529411764706,0.0,0.823529411764706,1.0,0.0
士蔑乃致九州之戎將裂田以與蠻子而城之且將為之卜,士蔑 乃 致 九州 之 戎 ， 將 裂 田 以 與 蠻子 而 城 之 ， 且 將 為 之 卜 。,士蔑  乃 致 九州 之 戎 將 裂 田 以與  蠻 子 而 城 之 且 將為  之 卜,0.7692307692307692,0.0,0.7692307692307692,1.0,0.0
蠻子聽卜遂執之與其五大夫以畀楚師于三戶,蠻子 聽 卜 ， 遂 執 之 與 其 五 大夫 ， 以 畀 楚師 于 三戶 。,，：蠻子聽卜遂執之與其五大夫以畀楚師于三戶。，。。，，，。，,0.0,0.5,0.0,1.0,0.0
司馬致邑立宗焉以誘其遺民而盡俘以歸,司馬 致 邑 立 宗 焉 ， 以 誘 其 遺民 ， 而 盡 俘 以 歸 。,司馬 致 邑 立 宗 焉  以 誘 其 遺 民 而盡  俘 以歸  ,0.689655172413793,0.0,0.689655172413793,1.0,0.0
秋七月齊陳乞弦施衛甯跪救范氏,秋 七月 ， 齊陳乞 、 弦施 、 衛甯跪 救 范氏 。,，：秋七月齊陳乞弦施衛甯跪救范氏。，。。，，，、、,0.0,0.4,0.0,1.0,0.0
庚午圍五鹿,庚午 ， 圍 五鹿 。,，：庚午圍五鹿。，。，，。，。，,0.0,0.6666666666666666,0.0,1.0,0.0
九月趙鞅圍邯鄲,九月 ， 趙鞅 圍 邯鄲 。,九月 趙鞅圍  邯鄲,0.5714285714285715,0.0,0.5714285714285715,1.0,0.0
冬十一月邯鄲降,冬 ， 十一月 ， 邯鄲 降 。,冬十，一月邯鄲降。，。，，。，、，,0.0,0.4,0.0,1.0,0.0
荀寅奔鮮虞趙稷奔臨,荀寅 奔 鮮虞 ， 趙稷 奔 臨 。,"，。，""荀寅奔鮮虞""  ""趙稷奔臨"" 。，，""""（），",0.0,0.5,0.0,1.0,0.0
十二月弦施逆之遂墮臨,十二月 ， 弦施 逆 之 ， 遂 墮 臨 。,，。，。：- 十二月：，。- 弦施逆之遂墮臨：。（、），,0.22222222222222224,0.4,0.0,1.0,0.0888888888888889
國夏伐晉取邢任欒鄗逆畤陰人盂壺口會鮮虞納荀寅于柏人,國夏 伐 晉 ， 取 邢 、 任 、 欒 、 鄗 、 逆畤 、 陰人 、 盂 、 壺口 ， 會 鮮虞 ， 納 荀寅 于 柏人 。,，。，。：- 國夏伐晉取邢任欒鄗逆畤陰人盂壺口會鮮虞納荀寅于柏人：（）（）（）。，，，，，。，： ,0.0,0.16666666666666669,0.0,1.0,0.0
五年春晉圍柏人荀寅士吉射奔齊,五年 ， 春 ， 晉 圍 柏人 ， 荀寅 、 士吉射 奔 齊 。,，。，《》。：- 五年春：，，。，。- 晉圍柏人荀寅士吉射奔齊：,0.0,0.0,0.0,1.0,0.0
初范氏之臣王生惡張柳朔言諸昭子使為柏人,初 ， 范氏 之 臣 王生 惡 張柳朔 ， 言 諸 昭子 ， 使 為 柏人 。,，：初范氏之臣王生惡張柳朔言諸昭子使為柏人。，。。，，，。，,0.0,0.4,0.0,1.0,0.0
昭子曰“夫非而讎乎”,昭子 曰 ： “ 夫 非 而 讎 乎 ？ ”,，：昭子曰“夫非而讎乎”。，。。，。，。，,0.0,0.0,0.0,1.0,0.0
對曰“私讎不及公好不廢過惡不去善義之經也臣敢違之”,對 曰 ： “ 私讎 不 及 公 ， 好 不 廢 過 ， 惡 不 去 善 ， 義 之 經 也 ， 臣 敢 違 之 ？ ”,對 曰 “ 私 讎 不 及 公 好 不廢  過 惡 不 去 善 義 之 經 也 臣 敢 違 之 ”,0.875,0.0,0.875,1.0,0.0
及范氏出張柳朔謂其子“爾從主勉之我將止死王生授我矣吾不可以僭之”,及 范氏 出 ， 張柳朔 謂 其 子 ： “ 爾 從 主 ， 勉 之 ！ 我 將 止 死 ， 王生 授 我 矣 ， 吾 不 可以 僭 之 。 ”,及 范氏 出 張 柳朔 謂 其 子 “爾  從 主 勉 之 我 將 止 死 王 生 授 我 矣 吾 不 可 以僭  之 ”,0.7636363636363638,0.0,0.7636363636363638,1.0,0.0
遂死於柏人,遂 死 於 柏人 。,遂 死 於 柏人,1.0,0.0,1.0,1.0,0.0
夏趙鞅伐衛范氏之故也遂圍中牟,夏 ， 趙鞅 伐 衛 ， 范氏 之 故 也 ， 遂 圍 中牟 。,夏 趙鞅  伐衛    范氏  之  故  也  遂  圍  中牟  。,0.8571428571428572,0.4,0.8571428571428572,1.0,0.3428571428571429
齊燕姬生子不成而死,齊燕姬 生 子 ， 不 成 而 死 。,齊 燕 姬 生 子 不 成 而 死,0.75,0.0,0.75,1.0,0.0
諸子鬻姒之子荼嬖諸大夫恐其為太子也言於公曰“君之齒長矣未有太子若之何”,諸子鬻姒 之 子 荼 嬖 ， 諸 大夫 恐 其 為 太子 也 ， 言 於 公 曰 ： “ 君 之 齒長 矣 ， 未 有 太子 ， 若之何 ？ ”,諸子 鬻姒   之 子荼嬖諸       大夫   恐 其 為 太子 也  言 於 公 曰 “  君 之 齒 長矣   未 有 太子  若 之  何  ” ,0.6923076923076923,0.0,0.6923076923076923,1.0,0.0
公曰“二三子間於憂虞則有疾疢亦姑謀樂何憂於無君”,公 曰 ： “ 二三子 間 於 憂虞 ， 則 有 疾疢 ， 亦 姑 謀 樂 ， 何 憂 於 無 君 ？ ”,，。，《》。：- 公曰，（）。，，。- “二三子間於憂虞則有疾疢亦姑謀樂何憂於無君”，，,0.0,0.0,0.0,1.0,0.0
公疾使國惠子高昭子立荼寘群公子於萊,公 疾 ， 使 國惠子 、 高昭子 立 荼 ， 寘 群 公子 於 萊 。,"，。，。：""公疾""，。""使""，。""國惠子高昭子""，。""立荼寘群公子於萊",0.0,0.0,0.0,1.0,0.0
秋齊景公卒,秋 ， 齊景公 卒 。,秋齊景公卒，。，。，，。，、，,0.0,0.6666666666666666,0.0,1.0,0.0
冬十月公子嘉公子駒公子黔奔衛公子鉏公子陽生來奔,冬 ， 十月 ， 公子嘉 、 公子駒 、 公子黔 奔 衛 ， 公子鉏 、 公子陽生 來 奔 。,，。，《》。：冬十月公子嘉公子駒公子黔奔衛公子鉏公子陽生來奔。，。：，。，，，,0.0,0.25,0.0,1.0,0.0
萊人歌之曰“景公死乎不與埋三軍之事乎不與謀師乎師乎何黨之乎”,萊人 歌 之 曰 ： “ 景公 死 乎 不 與 埋 ， 三軍 之 事 乎 不 與 謀 ， 師 乎 師 乎 ， 何 黨 之 乎 ？ ”,，。，。萊人歌之曰，。。：“景公死乎不與埋三軍之事乎不與謀師乎師乎何黨之乎”。，。，。，,0.0,0.0,0.0,1.0,0.0
鄭駟秦富而侈嬖大夫也而常陳卿之車服於其庭,鄭 駟秦 富 而 侈 ， 嬖大夫 也 ， 而 常 陳 卿 之 車服 於 其 庭 。,鄭  駟秦  富  而侈嬖    大夫  也  而  常  陳  卿  之  車服  於  其  庭  。,0.8387096774193549,0.5,0.8387096774193549,1.0,0.41935483870967744
鄭人惡而殺之,鄭人 惡 而 殺 之 。,鄭人惡而殺之。,0.0,1.0,0.0,1.0,0.0
子思曰“詩曰‘不解于位民之攸墍’不守其位而能久者鮮矣商頌曰‘不僭不濫不敢怠皇命以多福’”,子思 曰 ： “ 《 詩 》 曰 ： ‘ 不 解 于 位 ， 民 之 攸 墍 。 ’ 不 守 其 位 而 能 久 者 鮮 矣 。 商頌 曰 ： ‘ 不 僭 不 濫 ， 不 敢 怠皇 ， 命 以 多福 。 ’ ”,子 思 曰 “ 詩 曰 ‘  不解 于 位 民 之 攸 墍 ’ 不 守 其 位 而 能 久 者 鮮 矣 商 頌 曰 ‘ 不 僭 不 濫  不敢怠  皇 命 以 多 福 ’ ”,0.7901234567901235,0.0,0.7901234567901235,1.0,0.0
六年春晉伐鮮虞治范氏之亂也,六年 ， 春 ， 晉 伐 鮮虞 ， 治 范氏 之 亂 也 。,六年春晉伐鮮虞治范氏之亂也，。，。，，。、，、、。，,0.0,0.4,0.0,1.0,0.0
吳伐陳復修舊怨也,吳 伐 陳 ， 復 修 舊怨 也 。,吳伐陳復修舊怨也,0.0,0.0,0.0,1.0,0.0
楚子曰“吾先君與陳有盟不可以不救”,楚子 曰 ： “ 吾 先君 與 陳 有 盟 ， 不 可以 不 救 。 ”,，。，楚子，，。，曰，。“吾先君，，。與陳有盟不可以不救”，。,0.0,0.0,0.0,1.0,0.0
乃救陳師于城父,乃 救 陳 ， 師 于 城父 。,乃 救  陳師  于  城父  。,0.7272727272727272,0.6666666666666666,0.7272727272727272,1.0,0.48484848484848475
齊陳乞偽事高國者每朝必驂乘焉,齊陳乞 偽 事 高 、 國 者 ， 每 朝 ， 必 驂乘 焉 。,齊陳乞偽事高國者每朝必驂乘焉,0.0,0.0,0.0,1.0,0.0
所從必言諸大夫曰“彼皆偃蹇將棄子之命皆曰‘高國得君必偪我盍去諸’固將謀子子早圖之圖之莫如盡滅之需事之下也”,所 從 ， 必 言 諸 大夫 曰 ： “ 彼 皆 偃蹇 ， 將 棄 子 之 命 。 皆 曰 ： ‘ 高 、 國 得君 ， 必 偪 我 ， 盍 去 諸 ？ ’ 固 將 謀 子 ， 子 早 圖 之 ！ 圖 之 ， 莫 如 盡 滅 之 。 需 ， 事 之 下 也 。 ”,所 從 必 言 諸 大 夫 曰 “ 彼 皆 偃蹇 將 棄 子 之 命 皆 曰 ‘ 高 國 得 君 必 偪 我 盍 去諸  ’ 固 將 謀 子 子 早 圖 之 圖 之 莫 如盡滅   之 需 事 之 下 也 ”,0.8686868686868686,0.0,0.8686868686868686,1.0,0.0
及朝則曰“彼虎狼也見我在子之側殺我無日矣請就之位”,及 朝 ， 則 曰 ： “ 彼 ， 虎狼 也 。 見 我 在 子 之 側 ， 殺 我 無日 矣 ， 請 就 之 位 。 ”,及 朝 則 曰 “ 彼 虎 狼 也 ， 見 我 在 子 之側  殺 我 無 日 矣 ， 請 就 之 位 ”,0.8085106382978724,0.22222222222222224,0.8085106382978724,1.0,0.17966903073286056
又謂諸大夫曰“二子者禍矣恃得君而欲謀二三子曰國之多難貴寵之由盡去之而後君定’既成謀矣盍及其未作也先諸作而後悔亦無及也”,又 謂 諸 大夫 曰 ： “ 二 子 者 禍 矣 ， 恃 得君 而 欲 謀 二三 子 ， 曰 ： 國 之 多難 ， 貴寵 之 由 ， 盡 去 之 而後 君 定 。 ’ 既 成謀 矣 ， 盍 及 其 未 作 也 ， 先 諸 ？ 作 而後 悔 ， 亦 無 及 也 。 ”,又 謂  諸  大夫  曰  “  二  子  者  禍  矣  恃  得  君  而  欲  謀  二  三  子  曰  國  之  多  難  貴寵    之  由盡    去  之  而  後  君  定  ’  既  成  謀  矣  盍  及  其  未  作也先諸作而後悔亦無及也”,0.6736842105263158,0.0,0.6736842105263158,1.0,0.0
大夫從之,大夫 從 之 。,大 夫 從 之,0.5714285714285715,0.0,0.5714285714285715,1.0,0.0
夏六月戊辰陳乞鮑牧及諸大夫以甲入于公宮,夏 ， 六月 戊辰 ， 陳乞 、 鮑牧 及 諸 大夫 以 甲 入 于 公宮 。,夏 六月 戊辰 陳乞 鮑牧 及 諸 大夫 以 甲 入 于 公 宮,0.888888888888889,0.0,0.888888888888889,1.0,0.0
昭子聞之與惠子乘如公,昭子 聞 之 ， 與 惠子 乘 如 公 。,，：昭子聞之與惠子乘如公。，。。，。，。，,0.0,0.6666666666666666,0.0,1.0,0.0
戰于莊敗,戰 于 莊 ， 敗 。,戰  于  莊  敗  。,1.0,0.6666666666666666,1.0,1.0,0.6666666666666666
國人追之國夏奔莒遂及高張晏圉弦施來奔,國人 追 之 ， 國夏 奔 莒 ， 遂 及 高張 、 晏圉 、 弦施 來 奔 。,，。，。：- 國人：，。- 追之：（，）。- 國夏：，。- 奔莒遂及高張晏圉弦施來奔,0.23529411764705882,0.0,0.0,1.0,0.0
秋七月楚子在城父將救陳,秋 ， 七月 ， 楚子 在 城父 ， 將 救 陳 。,"：，""秋七月楚子在城父將救陳""。，。。""""（），。""""""""",0.0,0.4,0.0,1.0,0.0
卜戰不吉卜退不吉,卜 戰 ， 不 吉 ； 卜 退 ， 不 吉 。,卜戰  不 吉 卜 退 不 吉,0.7999999999999999,0.0,0.7999999999999999,1.0,0.0
王曰“然則死也再敗楚師不如死棄盟逃讎亦不如死死一也其死讎乎”,王 曰 ： “ 然 則 死 也 。 再 敗 楚師 ， 不如 死 ； 棄 盟 、 逃 讎 ， 亦 不如 死 。 死 一 也 。 其 死 讎 乎 ！ ”,王 曰 “ 然 則 死 也 再 敗 楚 師 不 如 死 棄 盟逃  讎 亦 不 如 死 死 一 也 其 死 讎乎  ”,0.7272727272727273,0.0,0.7272727272727273,1.0,0.0
命公子申為王不可則命公子結亦不可則命公子啟五辭而後許,命 公子申 為 王 ， 不 可 ； 則 命 公子結 ， 亦 不 可 ； 則 命 公子啟 ， 五 辭 而後 許 。,命 公子申為  王 不可 則 命 公子結 亦 不可 則 命 公子啟 五 辭 而 後 許,0.6666666666666667,0.0,0.6666666666666667,1.0,0.0
將戰王有疾,將 戰 ， 王 有 疾 。,將戰  王 有 疾,0.6666666666666665,0.0,0.6666666666666665,1.0,0.0
庚寅昭王攻大冥卒于城父,庚寅 ， 昭王 攻 大冥 ， 卒 于 城父 。,，：庚寅昭王攻大冥卒于城父。，。。，，，,0.0,0.5,0.0,1.0,0.0
子閭退曰“君王舍其子而讓群臣敢忘君乎從君之命順也立君之子亦順也二順不可失也”,子閭 退 ， 曰 ： “ 君王 舍 其 子 而 讓 ， 群 臣 敢 忘 君 乎 ？ 從 君 之 命 ， 順 也 ； 立 君 之 子 ， 亦 順 也 。 二 順 不可 失 也 。 ”,子閭 退 曰 “ 君 王 舍 其 子 而 讓 群 臣 敢 忘 君乎  從 君 之 命 順 也 立 君 之 子 亦 順 也 二 順 不 可 失 也 ”,0.8732394366197184,0.0,0.8732394366197184,1.0,0.0
與子西子期謀潛師閉涂逆越女之子章立之而後還,與 子西 、 子期 謀 ， 潛師 閉 涂 ， 逆 越女 之 子 章 立 之 ， 而後 還 。,與 子 西  子 期  謀潛   師  閉 涂  逆 越  女  之  子 章  立  之  而  後  還  。,0.5555555555555556,0.33333333333333337,0.5555555555555556,1.0,0.1851851851851852
是歲也有云如眾赤鳥夾日以飛三日,是 歲 也 ， 有 云 如 眾 赤鳥 ， 夾日 以 飛 三 日 。,，。：是歲也有云如眾赤鳥夾日以飛三日。，，，，,0.0,0.5,0.0,1.0,0.0
楚子使問諸周大史,楚子 使 問 諸 周大史 。,楚子使問諸周大史。,0.0,1.0,0.0,1.0,0.0
周大史曰“其當王身乎若萗之可移於令尹司馬”,周大史 曰 ： “ 其 當 王 身 乎 ！ 若 萗 之 ， 可 移 於 令尹 、 司馬 。 ”,周 大史 曰 “ 其 當 王 身乎  若 萗 之 可 移 於 令尹 司馬 ”,0.8235294117647058,0.0,0.8235294117647058,1.0,0.0
王曰“除腹心之疾而寘諸股肱何益不穀不有大過天其夭諸有罪受罰又焉移之”,王 曰 ： “ 除 腹心 之 疾 ， 而 寘 諸 股肱 ， 何 益 ？ 不穀 不 有 大過 ， 天 其 夭 諸 ？ 有 罪 受 罰 ， 又 焉 移 之 ？ ”,王 曰 “ 除 腹 心 之 疾 而 寘諸  股 肱 何 益 不 穀 不 有 大 過 天 其 夭諸  有 罪 受罰  又 焉 移 之 ”,0.6557377049180327,0.0,0.6557377049180327,1.0,0.0
遂弗萗,遂 弗 萗 。,遂 弗萗  。,0.4,1.0,0.4,1.0,0.4
初昭王有疾卜曰“河為祟”,初 ， 昭王 有 疾 ， 卜 曰 ： “ 河 為 祟 。 ”,，：初昭王有疾卜曰“河為祟”。，。。，。，。：- ,0.0,0.0,0.0,1.0,0.0
王弗祭,王 弗 祭 。,王 弗 祭,1.0,0.0,1.0,1.0,0.0
大夫請祭諸郊,大夫 請 祭 諸 郊 。,大夫請祭諸郊，。，。，，。，，,0.0,1.0,0.0,1.0,0.0
王曰“三代命祀祭不越望江漢雎漳楚之望也禍福之至不是過也不穀雖不德河非所獲罪也”,王 曰 ： “ 三代 命祀 ， 祭 不 越 望 。 江 、 漢 、 雎 、 漳 ， 楚 之 望 也 。 禍福 之 至 ， 不 是 過 也 。 不穀 雖 不德 ， 河 非 所 獲罪 也 。 ”,王 曰 “ 三 代 命祀 祭 不 越 望 江 漢 雎 漳 楚 之 望 也 禍 福 之 至 不 是 過 也 不 穀雖  不 德 河 非 所 獲 罪 也 ”,0.7714285714285715,0.0,0.7714285714285715,1.0,0.0
遂弗祭,遂 弗 祭 。,遂 弗 祭 。,1.0,1.0,1.0,1.0,1.0
孔子曰“楚昭王知大道矣其不失國也宜哉夏書曰‘惟彼陶唐帥彼天常有此冀方今失其行亂其紀綱乃滅而亡’又曰‘允出茲在茲’由己率常可矣”,孔子 曰 ： “ 楚昭王 知 大道 矣 。 其 不 失國 也 ， 宜 哉 ！ 夏書 曰 ： ‘ 惟 彼 陶唐 ， 帥 彼 天常 ， 有 此 冀方 。 今 失 其 行 ， 亂 其 紀綱 ， 乃 滅 而 亡 。 ’ 又 曰 ： ‘ 允 出 茲 在 茲 。 ’ 由 己 率 常 ， 可 矣 。 ”,孔 子 曰 “ 楚 昭 王 知 大 道 矣 其 不 失 國 也 宜 哉 夏 書 曰 ‘ 惟 彼 陶 唐帥  彼 天 常 有 此 冀 方 今 失 其 行 亂 其 紀 綱 乃 滅 而 亡 ’ 又 曰 ‘ 允 出茲  在茲  ’ 由 己 率 常 可 矣 ”,0.6902654867256638,0.0,0.6902654867256638,1.0,0.0
八月齊邴意茲來奔,八月 ， 齊邴意茲 來 奔 。,八月 齊 邴 意茲  來 奔 。,0.6,0.6666666666666666,0.6,1.0,0.39999999999999997
陳僖子使召公子陽生,陳僖子 使 召 公子陽生 。,，。，。：陳僖子，使，召，公子，陽生。。，：,0.0,0.33333333333333337,0.0,1.0,0.0
陽生駕而見南郭且于曰“嘗獻馬於季孫不入於上乘故又獻此請與子乘之”,陽生 駕 而 見 南郭且于 ， 曰 ： “ 嘗 獻 馬 於 季孫 ， 不 入 於 上乘 ， 故 又 獻 此 ， 請 與 子 乘 之 。 ”,陽 生 駕 而 見 南 郭 且 于 曰 “ 嘗 獻 馬 於 季 孫 不 入 於 上 乘 故 又 獻 此 請 與 子 乘 之 ”,0.7586206896551724,0.0,0.7586206896551724,1.0,0.0
出萊門而告之故,出 萊門 而 告 之 故 。,出 萊門 而 告 之 故 。,1.0,1.0,1.0,1.0,1.0
闞止知之先待諸外,闞止 知 之 ， 先 待 諸 外 。,"闞  """": "" 止 知 之 先 待 諸 外 "",  """": ""。"",  """": ""，（），；；；",0.7999999999999999,0.5,0.7999999999999999,1.0,0.39999999999999997
公子曰“事未可知反與壬也處”,公子 曰 ： “ 事 未 可 知 ， 反 ， 與 壬 也 處 。 ”,，。，。：公子曰，，。：“事未可知反與壬也處”。，。-,0.0,0.0,0.0,1.0,0.0
戒之遂行,戒 之 ， 遂 行 。,，：戒之遂行。，。：- ：、，，，。-,0.0,0.6666666666666666,0.0,1.0,0.0
逮夜至於齊國人知之,逮 夜 ， 至 於 齊 ， 國人 知 之 。,，：逮夜至於齊國人知之。，。。，。，。，，,0.0,0.5,0.0,1.0,0.0
僖子使子士之母養之與饋者皆入,僖子 使 子士 之 母 養 之 ， 與 饋 者 皆 入 。,，。，。：僖子使子士之母養之與饋者皆入。（），。。,0.0,0.6666666666666666,0.0,1.0,0.0
冬十月丁卯立之,冬 ， 十月丁卯 ， 立 之 。,冬十月丁卯立之，。，。，，。，、，,0.0,0.5,0.0,1.0,0.0
將盟鮑子醉而往,將 盟 ， 鮑子 醉 而 往 。,將 盟 鮑子  醉 而 往 ,1.0,0.0,1.0,1.0,0.0
其臣差車鮑點曰“此誰之命也”,其 臣 差 車 鮑點 曰 ： “ 此 誰 之 命 也 ？ ”,其 臣 差 車 鮑 點 曰 “ 此 誰 之 命 也 ”,0.888888888888889,0.0,0.888888888888889,1.0,0.0
陳子曰“受命于鮑子”,陳子 曰 ： “ 受命 于 鮑子 。 ”,"陳，。：子曰。，""""（），""""，。，“受命于鮑子”。",0.0,0.0,0.0,1.0,0.0
遂誣鮑子曰“子之命也”,遂 誣 鮑子 曰 ： “ 子 之 命 也 ！ ”,遂 誣 鮑子 曰 “ 子 之 命 也 ”,1.0,0.0,1.0,1.0,0.0
鮑子曰“女忘君之為孺子牛而折其齒乎而背之也”,鮑子 曰 ： “ 女 忘 君 之 為 孺子牛 而 折 其 齒 乎 ， 而 背 之 也 ？ ”,"鮑：，""子曰“女忘君之為孺子牛而折其齒乎而背之也”""。，。，，。，（）。",0.0,0.0,0.0,1.0,0.0
悼公稽首曰“吾子奉義而行者也若我可不必亡一大夫若我不可不必亡一公子義則進否則退敢不唯子是從廢興無以亂則所愿也”,悼公 稽首 ， 曰 ： “ 吾 子 ， 奉義 而 行 者 也 。 若 我 可 ， 不 必 亡 一 大夫 ； 若 我 不 可 ， 不 必 亡 一 公子 。 義 則 進 ， 否 則 退 ， 敢 不 唯 子 是 從 ？ 廢 興 無 以 亂 ， 則 所 愿 也 。 ”,悼公 稽首 曰 “ 吾子 奉義  而 行 者 也 若 我 可 不 必 亡 一 大夫 若 我 不 可 不 必 亡 一 公子義  則進  否 則 退 敢 不 唯 子 是 從廢  興 無 以亂  則 所 愿 也 ”,0.8421052631578948,0.0,0.8421052631578948,1.0,0.0
鮑子曰“誰非君之子”,鮑子 曰 ： “ 誰 非 君 之 子 ？ ”,"鮑：，""子曰“誰非君之子”""。，。，""""，。，""",0.0,0.0,0.0,1.0,0.0
乃受盟,乃 受 盟 。,乃 受 盟,1.0,0.0,1.0,1.0,0.0
使胡姬以安孺子如賴去鬻姒殺王甲拘江說囚王豹于句竇之丘,使 胡姬 以 安孺子 如 賴 ， 去 鬻姒 ， 殺 王甲 ， 拘 江說 ， 囚 王豹 于 句竇 之 丘 。,，。，。：使胡姬以安孺子如賴去鬻姒殺王甲拘江說囚王豹于句竇之丘。，，，，。,0.0,0.33333333333333337,0.0,1.0,0.0
公使朱毛告於陳子曰“微子則不及此然君異於器不可以二器二不匱君二多難敢布諸大夫”,公 使 朱毛 告 於 陳子 ， 曰 ： “ 微 子 ， 則 不 及 此 。 然 君 異 於 器 ， 不 可以 二 。 器 二 不 匱 ， 君 二 多難 ， 敢 布 諸 大夫 。 ”,公 使 朱毛 告 於 陳子 曰 “ 微 子 則 不 及 此 然 君 異 於 器 不 可 以 二 器 二 不 匱 君 二 多 難 敢 布 諸 大夫 ”,0.9142857142857143,0.0,0.9142857142857143,1.0,0.0
僖子不對而泣曰“君舉不信群臣乎以齊國之困困又有憂少君不可以訪是以求長君庶亦能容群臣乎不然夫孺子何罪”,僖子 不 對 而 泣 ， 曰 ： “ 君 舉 不 信 群 臣 乎 ？ 以 齊國 之 困 ， 困 又 有 憂 ， 少君 不 可以 訪 ， 是以 求 長君 ， 庶 亦 能 容 群 臣 乎 ！ 不 然 夫 孺子 何 罪 ？ ”,僖子 不 對 而 泣 曰 “ 君 舉 不 信 群 臣乎  以 齊 國 之 困 困 又 有憂  少 君 不 可 以 訪 是 以 求 長 君 庶 亦 能 容 群 臣乎    ， 不 然 夫孺  子 何 罪 ”,0.6818181818181818,0.0,0.6818181818181818,1.0,0.0
毛復命公悔之,毛 復命 ， 公 悔 之 。,毛復命公悔之，。，。，，。，、，,0.0,0.6666666666666666,0.0,1.0,0.0
毛曰“君大訪於陳子而圖其小可也”,毛 曰 ： “ 君 大 訪 於 陳子 ， 而 圖 其 小 可 也 。 ”,毛 曰 “ 君 大 訪 於 陳 子 而 圖 其 小 可 也 ”,0.9032258064516129,0.0,0.9032258064516129,1.0,0.0
使毛遷孺子於駘,使 毛 遷 孺子 於 駘 。,使 毛遷孺  子 於 駘,0.5454545454545454,0.0,0.5454545454545454,1.0,0.0
不至殺諸野幕之下葬諸殳冒淳,不 至 ， 殺 諸 野幕 之 下 ， 葬 諸 殳冒淳 。,，。，。：- 不至：，。，，。- 殺諸野幕之下葬諸殳冒淳：，,0.0,0.0,0.0,1.0,0.0
七年春宋師侵鄭鄭叛晉故也,七年 ， 春 ， 宋師 侵 鄭 ， 鄭 叛 晉 故 也 。,，：七年春宋師侵鄭鄭叛晉故也。，。。，。，。：- ,0.0,0.4,0.0,1.0,0.0
晉師侵衛衛不服也,晉師 侵 衛 ， 衛 不 服 也 。,晉師侵衛衛 不服也。,0.0,0.6666666666666666,0.0,1.0,0.0
夏公會吳于鄫,夏 ， 公 會 吳 于 鄫 。,夏公會吳，。于鄫，。，，。，、，,0.0,0.5,0.0,1.0,0.0
吳來徵百牢,吳 來 徵 百牢 。,吳來徵百牢，，。。，，，（）、，-:、。，,0.0,1.0,0.0,1.0,0.0
子服景伯對曰“先王未之有也”,子服景伯 對 曰 ： “ 先王 未 之 有 也 。 ”,"：，""子服景伯對曰“先王未之有也”""。，。，""""，。，：""""""""",0.0,0.0,0.0,1.0,0.0
吳人曰“宋百牢我魯不可以後宋且魯牢晉大夫過十吳王百牢不亦可乎”,吳人 曰 ： “ 宋 百牢 我 ， 魯 不 可以 後 宋 。 且 魯 牢 晉大夫 過 十 ， 吳王 百牢 ， 不亦 可 乎 ？ ”,，。，吳人曰，。：“宋百牢我魯不可以後宋且魯牢晉大夫過十吳王百牢不亦可乎”。，。，，。，,0.0,0.0,0.0,1.0,0.0
景伯曰“晉范鞅貪而棄禮以大國懼敝邑故敝邑十一牢之君若以禮命於諸侯則有數矣若亦棄禮則有淫者矣周之王也制禮上物不過十二以為天之大數也今棄周禮而曰必百牢亦唯執事”,景伯 曰 ： “ 晉 范鞅 貪 而 棄禮 ， 以 大國 懼 敝邑 ， 故 敝邑 十一 牢 之 ， 君 若 以 禮 命 於 諸侯 ， 則 有 數 矣 。 若 亦 棄禮 ， 則 有 淫 者 矣 。 周 之 王 也 ， 制 禮 ， 上物 不 過 十二 ， 以 為 天 之 大數 也 。 今 棄 周禮 ， 而 曰 必 百牢 ， 亦 唯 執事 。 ”,景伯 曰 “ 晉 范鞅 貪 而 棄 禮 以 大國 懼 敝邑 故 敝邑 十一 牢 之 君 若 以 禮 命 於 諸侯 則 有 數 矣 若 亦 棄 禮 則 有 淫 者 矣 周 之 王 也 制 禮 上 物 不過 十二 以為 天 之 大 數 也 今 棄 周 禮 而 曰 必 百 牢 亦 唯執 事 ”,0.7846153846153846,0.0,0.7846153846153846,1.0,0.0
吳人弗聽,吳人 弗 聽 。,，：吳人弗聽。，。。，。，。,0.0,1.0,0.0,1.0,0.0
景伯曰“吳將亡矣棄天而背本不與必棄疾於我”,景伯 曰 ： “ 吳 將 亡 矣 ， 棄天 而 背本 。 不 與 ， 必 棄 疾 於 我 。 ”,景伯  曰  “  吳  將  亡  矣                  棄天而背本不與必棄  疾  於  我  ”  。 ,0.7333333333333334,0.0,0.7333333333333334,1.0,0.0
乃與之,乃 與 之 。,乃 與 之,1.0,0.0,1.0,1.0,0.0
大宰嚭召季康子康子使子貢辭,大宰嚭 召 季康子 ， 康子 使 子貢 辭 。,"，。，。：- ""大宰嚭召季康子康子使子貢辭""，，（）。，，。-",0.0,0.6666666666666666,0.0,1.0,0.0
大宰嚭曰“國君道長而大夫不出門此何禮也”,大宰嚭 曰 ： “ 國君 道 長 ， 而 大夫 不 出門 ， 此 何 禮 也 ？ ”,，。，。大宰嚭，（，）。曰，。：“國君道長而大夫不出門此何禮也”。：- ：。-,0.0,0.0,0.0,1.0,0.0
對曰“豈以為禮畏大國也大國不以禮命於諸侯茍不以禮豈可量也寡君既共命焉其老豈敢棄其國大伯端委以治周禮仲雍嗣之斷發文身裸以為飾豈禮也哉有由然也”,對 曰 ： “ 豈 以 為 禮 ？ 畏 大國 也 。 大國 不 以 禮 命 於 諸侯 ， 茍 不 以 禮 ， 豈 可 量 也 ？ 寡君 既 共命 焉 ， 其 老 豈 敢 棄 其 國 ？ 大伯 端委 以 治 周禮 ， 仲雍 嗣 之 ， 斷 發 文身 ， 裸 以 為 飾 ， 豈 禮 也 哉 ？ 有 由 然 也 。 ”,對 曰 “ 豈 以 為禮  畏 大 國 也 大 國 不 以禮  命 於 諸侯茍  不 以禮  豈 可 量 也 寡 君 既 共 命 焉 其 老 豈 敢 棄 其 國 大伯 端委 以 治 周禮  仲雍 嗣 之斷發   文 身 裸 以 為飾  豈禮  也 哉 有 由 然 也 ”,0.6837606837606838,0.0,0.6837606837606838,1.0,0.0
反自鄫以吳為無能為也,反 自 鄫 ， 以 吳 為 無 能 為 也 。,，：反自鄫以吳為無能為也。，。，，。，，，。，，,0.0,0.6666666666666666,0.0,1.0,0.0
季康子欲伐邾乃饗大夫以謀之,季康子 欲 伐 邾 ， 乃 饗 大夫 以 謀 之 。,季 康子  欲  伐  邾  乃  饗  大夫  以謀    之  。,0.7,0.6666666666666666,0.7,1.0,0.4666666666666666
子服景伯曰“小所以事大信也大所以保小仁也背大國不信伐小國不仁民保於城城保於德失二德者危將焉保”,子服景伯 曰 ： “ 小 所以 事 大 ， 信 也 ； 大 所以 保 小 ， 仁 也 。 背 大國 ， 不 信 ； 伐 小國 ， 不 仁 。 民 保 於 城 ， 城 保 於 德 。 失 二德 者 ， 危 ， 將 焉 保 ？ ”,子 服 景伯 曰 “ 小 所以 事 大 信 也  大 所以 保 小 仁 也  背 大 國 不 信  伐 小 國 不 仁  民 保 於 城  城 保 於 德  失 二 德 者 危  將 焉 保 ”,0.8433734939759037,0.0,0.8433734939759037,1.0,0.0
孟孫曰“二三子以為何如惡賢而逆之”,孟孫 曰 ： “ 二三子 以 為 何 如 ？ 惡 賢 而 逆 之 ？ ”,孟 孫 曰 “ 二三子  以 為  何 如  惡 賢 而  逆 之 ”,0.896551724137931,0.0,0.896551724137931,1.0,0.0
對曰“禹合諸侯於涂山執玉帛者萬國今其存者無數十焉唯大不字小小不事大也知必危何故不言魯德如邾而以眾加之可乎”,對 曰 ： “ 禹 合 諸侯 於 涂山 ， 執 玉帛 者 萬國 。 今 其 存 者 ， 無 數 十 焉 ， 唯 大 不 字 小 、 小 不 事 大 也 。 知 必 危 ， 何 故 不 言 ？ 魯 德 如 邾 ， 而 以 眾 加 之 ， 可 乎 ？ ”,對 曰 “ 禹 合 諸侯 於 涂山執  玉帛 者 萬 國 今 其 存 者 無 數 十 焉 唯 大 不 字 小 小 不 事 大 也 知 必 危 何 故 不 言 魯 德 如 邾 而 以 眾 加 之 可乎  ”,0.9072164948453607,0.0,0.9072164948453607,1.0,0.0
不樂而出,不 樂 而 出 。,不 樂 而 出,1.0,0.0,1.0,1.0,0.0
秋伐邾及范門猶聞鐘聲,秋 ， 伐 邾 ， 及 范門 ， 猶 聞 鐘聲 。,"：，""秋伐邾及范門猶聞鐘聲""。，：- ：""""，。- ：""""，。- ：""",0.0,0.4,0.0,1.0,0.0
大夫諫不聽,大夫 諫 ， 不 聽 。,大夫諫不聽，。，。，，。，、，,0.0,0.6666666666666666,0.0,1.0,0.0
茅成子請告於吳不許曰“魯擊柝聞於邾吳二千里不三月不至何及於我且國內豈不足”,茅成子 請 告 於 吳 ， 不 許 ， 曰 ： “ 魯 擊 柝 聞 於 邾 ； 吳 二千 里 ， 不 三 月 不 至 ， 何 及 於 我 ？ 且 國內 豈 不 足 ？ ”,茅 成 子 請 告 於 吳 不 許 曰 “ 魯 擊柝  聞 於 邾 吳 二 千 里 不 三 月 不 至 何 及 於 我 且 國 內 豈 不 足 ”,0.8115942028985507,0.0,0.8115942028985507,1.0,0.0
成子以茅叛師遂入邾處其公宮,成子 以 茅 叛 ， 師 遂 入 邾 ， 處 其 公宮 。,成子以茅叛師遂入邾處其公宮，。，。，，。，、，。，,0.0,0.5,0.0,1.0,0.0
眾師晝掠邾眾保于繹,眾 師 晝 掠 ， 邾 眾 保 于 繹 。,，：眾師晝掠邾眾保于繹。，。。，。，。：- ,0.0,0.6666666666666666,0.0,1.0,0.0
師宵掠以邾子益來獻于亳社囚諸負瑕負瑕故有繹,師 宵 掠 ， 以 邾子益 來 ， 獻 于 亳社 ， 囚 諸 負瑕 ， 負瑕 故 有 繹 。,師宵  掠 以 邾  子 益 來 獻 于 亳 社 囚 諸 負 瑕  負 瑕 故 有 繹,0.5555555555555556,0.0,0.5555555555555556,1.0,0.0
邾茅夷鴻以束帛乘韋自請救於吳曰“魯弱晉而遠吳馮恃其眾而背君之盟辟君之執事以陵我小國邾非敢自愛也懼君威之不立君威之不立小國之憂也若夏盟於鄫衍秋而背之成求而不違四方諸侯其何以事君且魯賦八百乘君之貳也邾賦六百乘君之私也以私奉貳唯君圖之”,邾 茅夷鴻 以 束帛 乘韋 自 請救 於 吳 ， 曰 ： “ 魯 弱 晉 而 遠 吳 ， 馮恃 其 眾 ， 而 背 君 之 盟 ， 辟 君 之 執事 ， 以 陵 我 小國 。 邾 非 敢 自愛 也 ， 懼 君 威 之 不 立 。 君 威 之 不 立 ， 小國 之 憂 也 。 若 夏 盟 於 鄫衍 ， 秋 而 背 之 ， 成 求 而 不 違 ， 四方 諸侯 其 何 以 事 君 ？ 且 魯 賦 八百 乘 ， 君 之 貳 也 ； 邾 賦 六百 乘 ， 君 之 私 也 。 以 私 奉 貳 ， 唯 君 圖 之 ！ ”,"，。，，。，。，邾茅夷鴻以束帛乘韋自請救於吳曰“魯弱晉而遠吳馮恃其眾而背君之盟辟君之執事以陵我小國邾非敢自愛也懼君威之不立君威之不立小國之憂也若夏盟於、鄫衍秋而背之成求而不違四方諸侯其何以事君且魯賦，八百乘君之貳也邾賦、六百乘君之私，。，，。，，，。，也以私奉貳唯君圖之”，。、，。。，：( ) , - : 、 。 〈 〉 《 》 「 」 『 』 〔 〕 ！ （ ） ， ． ： ； ？，，",0.0,0.0,0.0,1.0,0.0
吳子從之,吳子 從 之 。,，，吳子從之。，。，，。。，,0.0,1.0,0.0,1.0,0.0
宋人圍曹鄭桓子思曰“宋人有曹鄭之患也不可以不救”,宋人 圍 曹 ， 鄭桓子 思 曰 ： “ 宋人 有 曹 ， 鄭 之 患 也 ， 不 可以 不 救 。 ”,宋人圍  曹 鄭 桓子 思 曰 “ 宋人 有 曹 鄭 之 患 也 不 可以 不 救 ”,0.8421052631578947,0.0,0.8421052631578947,1.0,0.0
冬鄭師救曹侵宋,冬 ， 鄭師 救 曹 ， 侵 宋 。,，。，。，，。、。冬、鄭師救曹侵宋,0.0,0.0,0.0,1.0,0.0
初曹人或夢眾君子立于社宮而謀亡曹,初 ， 曹人 或 夢 眾 君子 立 于 社宮 ， 而 謀 亡 曹 。,初 曹人 或夢  眾 君子 立 于 社 宮 而謀  亡 曹,0.64,0.0,0.64,1.0,0.0
曹叔振鐸請待公孫強許之,曹 叔振鐸 請 待 公孫強 ， 許 之 。,，：曹叔振鐸請待公孫強許之。，。。，。，。,0.0,0.6666666666666666,0.0,1.0,0.0
旦而求之曹無之,旦 而 求 之 ， 曹 無 之 。,"：。""旦而求之曹無之""，。，：""""，，（），",0.0,0.6666666666666666,0.0,1.0,0.0
戒其子曰“我死爾聞公孫強為政必去之”,戒 其 子 曰 ： “ 我 死 ， 爾 聞 公孫強 為 政 ， 必 去 之 。 ”,，。，。戒其子，。曰，“我死。爾聞公孫強為政必去之”，，,0.0,0.0,0.0,1.0,0.0
及曹伯陽即位好田弋,及 曹伯陽 即位 ， 好 田弋 。,及 曹伯陽 即位 好 田 弋,0.7272727272727272,0.0,0.7272727272727272,1.0,0.0
曹鄙人公孫強好弋獲白雁獻之且言田弋之說說之,曹 鄙人 公孫強 好弋 ， 獲 白雁 ， 獻 之 ， 且 言 田弋 之 說 ， 說 之 。,曹 鄙人 公孫強 好弋   獲 白雁獻  之 且 言 田弋 之 說 說 之 ,0.896551724137931,0.0,0.896551724137931,1.0,0.0
因訪政事大說之,因 訪 政事 ， 大 說 之 。,因 訪 政事 大 說 之,1.0,0.0,1.0,1.0,0.0
有寵使為司城以聽政,有 寵 ， 使 為 司城 以 聽政 。,有寵   使 為 司 城  以聽  政 ,0.2857142857142857,0.0,0.2857142857142857,1.0,0.0
夢者之子乃行,夢 者 之 子 乃 行 。,夢者之子乃行，。，。，，。，、，,0.0,1.0,0.0,1.0,0.0
強言霸說於曹伯曹伯從之乃背晉而奸宋,強 言 霸 說 於 曹伯 ， 曹伯 從 之 ， 乃 背 晉 而 奸 宋 。,，。，。：- 強言霸說：，（）（），。- 於曹伯曹伯從之乃背晉而奸宋：，,0.0,0.0,0.0,1.0,0.0
宋人伐之晉人不救筑五邑於其郊曰黍丘揖丘大城鐘邘,宋人 伐 之 ， 晉人 不 救 ， 筑 五邑 於 其 郊 ， 曰 黍丘 、 揖丘 、 大城 、 鐘 、 邘 。,，。，。，，。，、，。，。：宋人伐之晉人不救筑五邑於其郊曰黍丘揖丘大城鐘邘,0.0,0.0,0.0,1.0,0.0
八年春宋公伐曹將還褚師子肥殿,八年 ， 春 ， 宋公 伐 曹 將 還 ， 褚師子肥 殿 。,八年春宋公伐曹將還褚師子肥殿，。，。，，。，、，。,0.0,0.4,0.0,1.0,0.0
曹人詬之不行,曹人 詬 之 ， 不 行 。,曹人 詬 之 不行,0.6666666666666665,0.0,0.6666666666666665,1.0,0.0
師待之,師 待 之 。,師 待 之,1.0,0.0,1.0,1.0,0.0
公聞之怒命反之遂滅曹執曹伯陽及司城強以歸殺之,公 聞 之 ， 怒 ， 命 反 之 ， 遂 滅 曹 ， 執 曹伯陽 及 司城強 以 歸 ， 殺 之 。,公 聞 之 怒 命 反 之 遂 滅 曹執   曹 伯 陽 及 司 城 強 以歸   殺 之 ,0.631578947368421,0.0,0.631578947368421,1.0,0.0
吳為邾故將伐魯問於叔孫輒,吳 為 邾 故 ， 將 伐 魯 ， 問 於 叔孫輒 。,"，。，。：""吳為邾故""，。""將伐魯""，。""問於叔孫輒""，（）。",0.0,0.3333333333333333,0.0,1.0,0.0
叔孫輒對曰“魯有名而無情伐之必得志焉”,叔孫輒 對 曰 ： “ 魯 有名 而 無情 ， 伐 之 必 得志 焉 。 ”,叔 孫 輒 對 曰 “ 魯  有 名 而 無 情  伐 之  必 得 志 焉 ”,0.6060606060606061,0.0,0.6060606060606061,1.0,0.0
退而告公山不狃,退 而 告 公山不狃 。,退 而 告  公山不狃  。,1.0,1.0,1.0,1.0,1.0
公山不狃曰“非禮也君子違不適讎國未臣而有伐之奔命焉死之可也所托也則隱且夫人之行也不以所惡廢鄉今子以小惡而欲覆宗國不亦難乎若使子率子必辭王將使我”,公山不狃 曰 ： “ 非禮 也 。 君子 違 ， 不 適 讎國 。 未 臣 而 有 伐 之 ， 奔命 焉 ， 死 之 可 也 。 所 托 也 則 隱 。 且 夫 人 之 行 也 ， 不 以 所 惡 廢 鄉 。 今 子 以 小惡 而 欲 覆 宗國 ， 不 亦 難 乎 ？ 若 使 子 率 ， 子 必 辭 。 王 將 使 我 。 ”,公山不狃 曰 “ 非 禮 也 君子 違 不 適 讎 國 未 臣 而 有 伐 之 奔 命 焉 死 之 可 也 所 托 也 則 隱 且 夫人 之 行 也 不 以 所 惡廢  鄉 今 子 以 小 惡 而 欲 覆 宗 國 不 亦 難 乎 若 使 子 率 子 必 辭 王 將 使 我 ”,0.8372093023255814,0.0,0.8372093023255814,1.0,0.0
子張疾之,子張 疾 之 。,，：子張疾之。，。，，，。，，,0.0,1.0,0.0,1.0,0.0
王問於子泄,王 問 於 子泄 。,王問於子泄，。，。，，。，、,0.0,1.0,0.0,1.0,0.0
對曰“魯雖無與立必有與斃諸侯將救之未可以得志焉晉與齊楚輔之是四讎也夫魯齊晉之唇唇亡齒寒君所知也不救何為”,對 曰 ： “ 魯 雖 無 與 立 ， 必 有 與 斃 ； 諸侯 將 救 之 ， 未 可以 得志 焉 。 晉 與 齊 、 楚 輔 之 ， 是 四 讎 也 。 夫 魯 ， 齊 、 晉 之 唇 。 唇 亡 齒 寒 ， 君 所 知 也 ， 不 救 何 為 ？ ”,對 曰 “ 魯雖  無 與 立 必 有 與 斃 諸侯 將 救 之 未 可 以 得 志 焉 晉 與 齊 楚 輔 之 是 四 讎 也 夫 魯 齊 晉 之 唇 唇 亡 齒 寒 君 所 知 也 不 救 何 為 ”,0.9090909090909091,0.0,0.9090909090909091,1.0,0.0
三月吳伐我子泄率故道險從武城,三月 ， 吳 伐 我 ， 子泄 率 ， 故 道 險 ， 從 武城 。,，。，。：- 三月：，，。- 吳：，，，。- 伐我子泄率故道險從武城：，，,0.28571428571428575,0.0,0.0,1.0,0.0
初武城人或有因於吳竟田焉拘鄫人之漚菅者曰“何故使吾水滋”,初 ， 武城人 或 有 因 於 吳 竟 田 焉 ， 拘 鄫人 之 漚菅 者 ， 曰 ： “ 何 故 使 吾 水 滋 ？ ”,，：初武城人或有因於吳竟田焉拘鄫人之漚菅者曰“何故使吾水滋”。，。。，，，。，，,0.0,0.0,0.0,1.0,0.0
及吳師至拘者道之以伐武城克之,及 吳師 至 ， 拘 者 道 之 以 伐 武城 ， 克 之 。,及 吳 師 至 拘 者 道 之  以  伐 武城 克 之 ,0.8799999999999999,0.0,0.8799999999999999,1.0,0.0
王犯嘗為之宰澹臺子羽之父好焉國人懼,王犯 嘗 為 之 宰 ， 澹臺子羽 之 父 好 焉 ， 國人 懼 。,王 犯 嘗 為 之 宰澹臺   子 羽 之 父 好 焉 國 人 懼,0.5925925925925926,0.0,0.5925925925925926,1.0,0.0
懿子謂景伯“若之何”,懿子 謂 景伯 ： “ 若之何 ？ ”,懿子 謂 景伯 “ 若 之  何 ”,0.7142857142857143,0.0,0.7142857142857143,1.0,0.0
對曰“吳師來斯與之戰何患焉且召之而至又何求焉”,對 曰 ： “ 吳師 來 ， 斯 與 之 戰 ， 何 患 焉 ？ 且 召 之 而 至 ， 又 何 求 焉 ？ ”,對 曰 “ 吳 師 來 斯 與 之 戰 何 患 焉 且 召 之 而 至 又 何 求 焉 ”,0.9333333333333332,0.0,0.9333333333333332,1.0,0.0
吳師克東陽而進舍於五梧,吳師 克 東陽 而 進 ， 舍 於 五梧 。,，。，。：- 吳師：，，。- 克：，，。- 東陽而進舍於五梧：,0.36363636363636365,0.0,0.0,1.0,0.0
明日舍於蠶室,明日 ， 舍 於 蠶室 。,明日 舍 於 蠶 室 。,0.6666666666666665,0.6666666666666666,0.6666666666666665,1.0,0.4444444444444443
公賓庚公甲叔子與戰于夷獲叔子與析朱鉏獻於王,公賓庚 、 公甲叔子 與 戰 于 夷 ， 獲 叔子 與 析朱鉏 ， 獻 於 王 。,，。，。：公賓庚公甲叔子與戰于夷獲叔子與析朱鉏獻於王。，。。，。,0.0,0.4,0.0,1.0,0.0
王曰“此同車必使能國未可望也”,王 曰 ： “ 此 同車 ， 必 使 能 ， 國 未 可 望 也 。 ”,王 曰 “ 此 同 車 必 使 能 國 未 可 望 也 ”,0.896551724137931,0.0,0.896551724137931,1.0,0.0
明日舍于庚宗遂次於泗上,明日 ， 舍 于 庚宗 ， 遂 次 於 泗上 。,，：明日舍于庚宗遂次於泗上。，。。，。，。：- ,0.0,0.5,0.0,1.0,0.0
微虎欲宵攻王舍私屬徒七百人三踴於幕庭卒三百人有若與焉,微虎 欲 宵 攻 王舍 ， 私 屬 徒 七百 人 三 踴 於 幕庭 ， 卒 三百 人 ， 有若 與 焉 。,，。，。，，。，、，。，。：微虎欲宵攻王舍私屬徒七百人三踴於幕庭卒三百人有若與焉,0.0,0.0,0.0,1.0,0.0
及稷門之內或謂季孫曰“不足以害吳而多殺國士不如已也”,及 稷門 之 內 ， 或 謂 季孫 曰 ： “ 不 足以 害 吳 ， 而 多 殺 國士 ， 不如 已 也 。 ”,及 稷門 之 內 或 謂 季孫 曰 “ 不足 以 害 吳 而 多 殺 國 士 不 如 已 也 ”,0.7727272727272727,0.0,0.7727272727272727,1.0,0.0
乃止之,乃 止 之 。,乃 止 之 。,1.0,1.0,1.0,1.0,1.0
吳子聞之一夕三遷,吳子 聞 之 ， 一夕 三 遷 。,吳子聞之，一夕三遷。，。，，。，、，,0.0,1.0,0.0,1.0,0.0
吳人行成將盟景伯曰“楚人圍宋易子而食析骸而爨猶無城下之盟我未及虧而有城下之盟是棄國也吳輕而遠不能久將歸矣請少待之”,吳人 行成 ， 將 盟 ， 景伯 曰 ： “ 楚人 圍 宋 ， 易 子 而 食 ， 析 骸 而 爨 ， 猶 無 城下 之 盟 ； 我 未 及 虧 ， 而 有 城下 之 盟 ， 是 棄國 也 。 吳 輕 而 遠 ， 不能 久 ， 將 歸 矣 ， 請 少 待 之 。 ”,吳人  行成  將  盟  景伯  曰  “  楚人圍    宋  易子  而  食  析骸  而  爨  猶  無  城下  之  盟  我  未  及虧    而  有  城下  之  盟  是棄    國  也  吳  輕  而  遠  不能  久將歸矣請少待之”  ，  ,0.6976744186046512,0.0,0.6976744186046512,1.0,0.0
弗從,弗 從 。,弗 從 。,1.0,1.0,1.0,1.0,1.0
景伯負載造於萊門,景伯 負載 ， 造 於 萊門 。,景伯負載造於萊門，。，。，，。，、，,0.0,0.6666666666666666,0.0,1.0,0.0
乃請釋子服何於吳吳人許之以王子姑曹當之而後止,乃 請 釋 子服 何 於 吳 ， 吳人 許 之 ， 以 王子姑曹 當 之 ， 而後 止 。,乃 請 釋 子服  何 於 吳  吳人  許 之  以 王子  姑 曹  當 之  而 後 止 ,0.7999999999999999,0.0,0.7999999999999999,1.0,0.0
吳人盟而還,吳人 盟 而 還 。,吳人盟而還，。，。，，。，、,0.0,1.0,0.0,1.0,0.0
齊悼公之來也季康子以其妹妻之即位而逆之,齊悼公 之 來 也 ， 季康子 以 其 妹 妻 之 ， 即位 而 逆 之 。,齊 悼公  之  來  也  季康子  以  其  妹妻    之  即  位  而  逆  之  。,0.689655172413793,0.5,0.689655172413793,1.0,0.3448275862068965
季魴侯通焉女言其情弗敢與也,季魴侯 通 焉 ， 女 言 其 情 ， 弗 敢 與 也 。,季魴侯 通 焉 女 言 其 情 弗 敢 與 也,1.0,0.0,1.0,1.0,0.0
齊侯怒,齊侯 怒 。,齊侯 怒 。,1.0,1.0,1.0,1.0,1.0
夏五月齊鮑牧帥師伐我取讙及闡,夏 ， 五月 ， 齊鮑牧 帥 師 伐 我 ， 取 讙 及 闡 。,夏 五 月 齊 鮑牧 帥 師 伐 我 取 讙 及 闡,0.7500000000000001,0.0,0.7500000000000001,1.0,0.0
或譖胡姬於齊侯曰“安孺子之黨也”,或 譖 胡姬 於 齊侯 曰 ： “ 安孺子 之 黨 也 。 ”,或譖  胡姬 於 齊侯 曰 “ 安孺子 之黨  也 ”,0.7272727272727272,0.0,0.7272727272727272,1.0,0.0
六月齊侯殺胡姬,六月 ， 齊侯 殺 胡姬 。,六月齊侯殺胡姬，。，。，，。，（）、，-:、。，,0.0,0.6666666666666666,0.0,1.0,0.0
齊侯使如吳請師將以伐我及歸邾子,齊侯 使 如 吳 請 師 ， 將 以 伐 我 ， 及 歸 邾子 。,齊侯 使 如 吳 請 師 將 以伐  我 及歸  邾 子 。,0.64,0.5,0.64,1.0,0.32
邾子又無道吳子使大宰子餘討之囚諸樓臺栫之以棘,邾子 又 無道 ， 吳子 使 大宰子餘 討 之 ， 囚 諸 樓臺 ， 栫 之 以 棘 。,邾子 又 無 道 吳子 使 大宰 子 餘 討 之 囚諸樓臺    栫 之 以 棘,0.6451612903225806,0.0,0.6451612903225806,1.0,0.0
使諸大夫奉太子革以為政,使 諸 大夫 奉 太子革 以 為 政 。,使 諸 大夫 奉 太子 革以 為 政,0.75,0.0,0.75,1.0,0.0
秋及齊平,秋 ， 及 齊 平 。,，：秋及齊平。，。，。。，。，,0.0,0.6666666666666666,0.0,1.0,0.0
九月臧賓如如齊蒞盟,九月 ， 臧賓如 如 齊 蒞盟 。,，。，。：九月，（），。臧賓如如齊蒞盟，，，,0.0,0.0,0.0,1.0,0.0
齊閭丘明來蒞盟且逆季姬以歸嬖,齊 閭丘明 來 蒞盟 ， 且 逆 季姬 以 歸 ， 嬖 。,齊 閭丘 明 來蒞  盟 且 逆 季姬 以歸嬖  ,0.4210526315789474,0.0,0.4210526315789474,1.0,0.0
鮑牧又謂群公子曰“使女有馬千乘乎”,鮑牧 又 謂 群 公子 曰 ： “ 使 女 有 馬 千 乘 乎 ？ ”,鮑，。，。：牧又謂群公子曰“使女有馬千乘乎”。（）。、，。,0.0,0.0,0.0,1.0,0.0
公子愬之,公子 愬 之 。,公子愬之，。，。，，。，、,0.0,1.0,0.0,1.0,0.0
公謂鮑子“或譖子子姑居於潞以察之若有之則分室以行若無之則反子之所”,公 謂 鮑子 ： “ 或 譖 子 ， 子 姑 居 於 潞 以 察 之 。 若 有 之 ， 則 分 室 以 行 ； 若 無 之 ， 則 反 子 之 所 。 ”,公 謂 鮑子 “ 或譖  子 子 姑 居 於 潞 以 察 之 若 有 之 則 分 室 以 行 若 無 之 則 反 子 之 所 ”,0.9523809523809523,0.0,0.9523809523809523,1.0,0.0
出門使以三分之一行半道使以二乘,出門 ， 使 以 三分之一 行 ； 半道 ， 使 以 二乘 。,"：，""出門使以三分之一行半道使以二乘""。，。，（），。，：。",0.0,0.4,0.0,1.0,0.0
及潞麇之以入遂殺之,及 潞 ， 麇 之 以 入 ， 遂 殺 之 。,及 潞麇  之 以 入  遂 殺 之,0.823529411764706,0.0,0.823529411764706,1.0,0.0
冬十二月齊人歸讙及闡季姬嬖故也,冬 ， 十二月 ， 齊人 歸 讙 及 闡 ， 季姬 嬖 故 也 。,冬 十二月 齊人歸  讙 及 闡季 姬嬖  故 也,0.6,0.0,0.6,1.0,0.0
九年春齊侯使公孟綽辭師于吳,九年 ， 春 ， 齊侯 使 公孟綽 辭 師 于 吳 。,，：九年春齊侯使公孟綽辭師于吳。，。。，。，。，，,0.0,0.5,0.0,1.0,0.0
吳子曰“昔歲寡人聞命今又革之不知所從將進受命於君”,吳子 曰 ： “ 昔歲 寡人 聞命 ， 今 又 革 之 ， 不 知 所 從 ， 將 進 受命 於 君 。 ”,，。，吳子曰，（）。：“昔歲寡人聞命今又革之不知所從將進受命於君”。，，，，,0.0,0.0,0.0,1.0,0.0
鄭武子剩之嬖許瑕求邑無以與之,鄭 武子剩 之 嬖 許瑕 求 邑 ， 無 以 與 之 。,鄭 武子 剩 之嬖  許 瑕 求 邑 無 以與  之 ,0.45454545454545453,0.0,0.45454545454545453,1.0,0.0
請外取許之故圍宋雍丘,請 外 取 ， 許 之 ， 故 圍 宋雍丘 。,"：，""請外取許之故圍宋雍丘""。，。""""（），，。""""",0.0,0.5,0.0,1.0,0.0
宋皇瑗圍鄭師每日遷舍壘合,宋 皇瑗 圍 鄭師 ， 每日 遷舍 ， 壘 合 。,，：宋皇瑗圍鄭師每日遷舍壘合。，。：- ，，。- ，，,0.0,0.5,0.0,1.0,0.0
鄭師哭,鄭師 哭 。,鄭 師哭  。,0.0,1.0,0.0,1.0,0.0
子姚救之大敗,子姚 救 之 ， 大敗 。,子姚救之大敗，。，。，，。，、，,0.0,0.6666666666666666,0.0,1.0,0.0
二月甲戌宋取鄭師于雍丘使有能者無死以郟張與鄭羅歸,二月甲戌 ， 宋 取 鄭師 于 雍丘 ， 使 有 能 者 無 死 ， 以 郟張 與 鄭羅 歸 。,"，。，。：- ""二月甲戌""，（），。- ""宋取鄭師于雍丘使有能者無死以郟張與""""""，""""，""鄭羅歸""，",0.10526315789473684,0.0,0.0,1.0,0.0
夏楚人伐陳陳即吳故也,夏 ， 楚人 伐 陳 ， 陳 即 吳 故 也 。,"，。，。：""夏楚人伐陳""，（）。""陳即吳故也""，，，",0.0,0.0,0.0,1.0,0.0
宋公伐鄭,宋公 伐 鄭 。,，：宋公伐鄭。，。。，。，。，,0.0,1.0,0.0,1.0,0.0
秋吳城邗溝通江淮,秋 ， 吳 城 邗 ， 溝 通 江 、 淮 。,秋 吳 城邗  溝 通 江 淮,0.7999999999999999,0.0,0.7999999999999999,1.0,0.0
晉趙鞅卜救鄭遇水適火占諸史趙史墨史龜,晉趙鞅 卜 救 鄭 ， 遇 水 適 火 ， 占 諸 史趙 、 史墨 、 史龜 。,，。，。：晉趙鞅卜救鄭遇水適火占諸史趙史墨史龜。，。。，，，,0.0,0.33333333333333337,0.0,1.0,0.0
史龜曰“是謂沈陽可以興兵利以伐姜不利子商伐齊則可敵宋不吉”,史龜 曰 ： “ 是 謂 沈 陽 ， 可以 興兵 ， 利 以 伐 姜 ， 不 利 子商 。 伐 齊 則 可 ， 敵 宋 不 吉 。 ”,，。，。史龜，（），曰，。：“是謂沈陽可以興兵利以伐姜不利子商伐齊則可敵宋不吉”。。，，。，,0.0,0.0,0.0,1.0,0.0
史墨曰“盈水名也子水位也名位敵不可干也炎帝為火師姜姓其後也水勝火伐姜則可”,史墨 曰 ： “ 盈 ， 水 名 也 ； 子 ， 水位 也 。 名 位 敵 ， 不可 干 也 。 炎帝 為 火師 ， 姜姓 其 後 也 。 水 勝 火 ， 伐 姜 則 可 。 ”,，。，。史墨曰，，。，“盈水名也（），，，。子水位也，，，。名位敵不可干也炎帝為火師姜姓其後也水勝火伐姜則可”,0.0,0.14285714285714288,0.0,1.0,0.0
史趙曰“是謂如川之滿不可游也鄭方有罪不可救也救鄭則不吉不知其他”,史趙 曰 ： “ 是 謂 如 川 之 滿 ， 不可 游 也 。 鄭 方 有罪 ， 不可 救 也 。 救 鄭 則 不 吉 ， 不 知 其他 。 ”,史 趙 曰 “ 是謂  如 川 之 滿 不 可 游 也 鄭 方 有 罪 不 可 救 也 救 鄭 則 不 吉 不 知 其他 ”,0.7368421052631577,0.0,0.7368421052631577,1.0,0.0
陽虎以周易筮之遇泰之需曰“宋方吉不可與也微子啟帝乙之元子也宋鄭甥舅也祉祿也若帝乙之元子歸妹而有吉祿我安得吉焉”,陽虎 以 《 周易 》 筮 之 ， 遇 泰 之 需 曰 ： “ 宋 方 吉 ， 不可 與 也 。 微子啟 ， 帝乙 之 元子 也 。 宋 、 鄭 ， 甥舅 也 。 祉 ， 祿 也 。 若 帝乙 之 元子 歸妹 而 有 吉祿 ， 我 安 得 吉 焉 ？ ”,，。，《》。：- 陽虎，（），以。- ，，。- 周易《》，，。- 筮之，，，，。- ，遇泰之需曰“宋方吉不可與也微子啟帝乙之元子也宋鄭甥舅也祉祿也若帝乙之元子歸妹而有吉祿我安得吉焉”：,0.0425531914893617,0.0,0.0,1.0,0.0
乃止,乃 止 。,乃 止,1.0,0.0,1.0,1.0,0.0
冬吳子使來儆師伐齊,冬 ， 吳子 使 來 儆 師 伐 齊 。,冬 吳 子 使 來儆  師 伐 齊,0.625,0.0,0.625,1.0,0.0
十年春邾隱公來奔齊甥也故遂奔齊,十年 ， 春 ， 邾隱公 來 奔 ； 齊 甥 也 ， 故 遂 奔 齊 。,，。，。：- 十年春：，，。，。- 邾隱公來奔齊甥也故遂奔齊：，（）。,0.0,0.28571428571428575,0.0,1.0,0.0
公會吳子邾子郯子伐齊南鄙師于鄎,公 會 吳子 、 邾子 、 郯子 伐 齊 南鄙 ， 師 于 鄎 。,公 會 吳子邾 子郯 子 伐 齊 南 鄙 師 于 鄎,0.6086956521739131,0.0,0.6086956521739131,1.0,0.0
齊人弒悼公赴于師,齊人 弒 悼公 ， 赴 于 師 。,，：齊人弒悼公赴于師。，。。，。，。：- ,0.0,0.6666666666666666,0.0,1.0,0.0
吳子三日哭于軍門之外,吳子 三 日 哭 于 軍門 之 外 。,，。，。：吳子，。三日，哭，，于軍門之外，,0.0,0.0,0.0,1.0,0.0
徐承帥舟師將自海入齊齊人敗之吳師乃還,徐承 帥 舟師 將 自 海 入 齊 ， 齊人 敗 之 ， 吳師 乃 還 。,徐 承 帥 舟 師 將 自 海 入 齊  齊 人 敗 之  吳 師 乃 還 ,0.6250000000000001,0.0,0.6250000000000001,1.0,0.0
夏趙鞅帥師伐齊大夫請卜之,夏 ， 趙鞅 帥 師 伐 齊 ， 大夫 請 卜 之 。,，：夏趙鞅帥師伐齊大夫請卜之。，。。，，，。，,0.0,0.5,0.0,1.0,0.0
趙孟曰“吾卜於此起兵事不再令卜不襲吉行也”,趙孟 曰 ： “ 吾 卜 於 此 起兵 ， 事 不 再 令 ， 卜 不 襲吉 。 行 也 ！ ”,趙 孟 曰 “ 吾 卜 於 此 起 兵 事 不 再 令 卜 不襲  吉 行 也 ”,0.7368421052631577,0.0,0.7368421052631577,1.0,0.0
於是乎取犁及轅毀高唐之郭侵及賴而還,於是乎 取 犁 及 轅 ， 毀 高唐 之 郭 ， 侵 及 賴 而 還 。,於 是乎  取 犁 及轅  毀 高 唐 之 郭 侵 及 賴 而 還,0.689655172413793,0.0,0.689655172413793,1.0,0.0
秋吳子使來復儆師,秋 ， 吳子 使 來 復 儆 師 。,秋吳子使來復儆師，。，。，，。，，。,0.0,0.6666666666666666,0.0,1.0,0.0
冬楚子期伐陳吳延州來季子救陳謂子期曰“二君不務德而力爭諸侯民何罪焉我請退以為子名務德而安民”,冬 ， 楚子期 伐 陳 ， 吳 延州來季子 救 陳 ， 謂 子期 曰 ： “ 二 君 不 務 德 ， 而 力 爭 諸侯 ， 民 何 罪 焉 ？ 我 請 退 ， 以 為 子 名 ， 務 德 而 安民 。 ”,冬 楚 子 期 伐 陳 吳 延 州 來 季 子 救 陳 謂 子 期 曰 “ 二 君 不務  德 而 力 爭 諸侯 民 何 罪 焉 我 請 退 以 為 子 名務  德 而 安 民 ”,0.725,0.0,0.725,1.0,0.0
乃還,乃 還 。,乃還  。,0.0,1.0,0.0,1.0,0.0
十一年春齊為鄎故國書高無丕帥師伐我及清,十一年 ， 春 ， 齊 為 鄎 故 ， 國書 、 高無丕 帥 師 伐 我 ， 及 清 。,十一年 春 齊 為 鄎 故 國 書 高 無 丕 帥 師 伐 我 及 清,0.7741935483870968,0.0,0.7741935483870968,1.0,0.0
季孫謂其宰冉求曰“齊師在清必魯故也若之何”,季孫 謂 其 宰 冉求 曰 ： “ 齊師 在 清 ， 必 魯 故 也 ， 若之何 ？ ”,季 孫 謂 其 宰 冉 求 曰 “ 齊 師 在 清 必 魯 故 也 若 之何  ”,0.6666666666666665,0.0,0.6666666666666665,1.0,0.0
求曰“一子守二子從公禦諸竟”,求 曰 ： “ 一 子 守 ， 二 子 從 公 禦 諸 竟 。 ”,，。，。：求曰，，。“一子守二子從公禦諸竟”，。- ：,0.0,0.0,0.0,1.0,0.0
季孫曰“不能”,季孫 曰 ： “ 不 能 。 ”,季 孫 曰 “ 不能 ”,0.5,0.0,0.5,1.0,0.0
求曰“居封疆之間”,求 曰 ： “ 居 封疆 之 間 。 ”,求 曰 “ 居 封疆之 間 ”,0.7999999999999999,0.0,0.7999999999999999,1.0,0.0
季孫告二子二子不可,季孫 告 二 子 ， 二 子 不 可 。,季 孫 告  二 子  二 子 不 可 ,0.823529411764706,0.0,0.823529411764706,1.0,0.0
求曰“若不可則君無出一子帥師背城而戰不屬者非魯人也魯之群室眾於齊之兵車一室敵車優矣子何患焉二子之不欲戰也宜政在季氏當子之身齊人伐魯而不能戰子之恥也大不列於諸侯矣”,求 曰 ： “ 若 不可 ， 則 君 無 出 。 一 子 帥 師 ， 背城 而 戰 ， 不 屬 者 ， 非 魯人 也 。 魯 之 群 室 眾 於 齊 之 兵車 ， 一 室 敵 車 優 矣 ， 子 何 患 焉 ？ 二 子 之 不 欲 戰 也 宜 ， 政 在 季氏 。 當 子 之 身 ， 齊人 伐 魯 而 不能 戰 ， 子 之 恥 也 ， 大 不 列 於 諸侯 矣 。 ”,，。，，。，，，，。，，。：求曰“若不可則君無出一子帥師背城而戰不屬者非魯人也魯之群室眾於齊之兵車一室敵車優矣子何患焉二子之不欲戰也宜政在季氏當子之身齊人伐魯而不能戰子之恥也大不列於諸侯矣”。,0.0,0.0,0.0,1.0,0.0
季孫使從於朝俟於黨氏之溝,季孫 使 從 於 朝 ， 俟 於 黨氏 之 溝 。,季 孫  使  從  於  朝  俟  於黨  氏  之  溝  。,0.6666666666666666,0.6666666666666666,0.6666666666666666,1.0,0.4444444444444444
武叔呼而問戰焉,武叔 呼 而 問 戰 焉 。,武叔 呼 而 問 戰 焉,1.0,0.0,1.0,1.0,0.0
對曰“君子有遠處小人何知”,對 曰 ： “ 君子 有 遠處 ， 小人 何 知 ？ ”,，。，對曰，：“君子有遠處小人何知”。，，，。，,0.0,0.0,0.0,1.0,0.0
懿子強問之對曰“小人慮材而言量力而共者也”,懿子 強 問 之 ， 對 曰 ： “ 小人 慮材 而 言 ， 量力 而 共 者 也 。 ”,懿子強問之對曰“小人慮材而言量力而共者也”。,0.0,0.0,0.0,1.0,0.0
武叔曰“是謂我不成丈夫也”,武叔 曰 ： “ 是 謂 我 不 成 丈夫 也 。 ”,"：，""武叔曰“是謂我不成丈夫也”""。，。，。，：。：- ：（",0.0,0.0,0.0,1.0,0.0
退而搜乘,退 而 搜 乘 。,退 而 搜 乘,1.0,0.0,1.0,1.0,0.0
孟孺子泄帥右師顏羽御邴泄為右,孟孺子泄 帥 右師 ， 顏羽 御 ， 邴泄 為 右 。,孟孺子泄 帥 右師顏 羽 御 邴泄為  右,0.5333333333333333,0.0,0.5333333333333333,1.0,0.0
冉求帥左師管周父御樊遲為右,冉求 帥 左師 ， 管周父 御 ， 樊遲 為 右 。,，。，。：- 冉求：，，（），，。- 帥左師管周父御樊遲為右：,0.2,0.0,0.0,1.0,0.0
季孫曰“須也弱”,季孫 曰 ： “ 須 也 弱 。 ”,季 孫 曰 “ 須 也 弱 ”,0.7999999999999999,0.0,0.7999999999999999,1.0,0.0
有子曰“就用命焉”,有子 曰 ： “ 就 用命 焉 。 ”,有 子 曰 “ 就 用 命 焉 ”,0.6250000000000001,0.0,0.6250000000000001,1.0,0.0
季氏之甲七千冉有以武城人三百為己徒卒老幼守宮次于雩門之外,季氏 之 甲 七千 ， 冉有 以 武城人 三百 為 己 徒卒 ， 老幼 守 宮 ， 次 于 雩門 之 外 。,，。，。，，。，、，。，。：季氏之甲七千冉有以武城人三百為己徒卒老幼守宮次于雩門之外,0.0,0.0,0.0,1.0,0.0
五日右師從之,五 日 ， 右師 從 之 。,五日右師從之，。，。，，。，、，,0.0,0.6666666666666666,0.0,1.0,0.0
公叔務人見保者而泣曰“事充政重上不能謀士不能死何以治民吾既言之矣敢不勉乎”,公叔務人 見 保者 而 泣 ， 曰 ： “ 事 充 ， 政 重 ， 上 不能 謀 ， 士 不能 死 ， 何 以 治 民 ？ 吾 既 言 之 矣 ， 敢 不 勉 乎 ！ ”,公叔務人 見 保 者 而 泣 曰 “ 事 充 政 重 上 不 能謀  士 不 能 死 何 以 治 民 吾 既 言 之 矣 敢 不 勉 乎 ”,0.84375,0.0,0.84375,1.0,0.0
師及齊師戰于郊,師 及 齊師 戰 于 郊 。,師及齊師戰，。于郊，。，，。，、，,0.0,0.6666666666666666,0.0,1.0,0.0
齊師自稷曲師不逾溝,齊師 自 稷曲 ， 師 不 逾 溝 。,齊 師 自 稷 曲 師 不 逾 溝,0.6250000000000001,0.0,0.6250000000000001,1.0,0.0
樊遲曰“非不能也不信子也請三刻而逾之”,樊遲 曰 ： “ 非 不 能 也 ， 不 信 子 也 ， 請 三刻 而 逾 之 。 ”,樊遲 曰 “ 非  不能 也  不 信 子 也  請 三 刻 而 逾 之 ”,0.8235294117647058,0.0,0.8235294117647058,1.0,0.0
如之眾從之,如 之 ， 眾 從 之 。,如之眾從之。,0.0,0.6666666666666666,0.0,1.0,0.0
師入齊軍,師 入 齊軍 。,，：師入齊軍。，。。，。，。：、、,0.0,1.0,0.0,1.0,0.0
右師奔齊人從之,右師 奔 ， 齊人 從 之 。,右師奔齊人從之，。，。，，。，、，,0.0,0.6666666666666666,0.0,1.0,0.0
陳瓘陳莊涉泗,陳瓘 、 陳莊 涉 泗 。,陳瓘陳莊涉泗，。，。，，。，、，,0.0,0.6666666666666666,0.0,1.0,0.0
孟之側後入以為殿抽矢策其馬曰“馬不進也”,孟之側 後 入 以 為 殿 ， 抽 矢 策 其 馬 ， 曰 ： “ 馬 不 進 也 。 ”,孟之側後入以為殿抽矢策其馬曰“馬不進也”,0.0,0.0,0.0,1.0,0.0
林不狃之伍曰“走乎”,林不狃 之 伍 曰 ： “ 走 乎 ？ ”,林 不狃   之  伍  曰 “  走  乎  ” ,0.823529411764706,0.0,0.823529411764706,1.0,0.0
不狃曰“誰不如”,不狃 曰 ： “ 誰 不 如 ？ ”,不狃  曰 “ 誰 不 如 ”,1.0,0.0,1.0,1.0,0.0
曰“然則止乎”,曰 ： “ 然則 止 乎 ？ ”,曰 “ 然則  止乎 ”,0.7272727272727272,0.0,0.7272727272727272,1.0,0.0
不狃曰“惡賢”,不狃 曰 ： “ 惡 賢 ？ ”,不狃  曰 “ 惡 賢 ”,1.0,0.0,1.0,1.0,0.0
徐步而死,徐步 而 死 。,，：徐步而死。，。，，。，,0.0,1.0,0.0,1.0,0.0
師獲甲首八十齊人不能師,師 獲 甲首 八十 ， 齊人 不能 師 。,師 獲 甲首 八十 齊人 不 能 師,0.7999999999999999,0.0,0.7999999999999999,1.0,0.0
宵諜曰“齊人遁”,宵 諜 曰 ： “ 齊人 遁 。 ”,宵諜 曰 “ 齊人遁  ”,0.5,0.0,0.5,1.0,0.0
冉有請從之三季孫弗許,冉有 請 從 之 三 ， 季孫 弗 許 。,"：，""冉有請從之三季孫弗許""。，。，：，。，""""",0.0,0.6666666666666666,0.0,1.0,0.0
孟孺子語人曰“我不如顏羽而賢於邴泄子羽銳敏我不欲戰而能默泄曰‘驅之’”,孟孺子 語 人 曰 ： “ 我 不 如 顏羽 ， 而 賢 於 邴泄 。 子羽 銳敏 ， 我 不 欲 戰 而 能 默 ， 泄 曰 ： ‘ 驅 之 ’ 。 ”,孟孺子 語 人 曰 “ 我 不 如顏  羽 而賢  於 邴 泄 子 羽 銳 敏 我 不 欲 戰 而 能 默 泄 曰 ‘驅  之 ’ ”,0.6779661016949153,0.0,0.6779661016949153,1.0,0.0
公為與其嬖僮汪锜乘皆死皆殯,公為 與 其 嬖僮 汪锜 乘 ， 皆 死 ， 皆 殯 。,公 為 與 其嬖僮   汪锜  乘  皆 死  皆 殯 ,0.7,0.0,0.7,1.0,0.0
孔子曰“能執干戈以衛社稷可無殤也”,孔子 曰 ： “ 能 執 干戈 以 衛 社稷 ， 可 無 殤 也 。 ”,，。，孔子曰，：“能執干戈以衛社稷可無殤也”。，《》，。，：，。，,0.0,0.0,0.0,1.0,0.0
冉有用矛於齊師故能入其軍,冉有 用 矛 於 齊師 ， 故 能 入 其 軍 。,，。，。：冉有，。用矛，於齊師，故能入其軍。，,0.0,0.6666666666666666,0.0,1.0,0.0
孔子曰義也,孔子 曰 ： 義 也 。,，：孔子曰義也。，。。，。，。,0.0,0.6666666666666666,0.0,1.0,0.0
夏陳轅頗出奔鄭,夏 ， 陳轅頗 出奔 鄭 。,夏 陳 轅頗 出奔 鄭 。,0.6666666666666665,0.6666666666666666,0.6666666666666665,1.0,0.4444444444444443
初轅頗為司徒賦封田以嫁公女有餘以為己大器,初 ， 轅頗 為 司徒 ， 賦 封田 以 嫁 公 女 ； 有 餘 ， 以 為 己 大器 。,初 轅 頗 為 司徒 賦 封 田 以 嫁 公 女 有 餘 以 為 己 大 器,0.742857142857143,0.0,0.742857142857143,1.0,0.0
國人逐之故出,國人 逐 之 ， 故 出 。,國人逐之故出，。，。，，。，、，,0.0,0.6666666666666666,0.0,1.0,0.0
道渴其族轅咺進稻醴粱糗腶脯焉,道 渴 ， 其 族 轅咺 進 稻醴 、 粱糗 、 腶脯 焉 。,道渴其族轅咺進稻醴粱糗腶脯焉,0.0,0.0,0.0,1.0,0.0
喜曰“何其給也”,喜 曰 ： “ 何其 給 也 ？ ”,喜 曰 “ 何 其 給 也 ”,0.7999999999999999,0.0,0.7999999999999999,1.0,0.0
對曰“器成而具”,對 曰 ： “ 器 成 而 具 。 ”,對 曰 “ 器 成 而 具 ”,1.0,0.0,1.0,1.0,0.0
曰“何不吾諫”,曰 ： “ 何 不 吾 諫 ？ ”,曰 “ 何不 吾 諫 ”,0.7692307692307692,0.0,0.7692307692307692,1.0,0.0
對曰“懼先行”,對 曰 ： “ 懼 先 行 。 ”,對 曰 “ 懼 先 行 ”,1.0,0.0,1.0,1.0,0.0
為郊戰故公會吳子伐齊,為 郊 戰 故 ， 公 會 吳子 伐 齊 。,，。，。：- 為：，。。- 郊戰故公會吳子伐齊：。，,0.1818181818181818,0.5,0.0,1.0,0.0909090909090909
五月克博,五月 ， 克 博 。,五 月 克 博,0.5714285714285715,0.0,0.5714285714285715,1.0,0.0
壬申至于嬴,壬申 ， 至 于 嬴 。,壬申至，。于嬴，。，，。，、,0.0,0.5,0.0,1.0,0.0
中軍從王胥門巢將上軍王子姑曹將下軍展如將右軍,中軍 從 王 ， 胥門巢 將 上軍 ， 王子姑曹 將 下軍 ， 展如 將 右軍 。,"，。，。：- ""中軍""，，""""（），。- ""從王胥門巢將上軍王子姑曹將下軍展如將右軍""，""""""""，，",0.14285714285714285,0.0,0.0,1.0,0.0
齊國書將中軍高無丕將上軍宗樓將下軍,齊 國書 將 中軍 ， 高無丕 將 上軍 ， 宗樓 將 下軍 。,"，。，。：- ""齊國""，（），。- ：""書將中軍""、""高無丕將上軍""、""宗樓將下軍""。",0.0,0.28571428571428575,0.0,1.0,0.0
陳僖子謂其弟書“爾死我必得志”,陳僖子 謂 其 弟 書 ： “ 爾 死 ， 我 必 得志 。 ”,，。，。：陳僖子，謂其弟書“，爾死我必得志”。。，：，,0.0,0.0,0.0,1.0,0.0
宗子陽與閭丘明相厲也,宗子陽 與 閭丘明 相 厲 也 。,，：宗子陽與閭丘明相厲也。，。，，。，。，,0.0,1.0,0.0,1.0,0.0
桑掩胥御國子,桑掩胥 御 國子 。,桑  掩  胥  御  國  子 ,0.2222222222222222,0.0,0.2222222222222222,1.0,0.0
公孫夏曰“二子必死”,公孫夏 曰 ： “ 二 子 必 死 。 ”,公 孫 夏 曰 “ 二 子 必 死 ”,0.7777777777777777,0.0,0.7777777777777777,1.0,0.0
將戰公孫夏命其徒歌虞殯,將 戰 ， 公孫夏 命 其 徒 歌 虞殯 。,將戰  公孫夏 命 其 徒 歌 虞殯,0.7999999999999999,0.0,0.7999999999999999,1.0,0.0
陳子行命其徒具含玉,陳子行 命 其 徒 具 含玉 。,陳子行命其徒具含玉,0.0,0.0,0.0,1.0,0.0
公孫揮命其徒曰“人尋約吳發短”,公孫揮 命 其 徒 曰 ： “ 人 尋約 ， 吳 發 短 。 ”,公 孫揮  命 其 徒 曰 “ 人 尋 約 吳 發 短 ”,0.7692307692307692,0.0,0.7692307692307692,1.0,0.0
東郭書曰“三戰必死於此三矣”,東郭書 曰 ： “ 三 戰 必 死 ， 於 此 三 矣 。 ”,：，：東郭書曰 ，“三戰必死於此三矣” 。，。，（），。，,0.0,0.0,0.0,1.0,0.0
使問弦多以琴曰“吾不復見子矣”,使 問 弦多 以 琴 ， 曰 ： “ 吾 不 復 見 子 矣 。 ”,"：，""使問弦多以琴曰“吾不復見子矣”""。，。。""""，""""。",0.0,0.0,0.0,1.0,0.0
陳書曰“此行也吾聞鼓而已不聞金矣”,陳書 曰 ： “ 此 行 也 ， 吾 聞 鼓 而已 ， 不 聞 金 矣 。 ”,，。，陳書曰，。：“此行也吾聞鼓而已不聞金矣”。（）。，，,0.0,0.0,0.0,1.0,0.0
甲戌戰于艾陵,甲戌 ， 戰 于 艾陵 。,甲戌戰，。于艾陵，。，，。，、，,0.0,0.5,0.0,1.0,0.0
展如敗高子國子敗胥門巢王卒助之大敗齊師獲國書公孫夏閭丘明陳書東郭書革車八百乘甲首三千以獻于公,展如 敗 高子 ， 國子 敗 胥門巢 ， 王卒 助 之 ， 大敗 齊師 ， 獲 國書 、 公孫夏 、 閭丘明 、 陳書 、 東郭書 ， 革車 八百 乘 ， 甲首 三千 ， 以 獻 于 公 。,，。，。，，、、。，，，。：展如敗高子國子敗胥門巢王卒助之大敗齊師獲國書公孫夏閭丘明陳書東郭書革車八百乘甲首三千以獻于公,0.0,0.0,0.0,1.0,0.0
將戰吳子呼叔孫曰“而事何也”,將 戰 ， 吳子 呼 叔孫 曰 ： “ 而 事 何 也 ？ ”,將戰吳  子 呼 叔孫 曰 “ 而 事 何 也 ”,0.7826086956521738,0.0,0.7826086956521738,1.0,0.0
對曰“從司馬”,對 曰 ： “ 從 司馬 。 ”,，：對曰“從司馬”。，。，，。，。。,0.0,0.0,0.0,1.0,0.0
王賜之甲劍鈹曰“奉爾君事敬無廢命”,王 賜 之 甲 、 劍鈹 ， 曰 ： “ 奉 爾 君事 ， 敬 無 廢命 ！ ”,王 賜  之  甲劍    鈹  曰  “  奉爾    君  事  敬  無廢    命  ”  。 ,0.5,0.0,0.5,1.0,0.0
叔孫未能對,叔孫 未 能 對 。,叔孫未，，。。，。，，能對。,0.0,0.6666666666666666,0.0,1.0,0.0
衛賜進曰“州仇奉甲從君”,衛賜 進 ， 曰 ： “ 州仇 奉 甲 從 君 。 ”,，：衛賜進曰“州仇奉甲從君”。，。。，。，。，,0.0,0.0,0.0,1.0,0.0
而拜,而 拜 。,而 拜,1.0,0.0,1.0,1.0,0.0
公使大史固歸國子之元寘之新篋褽之以玄纁加組帶焉,公 使 大史 固 歸 國子 之 元 ， 寘 之 新 篋 ， 褽 之 以 玄纁 ， 加 組帶 焉 。,"，。，。：- ""公使""，，（），。- ""大史固歸國子之元寘之新篋褽之以玄纁加組帶焉""，""""，，",0.0,0.0,0.0,1.0,0.0
寘書于其上曰“天若不識不衷何以使下國”,寘 書 于 其 上 ， 曰 ： “ 天 若 不 識 不衷 ， 何 以 使 下國 ？ ”,寘 書 于 其 上 曰 “ 天 若 不 識 不衷  何 以 使 下 國 ”,0.9142857142857143,0.0,0.9142857142857143,1.0,0.0
吳將伐齊越子率其眾以朝焉王及列士皆有饋賂,吳 將 伐 齊 ， 越子 率 其 眾 以 朝 焉 ， 王 及 列士 皆 有 饋賂 。,，。，。：- 吳將伐齊越子率其眾：，，，，。以朝焉王及列士皆有饋賂   ，，,0.0,0.0,0.0,1.0,0.0
吳人皆喜唯子胥懼曰“是豢吳也夫”,吳人 皆 喜 ， 唯 子胥 懼 ， 曰 ： “ 是 豢 吳 也夫 ！ ”,吳人皆喜唯子胥懼曰“是豢吳也夫”,0.0,0.0,0.0,1.0,0.0
諫曰“越在我心腹之疾也壤地同而有欲於我夫其柔服求濟其欲也不如早從事焉得志於齊猶獲石田也無所用之越不為沼吳其泯矣使醫除疾而曰‘必遺類焉’者未之有也盤庚之誥曰其有顛越不共則劓殄無遺育無俾易種于茲邑’是商所以興也今君易之將以求大不亦難乎”,諫 曰 ： “ 越 在 我 ， 心腹 之 疾 也 ， 壤地 同 ， 而 有 欲 於 我 。 夫 其 柔服 ， 求 濟 其 欲 也 ， 不如 早 從事 焉 。 得志 於 齊 ， 猶 獲 石田 也 ， 無 所 用 之 。 越 不 為 沼 ， 吳 其 泯 矣 。 使 醫 除 疾 ， 而 曰 ‘ 必 遺類 焉 ’ 者 ， 未 之 有 也 。 《 盤庚 》 之 誥 曰 ： 其 有 顛越 不共 ， 則 劓 殄 無 遺育 ， 無 俾 易種 于 茲 邑 ’ ， 是 商 所以 興 也 。 今 君 易 之 ， 將 以 求 大 ， 不 亦 難 乎 ？ ”,，。，，。：。，，。，，，。，，。：諫曰“越在我心腹之疾也壤地同而有欲於我夫其柔服求濟其欲也不如早從事焉得志於齊猶獲石田也無所用之越不為沼吳其泯矣使醫除疾而曰‘必遺類焉’者未之有也盤庚之誥曰其有顛越不共則劓殄無遺育無俾易種于茲邑’是商所以興也今君易之將以求大不亦難乎”。,0.0,0.0,0.0,1.0,0.0
弗聽,弗 聽 。,弗 聽,1.0,0.0,1.0,1.0,0.0
使於齊屬其子於鮑氏為王孫氏,使 於 齊 ， 屬 其 子 於 鮑氏 ， 為 王孫氏 。,使 於 齊 屬 其 子 於 鮑 氏 為 王 孫 氏,0.6956521739130435,0.0,0.6956521739130435,1.0,0.0
反役王聞之使賜之屬鏤以死,反 役 ， 王 聞 之 ， 使 賜 之 屬鏤 以 死 。,反役王聞之使賜之屬鏤以死，。，。，，。，、，。,0.0,0.5,0.0,1.0,0.0
將死曰“樹吾墓槚槚可材也吳其亡乎三年其始弱矣盈必毀天之道也”,將 死 ， 曰 ： “ 樹 吾 墓 槚 ， 槚 可 材 也 。 吳 其 亡 乎 ！ 三 年 ， 其 始 弱 矣 。 盈 必 毀 ， 天 之 道 也 。 ”,，。，。：將死曰“樹吾墓槚槚可材也吳其亡乎三年其始弱矣盈必毀天之道也”。，（）、（），（）。。，，,0.0,0.0,0.0,1.0,0.0
秋季孫命修守備曰“小勝大禍也齊至無日矣”,秋 ， 季孫 命 修 守備 ， 曰 ： “ 小 勝 大 ， 禍 也 ， 齊 至 無日 矣 。 ”,秋 季 孫 命 修 守 備 曰 “ 小 勝 大 禍 也 齊 至 無 日 矣 ”,0.7567567567567567,0.0,0.7567567567567567,1.0,0.0
冬衛大叔疾出奔宋,冬 ， 衛大叔疾 出奔 宋 。,冬衛  大叔 疾 出 奔 宋,0.2,0.0,0.2,1.0,0.0
初疾娶于宋子朝其娣嬖,初 ， 疾 娶 于 宋 子朝 ， 其 娣 嬖 。,"：，""初疾娶于宋子朝其娣嬖""。，：，。，：""""。，""""",0.0,0.5,0.0,1.0,0.0
子朝出孔文子使疾出其妻而妻之,子朝 出 ， 孔文子 使 疾 出 其 妻 ， 而 妻 之 。,子朝出孔文子使疾出其妻而妻之。,0.0,0.5,0.0,1.0,0.0
疾使侍人誘其初妻之娣寘於犁而為之一宮如二妻,疾 使 侍人 誘 其 初妻 之 娣 寘 於 犁 ， 而 為 之 一 宮 ， 如 二 妻 。,疾使侍人誘其初妻之娣寘於犁而為之一宮如二妻。,0.0,0.5,0.0,1.0,0.0
文子怒欲攻之仲尼止之,文子 怒 ， 欲 攻 之 ， 仲尼 止 之 。,"：，""文子怒欲攻之仲尼止之""。，。：""""（），""""（）",0.0,0.5,0.0,1.0,0.0
遂奪其妻,遂 奪 其 妻 。,遂 奪 其 妻 。,1.0,1.0,1.0,1.0,1.0
或淫于外州外州人奪之軒以獻,或 淫 于 外州 ， 外州人 奪 之 軒 以 獻 。,或 淫 于 外 州 外 州 人奪  之 軒 以 獻,0.6363636363636365,0.0,0.6363636363636365,1.0,0.0
恥是二者故出,恥 是 二 者 ， 故 出 。,恥是二者故出,0.0,0.0,0.0,1.0,0.0
衛人立遺使室孔姞,衛人 立 遺 ， 使 室 孔姞 。,衛人 立 遺使 室 孔姞,0.7272727272727272,0.0,0.7272727272727272,1.0,0.0
疾臣向魋納美珠焉與之城鉏,疾 臣 向魋 ， 納 美珠 焉 ， 與 之 城鉏 。,"，。，。：- ""疾臣""，，""""。- ""向魋納美珠焉與之城鉏""，：""""""",0.0,0.0,0.0,1.0,0.0
宋公求珠魋不與由是得罪,宋公 求 珠 ， 魋 不 與 ， 由 是 得罪 。,"，。，。""宋公求珠魋不與由是得罪""，。：""""，",0.0,0.5,0.0,1.0,0.0
及桓氏出城鉏人攻大叔疾衛莊公復之使處巢死焉殯於鄖葬於少禘,及 桓氏 出 ， 城鉏人 攻 大叔疾 ， 衛莊公 復 之 ， 使 處 巢 ， 死 焉 ， 殯 於 鄖 ， 葬 於 少禘 。,，。，。：及桓氏出城鉏人攻大叔疾衛莊公復之使處巢死焉殯於鄖葬於少禘。、、、、、、、、,0.0,0.25,0.0,1.0,0.0
初晉悼公子憖亡在衛使其女仆而田大叔懿子止而飲之酒遂聘之生悼子,初 ， 晉悼公 子 憖 亡 在 衛 ， 使 其 女 仆 而 田 ， 大叔懿子 止 而 飲 之 酒 ， 遂 聘 之 ， 生 悼子 。,，。，。：初晉悼公子憖亡在衛使其女仆而田大叔懿子止而飲之酒遂聘之生悼子。，，。。，，,0.0,0.2857142857142857,0.0,1.0,0.0
悼子即位故夏戊為大夫,悼子 即位 ， 故 夏戊 為 大夫 。,，。，。，，。、。悼子即位故夏戊為大夫,0.0,0.0,0.0,1.0,0.0
悼子亡衛人翦夏戊,悼子 亡 ， 衛人 翦 夏戊 。,，：悼子亡衛人翦夏戊。，。，，，。，,0.0,0.6666666666666666,0.0,1.0,0.0
孔文子之將攻大叔也訪於仲尼,孔文子 之 將 攻 大叔 也 ， 訪 於 仲尼 。,"，。，《》。：""孔文子""，，。""之""，，""""。""將攻大叔也訪於仲尼""""""，",0.0,0.0,0.0,1.0,0.0
仲尼曰“胡簋之事則嘗學之矣甲兵之事未之聞也”,仲尼 曰 ： “ 胡簋 之 事 ， 則 嘗 學 之 矣 ； 甲兵 之 事 ， 未 之 聞 也 。 ”,仲尼 曰 “ 胡 簋 之 事 則 嘗 學 之 矣 甲 兵 之 事 未 之 聞 也 ”,0.8500000000000001,0.0,0.8500000000000001,1.0,0.0
退命駕而行曰“鳥則擇木木豈能擇鳥”,退 ， 命 駕 而 行 ， 曰 ： “ 鳥 則 擇 木 ， 木 豈 能 擇 鳥 ？ ”,退 命 駕 而 行 曰 “ 鳥 則 擇 木 木 豈 能 擇 鳥 ”,1.0,0.0,1.0,1.0,0.0
文子遽止之曰“圉豈敢度其私訪衛國之難也”,文子 遽 止 之 曰 ： “ 圉 豈 敢 度 其 私 ， 訪 衛國 之 難 也 。 ”,文子 遽 止 之 曰 “ 圉 豈 敢 度 其 私 訪 衛 國 之 難 也 ”,0.918918918918919,0.0,0.918918918918919,1.0,0.0
將止魯人以幣召之乃歸,將 止 ， 魯人 以 幣 召 之 ， 乃 歸 。,，。，。：  - 將：，。  - 止魯人：，以幣召之乃歸（）,0.1818181818181818,0.0,0.0,1.0,0.0
季孫欲以田賦使冉有訪諸仲尼,季孫 欲 以 田 賦 ， 使 冉有 訪 諸 仲尼 。,季 孫  欲  以  田 賦  使  冉 有  訪  諸  仲 尼  。,0.608695652173913,0.6666666666666666,0.608695652173913,1.0,0.4057971014492753
仲尼曰“丘不識也”,仲尼 曰 ： “ 丘 不 識 也 。 ”,仲尼 曰 “ 丘 不 識 也 ”,1.0,0.0,1.0,1.0,0.0
三發卒曰“子為國老待子而行若之何子之不言也”,三 發 ， 卒 曰 ： “ 子 為 國老 ， 待 子 而 行 ， 若之何 子 之 不 言 也 ？ ”,三 發 卒 曰 “ 子 為 國 老 待 子 而 行 若 之  何 子 之 不 言 也 ”,0.8292682926829269,0.0,0.8292682926829269,1.0,0.0
仲尼不對而私於冉有曰“君子之行也度於禮施取其厚事舉其中斂從其薄如是則以丘亦足矣若不度於禮而貪冒無厭則雖以田賦將又不足且子季孫若欲行而法則周公之典在若欲茍而行又何訪焉”,仲尼 不 對 ， 而 私 於 冉有 曰 ： “ 君子 之 行 也 ， 度 於 禮 ： 施 取 其 厚 ， 事 舉 其 中 ， 斂 從 其 薄 。 如 是 ， 則 以 丘 亦 足 矣 。 若 不 度 於 禮 ， 而 貪冒 無 厭 ， 則 雖 以 田 賦 ， 將 又 不足 。 且 子季孫 若 欲 行 而 法 ， 則 周公 之 典 在 ； 若 欲 茍 而 行 ， 又 何 訪 焉 ？ ”,仲尼 不 對 而 私 於 冉有 曰 “ 君子 之 行 也 度 於 禮施  取 其 厚 事舉  其 中 斂 從 其 薄 如 是 則 以 丘 亦 足 矣 若 不 度 於 禮 而 貪 冒 無厭  則 雖 以 田賦  將 又 不 足 且 子 季孫 若 欲 行 而 法 則 周公 之 典 在 若 欲茍  而 行 又 何 訪 焉 ”,0.8378378378378378,0.0,0.8378378378378378,1.0,0.0
弗聽,弗 聽 。,弗 聽,1.0,0.0,1.0,1.0,0.0
十二年春王正月用田賦,十二年 ， 春 ， 王 正月 ， 用 田 賦 。,十 二 年 春 王 正 月 用 田 賦,0.588235294117647,0.0,0.588235294117647,1.0,0.0
夏五月昭夫人孟子卒,夏 ， 五月 ， 昭夫人孟子 卒 。,夏五月昭夫人孟子卒，。，。，，。，、，,0.0,0.5,0.0,1.0,0.0
昭公娶于吳故不書姓,昭公 娶 于 吳 ， 故 不 書 姓 。,昭公娶    于  吳  故  不  書  姓  。,0.7999999999999999,0.6666666666666666,0.7999999999999999,1.0,0.5333333333333332
死不赴故不稱夫人,死 不 赴 ， 故 不 稱 夫人 。,死 不 赴 故  不稱  夫人,0.7692307692307692,0.0,0.7692307692307692,1.0,0.0
不反哭故不言葬小君,不 反哭 ， 故 不 言 葬 小君 。,不 反哭 故 不 言  葬 小君,1.0,0.0,1.0,1.0,0.0
孔子與吊適季氏,孔子 與 吊 ， 適 季氏 。,孔子與吊適季氏，。，。，，。，，,0.0,0.6666666666666666,0.0,1.0,0.0
季氏不絻放绖而拜,季氏 不 絻 ， 放 绖 而 拜 。,季氏 不 絻 放绖  而 拜,0.7692307692307692,0.0,0.7692307692307692,1.0,0.0
公會吳于橐皋吳子使大宰嚭請尋盟,公 會 吳 于 橐皋 ， 吳子 使 大宰嚭 請 尋盟 。,"，。，。：- ""公""，，，。。- ""會吳于橐皋吳子使大宰嚭請尋""，盟，，",0.16666666666666669,0.0,0.0,1.0,0.0
公不欲使子貢對曰“盟所以周信也故心以制之玉帛以奉之言以結之明神以要之寡君以為茍有盟焉弗可改也已若猶可改日盟何益今吾子曰‘必尋盟’若可尋也亦可寒也”,公 不 欲 ， 使 子貢 對 曰 ： “ 盟 ， 所 以 周 信 也 ， 故 心 以 制 之 ， 玉帛 以 奉 之 ， 言 以 結 之 ， 明神 以 要 之 。 寡君 以 為 茍 有 盟 焉 ， 弗 可 改 也已 。 若 猶 可 改 ， 日 盟 何 益 ？ 今 吾子 曰 ‘ 必 尋盟 ’ ， 若 可 尋 也 ， 亦 可 寒 也 。 ”,公 不 欲  使  子貢  對  曰 “  盟  所以  周  信  也  故  心以    制之    玉帛以      奉之    言以    結之    明  神以    要之    寡  君以    為茍    有  盟  焉  弗  可  改  也  已  若猶    可  改  日  盟  何  益  今吾子曰‘必尋盟’若可尋也亦可寒也” ,0.46296296296296297,0.0,0.46296296296296297,1.0,0.0
乃不尋盟,乃 不 尋盟 。,乃 不 尋 盟 。,0.5714285714285715,1.0,0.5714285714285715,1.0,0.5714285714285715
吳徵會于衛,吳 徵會 于 衛 。,，，：吳徵會于衛。，。，，。。，,0.0,1.0,0.0,1.0,0.0
初衛人殺吳行人且姚而懼謀於行人子羽,初 ， 衛人 殺 吳 行人 且姚 而 懼 ， 謀 於 行人 子羽 。,初衛 人 殺 吳 行人 且 姚 而 懼 謀 於 行人 子羽,0.7199999999999999,0.0,0.7199999999999999,1.0,0.0
子羽曰“吳方無道無乃辱吾君不如止也”,子羽 曰 ： “ 吳 方 無道 ， 無乃 辱 吾 君 ， 不如 止 也 。 ”,子 羽 曰 “ 吳 方 無 道 無 乃 辱 吾 君 不 如 止 也 ”,0.6250000000000001,0.0,0.6250000000000001,1.0,0.0
子木曰“吳方無道國無道必棄疾於人吳雖無道猶足以患衛往也長木之斃無不瘈也國狗之瘈無不噬也而況大國乎”,子木 曰 ： “ 吳 方 無道 ， 國 無道 ， 必 棄 疾 於 人 。 吳 雖 無道 ， 猶 足以 患 衛 。 往 也 ！ 長 木 之 斃 ， 無 不 瘈 也 ； 國狗 之 瘈 ， 無 不 噬 也 ， 而 況 大國 乎 ！ ”,子木 曰 “ 吳 方 無 道 國 無 道 必棄疾  於 人 吳雖  無 道 猶足 以  患衛  往 也 長 木 之 斃 無 不 瘈 也 國 狗 之 瘈 無 不 噬 也 而況  大 國 乎 ”,0.6190476190476191,0.0,0.6190476190476191,1.0,0.0
秋衛侯會吳于鄖,秋 ， 衛侯 會 吳 于 鄖 。,秋衛 侯 會 吳 于鄖  。,0.3636363636363636,0.6666666666666666,0.3636363636363636,1.0,0.24242424242424238
公及衛侯宋皇瑗盟而卒辭吳盟,公 及 衛侯 、 宋皇瑗 盟 ， 而 卒 辭 吳 盟 。,公 及衛 侯 宋 皇 瑗 盟 而 卒辭吳   盟,0.4000000000000001,0.0,0.4000000000000001,1.0,0.0
吳人藩衛侯之舍,吳人 藩 衛侯 之 舍 。,，：吳人藩衛侯之舍。，。：- ，，。- ，,0.0,1.0,0.0,1.0,0.0
子服景伯謂子貢曰“夫諸侯之會事既畢矣侯伯致禮地主歸餼以相辭也今吳不行禮於衛而藩其君舍以難之子盍見大宰”,子服景伯 謂 子貢 曰 ： “ 夫 諸侯 之 會 ， 事 既 畢 矣 ， 侯伯 致 禮 ， 地主 歸 餼 ， 以 相 辭 也 。 今 吳 不 行禮 於 衛 ， 而 藩 其 君舍 以 難 之 ， 子 盍 見 大宰 ？ ”,子 服 景伯 謂 子貢 曰 “ 夫 諸侯 之 會 事 既畢  矣 侯伯 致 禮 地 主歸餼   以 相辭  也 今 吳 不 行禮  於衛  而藩  其 君 舍 以難  之 子 盍 見 大宰 ”,0.6582278481012659,0.0,0.6582278481012659,1.0,0.0
乃請束錦以行,乃 請 束錦 以 行 。,乃 請 束錦 以 行 。,1.0,1.0,1.0,1.0,1.0
語及衛故大宰嚭曰“寡君愿事衛君衛君之來也緩寡君懼故將止之”,語 及 衛 故 ， 大宰嚭 曰 ： “ 寡君 愿 事 衛君 ， 衛君 之 來 也 緩 ， 寡君 懼 ， 故 將 止 之 。 ”,語 及衛  故 大宰 嚭 曰 “ 寡君 愿 事衛  君衛  君 之 來 也緩     寡君 懼 故 將 止 之 ”,0.6666666666666666,0.0,0.6666666666666666,1.0,0.0
子貢曰“衛君之來必謀於其眾其眾或欲或否是以緩來其欲來者子之黨也其不欲來者子之讎也若執衛君是墮黨而崇讎也夫墮子者得其志矣且合諸侯而執衛君誰敢不懼墮黨崇讎而懼諸侯或者難以霸乎”,子貢 曰 ： “ 衛君 之 來 ， 必 謀 於 其 眾 ， 其 眾 或 欲 或 否 ， 是以 緩 來 。 其 欲 來 者 ， 子 之 黨 也 ； 其 不 欲 來 者 ， 子 之 讎 也 。 若 執 衛君 ， 是 墮 黨 而 崇 讎 也 ， 夫 墮 子 者 得 其 志 矣 。 且 合 諸侯 而 執 衛君 ， 誰 敢 不 懼 ？ 墮 黨 崇 讎 ， 而 懼 諸侯 ， 或者 難 以 霸 乎 ！ ”,子貢 曰 “衛  君 之 來 必 謀 於 其 眾 ， 其 眾 或 欲 或 否 ， 是 以 緩 來 ， 其 欲 來 者 子 之黨  也 ， 其 不 欲 來 者 子 之 讎 也 ， 若執衛   君 ， 是 墮黨  而 崇 讎 也 ， 夫 墮 子 者 得 其 志 矣 ， 且 合 諸侯 而執衛   君 ， 誰 敢 不 懼 ， 墮黨  崇 讎 而 懼 諸侯 ， 或 者難以霸乎”,0.7702702702702704,0.42857142857142855,0.7702702702702704,1.0,0.3301158301158302
大宰嚭說乃舍衛侯,大宰嚭 說 ， 乃 舍 衛侯 。,大宰嚭說乃舍衛侯。,0.0,0.6666666666666666,0.0,1.0,0.0
衛侯歸效夷言,衛侯 歸 ， 效 夷言 。,衛侯歸  效 夷 言 。,0.25,0.6666666666666666,0.25,1.0,0.16666666666666666
子之尚幼曰“君必不免其死於夷乎執焉而又說其言從之固矣”,子之 尚 幼 ， 曰 ： “ 君 必 不 免 ， 其 死 於 夷 乎 ！ 執 焉 而 又 說 其 言 ， 從 之 固 矣 。 ”,子 之 尚 幼 曰 “ 君 必 不 免 其 死 於 夷 乎執  焉 而 又 說 其 言 從 之 固 矣 ”,0.8846153846153846,0.0,0.8846153846153846,1.0,0.0
冬十二月螽季孫問諸仲尼,冬 ， 十二月 ， 螽 ， 季孫 問 諸 仲尼 。,冬十二月螽季孫問諸仲尼，。，。，，。，、，。,0.0,0.4,0.0,1.0,0.0
仲尼曰“丘聞之火伏而後蟄者畢今火猶西流司暦過也”,仲尼 曰 ： “ 丘 聞 之 ： 火伏 而後 蟄 者 畢 。 今 火 猶 西 流 ， 司暦 過 也 。 ”,，。，。：仲尼曰“丘聞之火伏而後蟄者畢今火猶西流司暦過也”。，，，。，，,0.0,0.0,0.0,1.0,0.0
宋鄭之間有隙地焉曰彌作頃丘玉暢嵒戈钖,宋 、 鄭 之 間 有 隙地 焉 ， 曰 彌作 、 頃丘 、 玉暢 、 嵒 、 戈 、 钖 。,宋 鄭 之 間 有 隙 地焉  曰 彌 作 頃 丘 玉暢嵒戈钖     ,0.4444444444444445,0.0,0.4444444444444445,1.0,0.0
子產與宋人為成曰“勿有是”,子產 與 宋人 為 成 ， 曰 “ 勿 有 是 。 ”,子產   與  宋  人  為  成  曰  “  勿  有  是  ”  。,0.8695652173913043,0.0,0.8695652173913043,1.0,0.0
及宋平元之族自蕭奔鄭鄭人為之城嵒戈钖,及 宋 平 、 元 之 族 自 蕭 奔 鄭 ， 鄭人 為 之 城 嵒 、 戈 、 钖 。,及 宋 平 元 之 族 自 蕭 奔 鄭 鄭 人為  之 城 嵒 戈钖  ,0.787878787878788,0.0,0.787878787878788,1.0,0.0
九月宋向巢伐鄭取钖殺元公之孫遂圍嵒,九月 ， 宋向巢 伐 鄭 ， 取 钖 ， 殺 元公 之 孫 ， 遂 圍 嵒 。,，。，。：- 九月，（），。- 宋，（），。- 向巢伐鄭取钖殺元公之孫遂圍嵒，，,0.125,0.0,0.0,1.0,0.0
十二月鄭罕達救嵒,十二月 ， 鄭罕達 救 嵒 。,十二月 鄭 罕達 救 嵒 。,0.6666666666666665,0.6666666666666666,0.6666666666666665,1.0,0.4444444444444443
丙申圍宋師,丙申 ， 圍 宋師 。,，：丙申圍宋師。，。，，，，。,0.0,0.6666666666666666,0.0,1.0,0.0
十三年春宋向魋救其師,十三年 ， 春 ， 宋向魋 救 其 師 。,"：，""十三年春宋向魋救其師""。，、。。""""，。，",0.0,0.5,0.0,1.0,0.0
鄭子剩使徇曰“得桓魋者有賞”,鄭子剩 使 徇 曰 ： “ 得 桓魋 者 有 賞 。 ”,，：鄭子剩使徇曰“得桓魋者有賞”。，。。，，，。：- ,0.0,0.0,0.0,1.0,0.0
魋也逃歸,魋 也 逃歸 。,魋也逃歸，。，。，，，、。，,0.0,1.0,0.0,1.0,0.0
遂取宋師于嵒獲成讙郜延,遂 取 宋師 于 嵒 ， 獲 成讙 、 郜延 。,"，。，。：""遂取宋師于嵒獲成讙郜延""，""""，""""，""""，""""（",0.0,0.0,0.0,1.0,0.0
以六邑為虛,以 六邑 為 虛 。,以 六 邑為  虛,0.5,0.0,0.5,1.0,0.0
夏公會單平公晉定公吳夫差于黃池,夏 ， 公 會 單平公 、 晉定公 、 吳夫差 于 黃池 。,，。，。：- 夏公會單平：，，，（、）。，公晉定公吳夫差于黃池,0.0,0.0,0.0,1.0,0.0
六月丙子越子伐吳為二隧疇無餘謳陽自南方先及郊,六月 丙子 ， 越子 伐 吳 ， 為 二 隧 ， 疇無餘 、 謳陽 自 南方 ， 先 及 郊 。,，。，。，，。，、，。，。：六月丙子越子伐吳為二隧疇無餘謳陽自南方先及郊,0.0,0.0,0.0,1.0,0.0
吳太子友王子地王孫彌庸壽於姚自泓上觀之,吳太子友 、 王子地 、 王孫彌庸 、 壽於姚 自 泓上 觀 之 。,，。，。：- 吳太子：，，，。- 友王子地王孫彌庸壽於姚自泓上觀之：，，，，,0.0,0.0,0.0,1.0,0.0
彌庸見姑蔑之旗曰“吾父之旗也”,彌庸 見 姑蔑 之 旗 ， 曰 ： “ 吾 父 之 旗 也 。 ”,，。，。：- 彌庸，（），，。- 見，，，。- 姑蔑之旗曰“吾父之旗也”,0.25,0.0,0.0,1.0,0.0
不可以見讎而弗殺也,不 可以 見 讎 而 弗 殺 也 。,不 可以  見  讎  而  弗  殺  也 ,1.0,0.0,1.0,1.0,0.0
太子曰“戰而不克將亡國請待之”,太子 曰 ： “ 戰 而 不 克 ， 將 亡國 ， 請 待 之 。 ”,"：，""太子曰“戰而不克將亡國請待之”""。，。，，。：- """" （），。- """" ",0.0,0.0,0.0,1.0,0.0
彌庸不可屬徒五千王子地助之,彌庸 不 可 ， 屬 徒 五千 ， 王子地 助 之 。,，。，。：- 彌庸：，。- 不可屬徒五千王子地助之：，，。-,0.1818181818181818,0.4,0.0,1.0,0.07272727272727272
乙酉戰彌庸獲疇無餘地獲謳陽,乙酉 ， 戰 ， 彌庸 獲 疇無餘 ， 地 獲 謳陽 。,乙酉戰彌  庸 獲 疇 無 餘地 獲 謳陽 ,0.375,0.0,0.375,1.0,0.0
越子至王子地守,越子 至 ， 王子地 守 。,越子 至 王子 地 守,0.6666666666666665,0.0,0.6666666666666665,1.0,0.0
丙戌復戰大敗吳師獲太子友王孫彌庸壽於姚,丙戌 ， 復 戰 ， 大敗 吳師 ， 獲 太子友 、 王孫彌庸 、 壽於姚 。,，。，。，，。，、，。，。：丙戌復戰大敗吳師獲太子友王孫彌庸壽於姚,0.0,0.0,0.0,1.0,0.0
丁亥入吳,丁亥 ， 入 吳 。,丁亥入吳，。，，。，（）、，-:、。，,0.0,0.6666666666666666,0.0,1.0,0.0
吳人告敗于王,吳人 告 敗 于 王 。,吳人告敗，。于王，。，，。，、，,0.0,0.6666666666666666,0.0,1.0,0.0
王惡其聞也自剄七人於幕下,王 惡 其 聞 也 ， 自剄 七 人 於 幕下 。,王惡其聞也自剄七人於幕，下。，。，，。，、，。,0.0,0.5,0.0,1.0,0.0
秋七月辛丑盟吳晉爭先,秋 ， 七月 辛丑 盟 ， 吳 、 晉 爭 先 。,"，。，""秋七月辛丑""，""""，""""，""""（）。""盟""，。""吳晉爭先""",0.0,0.0,0.0,1.0,0.0
吳人曰“於周室我為長”,吳人 曰 ： “ 於 周室 ， 我 為 長 。 ”,，。，吳人曰，。：“於周室我為長”。，。，：，。,0.0,0.0,0.0,1.0,0.0
晉人曰“於姬姓我為伯”,晉人 曰 ： “ 於 姬姓 ， 我 為 伯 。 ”,"，。，《》。""晉人""，""曰""，。“於姬姓我為伯”""""",0.0,0.0,0.0,1.0,0.0
趙鞅呼司馬寅曰“日旰矣大事未成二臣之罪也建鼓整列二臣死之長幼必可知也”,趙鞅 呼 司馬寅 曰 ： “ 日旰 矣 ， 大事 未 成 ， 二 臣 之 罪 也 。 建鼓 整列 ， 二 臣 死 之 ， 長幼 必 可 知 也 。 ”,趙鞅   呼  司馬  寅  曰  “  日  旰  矣  大事  未  成  二  臣  之  罪  也  建  鼓  整  列  二  臣  死  之  長  幼  必  可  知  也  ”  。,0.7457627118644067,0.0,0.7457627118644067,1.0,0.0
對曰“請姑視之”,對 曰 ： “ 請 姑 視 之 。 ”,對 曰 “ 請 姑 視 之 ”,1.0,0.0,1.0,1.0,0.0
反曰“肉食者無墨今吳王有墨國勝乎太子死乎且夷德輕不忍久請少待之”,反 ， 曰 ： “ 肉食 者 無 墨 。 今 吳王 有 墨 ， 國 勝 乎 ？ 太子 死 乎 ？ 且 夷德 輕 ， 不 忍 久 ， 請 少 待 之 。 ”,，。，反曰，。。。：，，  （）。：“肉食者無墨今吳王有墨國勝乎太子死乎且夷德輕不忍久請少待之”,0.0,0.0,0.0,1.0,0.0
乃先晉人,乃 先 晉人 。,乃 先 晉人,1.0,0.0,1.0,1.0,0.0
吳人將以公見晉侯子服景伯對使者曰“王合諸侯則伯帥侯牧以見於王伯合諸侯則侯帥子男以見於伯自王以下朝聘玉帛不同故敝邑之職貢於吳有豐於晉無不及焉以為伯也今諸侯會而君將以寡君見晉君則晉成為伯矣敝邑將改職貢魯賦於吳八百乘若為子男則將半邾以屬於吳而如邾以事晉且執事以伯召諸侯而以侯終之何利之有焉”,吳人 將 以 公 見 晉侯 ， 子服景伯 對 使者 曰 ： “ 王 合 諸侯 ， 則 伯 帥 侯牧 以 見 於 王 ； 伯 合 諸侯 ， 則 侯 帥 子 、 男 以 見 於 伯 。 自 王 以下 ， 朝聘 玉帛 不 同 ； 故 敝邑 之 職貢 於 吳 ， 有 豐 於 晉 ， 無 不 及 焉 ， 以 為 伯 也 。 今 諸侯 會 ， 而 君 將 以 寡君 見 晉君 ， 則 晉 成為 伯 矣 ， 敝邑 將 改 職貢 ： 魯 賦 於 吳 八百 乘 ， 若 為 子 、 男 ， 則 將 半 邾 以 屬 於 吳 ， 而 如 邾 以 事 晉 。 且 執事 以 伯 召 諸侯 ， 而 以 侯 終 之 ， 何 利 之 有 焉 ？ ”,吳人將以   公見晉侯   子服景伯 對 使 者 曰 “ 王 合諸侯則伯帥侯      牧以見於    王伯  合諸侯則侯帥     子男以見於伯     自 王以  下 朝聘 玉帛 不同 故 敝邑 之 職貢於吳   有豐於晉    無 不 及 焉以  為伯  也 今諸侯  會 而 君將以   寡君見  晉君則晉   成 為伯  矣 敝邑將  改 職貢 魯賦於吳    八 百 乘 若 為 子男則將   半邾以   屬於吳   而 如邾以   事晉  且執 事以伯   召諸侯而以侯終之何利之有焉” ,0.2711864406779661,0.0,0.2711864406779661,1.0,0.0
吳人乃止,吳人 乃 止 。,吳人 乃 止 。,1.0,1.0,1.0,1.0,1.0
既而悔之將囚景伯,既而 悔 之 ， 將 囚 景伯 。,既 而 悔 之 將 囚 景伯,0.7692307692307692,0.0,0.7692307692307692,1.0,0.0
景伯曰“何也立後於魯矣將以二乘與六人從遲速唯命”,景伯 曰 ： “ 何 也 立後 於 魯 矣 ， 將 以 二 乘 與 六 人 從 ， 遲速 唯 命 。 ”,景伯 曰 “ 何也 立 後 於 魯 矣 將 以 二 乘 與 六 人 從遲  速 唯 命 ”,0.7619047619047619,0.0,0.7619047619047619,1.0,0.0
遂囚以還,遂 囚 以 還 。,遂囚以還。,0.0,1.0,0.0,1.0,0.0
及戶牖謂太宰曰“魯將以十月上辛有事於上帝先王季辛而畢何世有職焉自襄以來未之改也若不會祝宗將曰‘吳實然且請魯不共而執其賤者七人何損焉”,及 戶牖 ， 謂 太宰 曰 ： “ 魯 將 以 十月 上辛 有事 於 上帝 、 先王 ， 季辛 而 畢 ， 何 世 有 職 焉 ， 自 襄 以 來 ， 未 之 改 也 。 若 不 會 ， 祝宗 將 曰 ‘ 吳 實 然 』 ， 且 請 魯 不共 ， 而 執 其 賤者 七 人 ， 何 損 焉 ？ ”,及 戶牖 謂 太宰 曰 “ 魯 將 以 十月 上辛 有 事 於 上帝 先王 季辛 而畢  何 世 有 職 焉 自 襄以 來 未 之 改 也 若 不 會 祝 宗 將 曰 ‘ 吳 實 然 且 請 魯 不 共 而執  其 賤 者 七 人 何 損 焉 ”,0.8108108108108109,0.0,0.8108108108108109,1.0,0.0
大宰嚭言於王曰“無損於魯而只為名不如歸之”,大宰嚭 言 於 王 曰 ： “ 無損 於 魯 ， 而 只 為 名 ， 不如 歸 之 。 ”,大宰 嚭 言 於 王 曰 “ 無 損 於 魯 而 只 為 名 不 如歸  之 ”,0.7222222222222222,0.0,0.7222222222222222,1.0,0.0
乃歸景伯,乃 歸 景伯 。,乃歸  景伯 。,0.4,1.0,0.4,1.0,0.4
吳申叔儀乞糧於公孫有山氏曰“佩玉橤兮餘無所系之旨酒一盛兮餘與褐之父睨之”,吳申叔儀 乞糧 於 公孫有山氏 ， 曰 ： “ 佩玉 橤 兮 ， 餘 無 所 系 之 ； 旨酒 一 盛 兮 ， 餘 與 褐 之 父 睨 之 。 ”,，。，。：吳申叔儀乞糧於公孫有山氏曰“佩玉橤兮餘無所系之旨酒一盛兮餘與褐之父睨之”。。，，、。，,0.0,0.0,0.0,1.0,0.0
對曰“粱則無矣粗則有之若登首山以呼曰‘庚癸乎’則諾”,對 曰 ： “ 粱 則 無 矣 ， 粗 則 有 之 。 若 登 首山 以 呼 曰 ‘ 庚癸 乎 ’ ， 則 諾 。 ”,對，。：曰，“粱則無矣，粗則有之，若登首山以呼曰‘庚癸乎’則諾”，。，《》。，。，,0.0,0.20000000000000004,0.0,1.0,0.0
王欲伐宋殺其丈夫而囚其婦人,王 欲 伐 宋 ， 殺 其 丈夫 而 囚 其 婦人 。,，。，：王欲伐宋殺其丈夫而囚其婦人。，，，，。,0.0,0.6666666666666666,0.0,1.0,0.0
大宰嚭曰“可勝也而弗能居也”,大宰嚭 曰 ： “ 可 勝 也 ， 而 弗 能 居 也 。 ”,"：，""大宰嚭曰“可勝也而弗能居也”""。，。，：- """" ，（）（），。- """,0.0,0.0,0.0,1.0,0.0
乃歸,乃 歸 。,乃歸 ,0.0,0.0,0.0,1.0,0.0
冬吳及越平,冬 ， 吳 及 越 平 。,冬 吳 及 越 平 。,1.0,0.6666666666666666,1.0,1.0,0.6666666666666666
十四年春西狩於大野叔孫氏之車子鉏商獲麟以為不祥以賜虞人,十四年 ， 春 ， 西 狩 於 大野 ， 叔孫氏 之 車 子鉏商 獲 麟 ， 以 為 不 祥 ， 以 賜 虞人 。,，：十四年春西狩於大野叔孫氏之車子鉏商獲麟以為不祥以賜虞人。，。。，，，。，，,0.0,0.2857142857142857,0.0,1.0,0.0
仲尼觀之曰“麟也”,仲尼 觀 之 ， 曰 ： “ 麟 也 。 ”,仲尼 觀 之 曰 “ 麟 也 ”,1.0,0.0,1.0,1.0,0.0
然後取之,然後 取 之 。,然後取之。,0.0,1.0,0.0,1.0,0.0
小邾射以句繹來奔曰“使季路要我吾無盟矣”,小邾 射 以 句 繹 來 奔 ， 曰 ： “ 使 季路 要 我 ， 吾 無 盟 矣 。 ”,小邾射  以  句繹  來  奔  曰  “  使  季路  要  我  吾  無  盟  矣  ”  。,0.823529411764706,0.0,0.823529411764706,1.0,0.0
使子路子路辭,使 子路 ， 子路 辭 。,使子路子路辭，。，。，，。，、，,0.0,0.6666666666666666,0.0,1.0,0.0
季康子使冉有謂之曰“千乘之國不信其盟而信子之言子何辱焉”,季康子 使 冉有 謂 之 曰 ： “ 千乘 之 國 ， 不 信 其 盟 ， 而 信 子 之 言 ， 子 何 辱 焉 ？ ”,，：季康子使冉有謂之曰“千乘之國不信其盟而信子之言子何辱焉”。，。。，。，，。：- ,0.0,0.0,0.0,1.0,0.0
對曰“魯有事于小邾不敢問故死其城下可也彼不臣而濟其言是義之也由弗能”,對 曰 ： “ 魯 有事 于 小邾 ， 不 敢 問 故 ， 死 其 城下 可 也 。 彼 不 臣 ， 而 濟 其 言 ， 是 義 之 也 ， 由 弗 能 。 ”,對 曰 “ 魯 有 事 于 小 邾 不 敢 問 故 死 其 城 下 可 也 彼 不 臣 而 濟 其 言 是 義 之 也 由 弗 能 ”,0.8615384615384616,0.0,0.8615384615384616,1.0,0.0
齊簡公之在魯也闞止有寵焉,齊簡公 之 在 魯 也 ， 闞止 有 寵 焉 。,，：齊簡公之在魯也闞止有寵焉。，。，。，。。，,0.0,0.6666666666666666,0.0,1.0,0.0
及即位使為政,及 即位 ， 使 為 政 。,及 即位  使 為 政 ,1.0,0.0,1.0,1.0,0.0
陳成子憚之驟顧諸朝,陳成子 憚 之 ， 驟 顧 諸 朝 。,，：陳成子憚之驟顧諸朝。，。，，，。，，,0.0,0.6666666666666666,0.0,1.0,0.0
諸御鞅言於公曰“陳闞不可并也君其擇焉”,諸 御鞅 言 於 公 曰 ： “ 陳 、 闞 不 可 并 也 ， 君 其 擇 焉 ！ ”,諸御鞅言於公曰“陳闞不可并也君其擇焉”。,0.0,0.0,0.0,1.0,0.0
弗聽,弗 聽 。,弗 聽,1.0,0.0,1.0,1.0,0.0
子我夕陳逆殺人逢之遂執以入,子我 夕 ， 陳逆 殺 人 ， 逢 之 ， 遂 執 以 入 。,，：子我夕陳逆殺人逢之遂執以入。，。。，。，。，,0.0,0.4,0.0,1.0,0.0
陳氏方睦使疾而遺之潘沐備酒肉焉饗守囚者醉而殺之而逃,陳氏 方 睦 ， 使 疾 ， 而 遺 之 潘沐 ， 備 酒肉 焉 ， 饗 守 囚 者 ， 醉 而 殺 之 ， 而 逃 。,"，。，。：- ""陳氏""，（），。- ""方睦""，""""，，。- ""使疾而遺之潘沐備酒肉焉饗守囚者醉而殺之而逃""，""",0.08,0.0,0.0,1.0,0.0
子我盟諸陳於陳宗,子我 盟 諸 陳 於 陳宗 。,子 我 盟 諸 陳 於 陳 宗,0.5714285714285715,0.0,0.5714285714285715,1.0,0.0
初陳豹欲為子我臣使公孫言己已有喪而止既而言之曰“有陳豹者長而上僂望視事君子必得志欲為子臣吾憚其為人也故緩以告”,初 ， 陳豹 欲 為 子我 臣 ， 使 公孫 言 己 ， 已 有 喪 而 止 ， 既 而 言 之 曰 ： “ 有 陳豹 者 ， 長 而 上僂 ， 望視 ， 事 君子 必 得志 ， 欲 為 子 臣 ， 吾 憚 其 為 人 也 ， 故 緩 以 告 。 ”,初陳豹欲為子我臣使公孫言己已有喪而止既而言之曰“有陳豹者長而上僂望視事君子必得志欲為子臣吾憚其為人也故緩以告”,0.0,0.0,0.0,1.0,0.0
子我曰“何害是其在我也”,子我 曰 ： “ 何 害 ？ 是 其 在 我 也 。 ”,，。，。：子我，曰，“何害是其在我也”。，，,0.0,0.0,0.0,1.0,0.0
使為臣,使 為 臣 。,使 為 臣 。,1.0,1.0,1.0,1.0,1.0
他日與之言政說遂有寵謂之曰“我盡逐陳氏而立女若何”,他日 ， 與 之 言 政 ， 說 ， 遂 有 寵 ， 謂 之 曰 ： “ 我 盡 逐 陳氏 而 立 女 ， 若何 ？ ”,他 日 與 之 言 政 說 遂 有寵  謂 之 曰 “ 我盡  逐陳  氏 而 立 女 若 何 ”,0.6363636363636364,0.0,0.6363636363636364,1.0,0.0
對曰“我遠於陳氏矣且其違者不過數人何盡逐焉”,對 曰 ： “ 我 遠 於 陳氏 矣 ， 且 其 違 者 不過 數 人 ， 何 盡 逐 焉 ？ ”,對 曰 “ 我 遠 於 陳 氏 矣 ， 且 其 違 者 不過 數 人 ， 何盡  逐 焉 ”,0.85,0.6666666666666666,0.85,1.0,0.5666666666666667
遂告陳氏,遂 告 陳氏 。,遂 告  陳氏  。,1.0,1.0,1.0,1.0,1.0
子行曰“彼得君弗先必禍子”,子行 曰 ： “ 彼 得君 ， 弗 先 ， 必 禍 子 。 ”,"：，""子行曰“彼得君弗先必禍子”""。，。，。""""，：""""""""",0.0,0.0,0.0,1.0,0.0
子行舍於公宮,子行 舍 於 公宮 。,子行舍於公宮，。，。，，。，、，,0.0,1.0,0.0,1.0,0.0
夏五月壬申成子兄弟四乘如公,夏 ， 五月 壬申 ， 成子 兄弟 四 乘 如 公 。,，：夏五月壬申成子兄弟四乘如公。，。。，。，、。,0.0,0.5,0.0,1.0,0.0
子我在幄出逆之遂入閉門,子我 在 幄 ， 出 ， 逆 之 ， 遂 入 ， 閉 門 。,"。，：，。：- ""子我""，（），在幄出逆之遂入閉門。- """"，",0.0,0.28571428571428575,0.0,1.0,0.0
侍人禦之子行殺侍人,侍人 禦 之 ， 子行 殺 侍人 。,，。，。：- 侍人：，。- 禦之子行殺侍人：，,0.25,0.0,0.0,1.0,0.0
公與婦人飲酒于檀臺成子遷諸寢,公 與 婦人 飲酒 于 檀臺 ， 成子 遷 諸 寢 。,，。，。：公，與，婦人，飲酒，于，檀臺，成子，遷，諸寢,0.0,0.2,0.0,1.0,0.0
公執戈將擊之,公 執 戈 ， 將 擊 之 。,公執  戈 將 擊 之,0.7272727272727272,0.0,0.7272727272727272,1.0,0.0
大史子余曰“非不利也將除害也”,大史 子余 曰 ： “ 非 不 利 也 ， 將 除 害 也 。 ”,大史子余曰“非不利也將除害也”。,0.0,0.0,0.0,1.0,0.0
成子出舍于庫聞公猶怒將出曰“何所無君”,成子 出 舍 于 庫 ， 聞 公 猶 怒 ， 將 出 ， 曰 ： “ 何 所 無 君 ？ ”,成子 出 舍 于 庫 聞 公 猶 怒 將 出 曰 “ 何 所 無 君 ”,1.0,0.0,1.0,1.0,0.0
子行抽劍曰“需事之賊也誰非陳宗所不殺子者有如陳宗”,子行 抽 劍 ， 曰 ： “ 需 ， 事 之 賊 也 。 誰 非 陳 宗 ？ 所 不 殺 子 者 ， 有如 陳 宗 ！ ”,子 行 抽劍  曰 “ 需 事 之 賊 也 誰 非 陳 宗 所 不 殺 子 者 有 如 陳 宗 ”,0.8085106382978724,0.0,0.8085106382978724,1.0,0.0
乃止,乃 止 。,乃 止,1.0,0.0,1.0,1.0,0.0
子我歸屬徒攻闈與大門皆不勝乃出,子我 歸 ， 屬 徒 ， 攻 闈 與 大門 ， 皆 不 勝 ， 乃 出 。,子 我歸屬   徒 攻 闈 與 大 門 皆 不 勝 乃 出,0.6923076923076923,0.0,0.6923076923076923,1.0,0.0
陳氏追之失道於弇中適豐丘,陳氏 追 之 ， 失道 於 弇中 ， 適 豐丘 。,"，。，。：- ""陳氏""，（），。- ""追之失道於弇中適豐丘""，。- """,0.2,0.4,0.0,1.0,0.08000000000000002
豐丘人執之以告殺諸郭關,豐丘人 執 之 以 告 ， 殺 諸 郭 關 。,，。，。：- 豐丘人：，。- 執之：（，）。- 以告殺諸郭關：,0.16666666666666666,0.0,0.0,1.0,0.0
成子將殺大陸子方陳逆請而免之,成子 將 殺 大陸子方 ， 陳逆 請 而 免 之 。,成子將殺大陸子方陳逆請，。，。，，。，、，而免之。，,0.0,0.5,0.0,1.0,0.0
以公命取車於道及耏眾知而東之出雍門陳豹與之車弗受曰“逆為餘請豹與餘車餘有私焉事子我而有私於其讎何以見魯衛之士”,以 公命 取 車 於 道 ， 及 耏 ， 眾 知 而 東 之 ， 出 雍門 ， 陳豹 與 之 車 ， 弗 受 ， 曰 ： “ 逆 為 餘 請 ， 豹 與 餘 車 ， 餘 有私 焉 。 事 子我 而 有私 於 其 讎 ， 何 以 見 魯 、 衛 之 士 ？ ”,以 公 命 取 車 於 道 及耏  眾 知 而 東 之 出 雍 門 陳豹  與 之 車 弗 受 曰 “ 逆 為 餘 請豹  與 餘 車 餘 有 私 焉 事 子 我 而 有 私 於 其 讎 何 以 見 魯衛  之 士 ”,0.76,0.0,0.76,1.0,0.0
東郭賈奔衛,東郭賈 奔 衛 。,東郭賈 奔衛 ,0.4,0.0,0.4,1.0,0.0
庚辰陳恒執公于舒州,庚辰 ， 陳恒 執 公 于 舒州 。,，：庚辰陳恒執公于舒州。，。。，，，,0.0,0.6666666666666666,0.0,1.0,0.0
公曰“吾早從鞅之言不及此”,公 曰 ： “ 吾 早 從 鞅 之 言 ， 不 及 此 。 ”,"：，""公曰“吾早從鞅之言不及此”""。，。，，。：- """" ，（），。- """,0.0,0.0,0.0,1.0,0.0
宋桓魋之寵害於公公使夫人驟請享焉而將討之,宋桓魋 之 寵 害 於 公 ， 公 使 夫人 驟 請 享 焉 ， 而 將 討 之 。,宋 桓魋  之寵    害  於  公  公  使  夫人驟    請  享  焉  而  將  討  之  。,0.7272727272727272,0.5,0.7272727272727272,1.0,0.3636363636363636
未及魋先謀公請以鞍易薄,未 及 ， 魋 先 謀 公 ， 請 以 鞍 易 薄 。,，。，。：- 未及：，。- 魋：（），，。- 先謀公請以鞍易薄,0.14285714285714288,0.0,0.0,1.0,0.0
公曰“不可薄宗邑也”,公 曰 ： “ 不 可 。 薄 ， 宗邑 也 。 ”,公 曰 “ 不可 薄 宗邑 也 ”,0.823529411764706,0.0,0.823529411764706,1.0,0.0
乃益鞍七邑而請享公焉以日中為期家備盡往,乃 益 鞍 七 邑 ， 而 請 享 公 焉 ， 以 日中 為 期 ， 家備 盡 往 。,乃 益 鞍 七 邑 而 請 享 公 焉  以 日 中為  期  家 備盡  往 ,0.7647058823529412,0.0,0.7647058823529412,1.0,0.0
公知之告皇野曰“餘長魋也今將禍餘請即救”,公 知 之 ， 告 皇野 曰 ： “ 餘 長 魋 也 ， 今 將 禍 餘 ， 請 即 救 。 ”,公 知 之 告 皇野 曰 “ 餘 長魋  也 今 將 禍 餘 請 即 救 ”,0.918918918918919,0.0,0.918918918918919,1.0,0.0
司馬子仲曰“有臣不順神之所惡也而況人乎敢不承命不得左師不可請以君命召之”,司馬子仲 曰 ： “ 有 臣 不 順 ， 神 之 所 惡 也 ， 而 況 人 乎 ？ 敢 不 承命 ！ 不 得 左師 不 可 ， 請 以 君命 召 之 。 ”,司馬子仲 曰 “ 有 臣 不 順 神 之 所 惡 也 而況  人 乎 敢 不 承 命 不 得 左 師 不 可 請 以 君 命 召 之 ”,0.8064516129032259,0.0,0.8064516129032259,1.0,0.0
左師每食擊鐘,左師 每 食 ， 擊 鐘 。,左師，。，。，，每食擊鐘。，、，,0.0,0.5,0.0,1.0,0.0
聞鐘聲公曰“夫子將食”,聞 鐘聲 ， 公 曰 ： “ 夫 子 將 食 。 ”,"：，""聞鐘聲公曰“夫子將食”""。，。，。，：。：- ",0.0,0.0,0.0,1.0,0.0
既食又奏,既 食 ， 又 奏 。,既 食 又 奏,1.0,0.0,1.0,1.0,0.0
公曰“可矣”,公 曰 ： “ 可 矣 。 ”,公 曰 “ 可 矣 ”,1.0,0.0,1.0,1.0,0.0
以乘車往曰“跡人來告曰‘逢澤有介麇焉’公曰‘雖魋未來得左師吾與之田若何’君憚告子野曰‘嘗私焉’君欲速故以乘車逆子”,以 乘車 往 ， 曰 ： “ 跡人 來 告 曰 ： ‘ 逢澤 有 介 麇 焉 。 ’ 公 曰 ： ‘ 雖 魋 未 來 ， 得 左師 ， 吾 與 之 田 ， 若何 ？ ’ 君 憚 告 子 ， 野 曰 ： ‘ 嘗 私 焉 。 ’ 君 欲 速 ， 故 以 乘車 逆 子 。 ”,以 乘 車 往 曰 “跡  人 來 告 曰 ‘ 逢澤  有 介麇  焉 ’ 公 曰 ‘ 雖 魋 未 來 得 左 師 吾 與 之 田 若 何 ’ 君 憚 告 子 野 曰 ‘ 嘗 私 焉 ’ 君 欲 速 故 以 乘 車 逆 子 ”,0.8190476190476189,0.0,0.8190476190476189,1.0,0.0
與之乘至公告之故拜不能起,與 之 乘 ， 至 ， 公 告 之 故 ， 拜 ， 不能 起 。,"：，""與之乘至公告之故拜不能起""。，，。""""（""""），。""",0.0,0.33333333333333337,0.0,1.0,0.0
司馬曰“君與之言”,司馬 曰 ： “ 君 與 之 言 。 ”,司馬 曰 “ 君 與 之 言 ”,1.0,0.0,1.0,1.0,0.0
公曰“所難子者上有天下有先君”,公 曰 ： “ 所 難 子 者 ， 上 有 天 ， 下 有 先君 。 ”,公 曰 “ 所 難 子 者 上 有 天下 有 先君 ”,0.888888888888889,0.0,0.888888888888889,1.0,0.0
對曰“魋之不共宋之禍也敢不唯命是聽”,對 曰 ： “ 魋 之 不共 ， 宋 之 禍 也 ， 敢 不 唯 命 是 聽 。 ”,，。，對曰，。：“魋之不共宋之禍也敢不唯命是聽”。（），（）。,0.0,0.0,0.0,1.0,0.0
司馬請瑞焉以命其徒攻桓氏,司馬 請 瑞 焉 ， 以 命 其 徒 攻 桓氏 。,，。，。：- 司馬：，（），。- 請：，。- 瑞焉以命其徒攻桓氏：,0.30769230769230765,0.0,0.0,1.0,0.0
其父兄故臣曰“不可”,其 父兄 故臣 曰 ： “ 不 可 。 ”,其 父兄 故 臣 曰 “ 不可 ”,0.625,0.0,0.625,1.0,0.0
其新臣曰“從吾君之命”,其 新臣 曰 ： “ 從 吾 君 之 命 。 ”,"：，""其新臣曰“從吾君之命”""。，。，""""，""""，；""""，；""""",0.0,0.0,0.0,1.0,0.0
遂攻之,遂 攻 之 。,遂 攻 之,1.0,0.0,1.0,1.0,0.0
子頎騁而告桓司馬,子頎 騁 而 告 桓司馬 。,，。，。：子頎騁而告桓司馬。（）（）（）（）。,0.0,1.0,0.0,1.0,0.0
司馬欲入子車止之曰“不能事君而又伐國民不與也只取死焉”,司馬 欲 入 ， 子車 止 之 曰 ： “ 不 能 事 君 ， 而 又 伐 國 ， 民 不 與 也 ， 只 取 死 焉 。 ”,，。，。：司馬欲入子車止之曰“不能事君而又伐國民不與也只取死焉”。（）（），。，。，,0.0,0.0,0.0,1.0,0.0
向魋遂入于曹以叛,向魋 遂 入 于 曹 以 叛 。,向魋 遂 入 于 曹 以 叛 。,1.0,1.0,1.0,1.0,1.0
六月使左師巢伐之欲質大夫以入焉,六月 ， 使 左師 巢 伐 之 ， 欲 質 大夫 以 入 焉 。,六月  使  左師  巢  伐  之  欲  質  大夫  以  入  焉  。,1.0,0.5,1.0,1.0,0.5
不能亦入于曹取質,不 能 ， 亦 入 于 曹 ， 取 質 。,不 能 亦 入 于 曹 取 質,1.0,0.0,1.0,1.0,0.0
魋曰“不可既不能事君又得罪于民將若之何”,魋 曰 ： “ 不可 。 既 不 能 事 君 ， 又 得罪 于 民 ， 將 若之何 ？ ”,魋 曰 “ 不可  既  不能  事  君  又得  罪  于  民  將  若  之    何 ”,0.6666666666666667,0.0,0.6666666666666667,1.0,0.0
乃舍之,乃 舍 之 。,乃 舍 之 。,1.0,1.0,1.0,1.0,1.0
民遂叛之,民 遂 叛 之 。,民 遂 叛  之  。,1.0,1.0,1.0,1.0,1.0
向魋奔衛,向魋 奔 衛 。,，：向魋奔衛。，。，，。，、、、，,0.0,1.0,0.0,1.0,0.0
向巢來奔宋公使止之曰“寡人與子有言矣不可以絕向氏之祀”,向巢 來 奔 ， 宋公 使 止 之 ， 曰 ： “ 寡人 與 子 有 言 矣 ， 不 可以 絕 向氏 之 祀 。 ”,向巢來奔宋公使止之曰“寡人與子有言矣不可以絕向氏之祀”。,0.0,0.0,0.0,1.0,0.0
辭曰“臣之罪大盡滅桓氏可也若以先臣之故而使有後君之惠也若臣則不可以入矣”,辭 曰 ： “ 臣 之 罪 大 ， 盡 滅 桓氏 可 也 。 若 以 先臣 之 故 ， 而 使 有 後 ， 君 之 惠 也 。 若 臣 ， 則 不 可以 入 矣 。 ”,，。，。：辭曰“臣之罪大盡滅桓氏可也若以先臣之故而使有後君之惠也若臣則不可以入矣”。，，，。，。，，,0.0,0.0,0.0,1.0,0.0
司馬牛致其邑與珪焉而適齊,司馬牛 致 其 邑 與 珪 焉 而 適 齊 。,，。，《》。：司馬牛，（），。致，，。其邑與珪焉而適齊,0.0,0.0,0.0,1.0,0.0
向魋出於衛地公文氏攻之求夏後氏之璜焉,向魋 出 於 衛地 ， 公文氏 攻 之 ， 求 夏後氏 之 璜 焉 。,，。，。：- 向魋（）- 出於衛地- 公文氏- 攻之求夏後氏之璜焉-,0.25,0.0,0.0,1.0,0.0
與之他玉而奔齊,與 之 他 玉 而 奔 齊 。,與 之 他 玉 而 奔 齊,1.0,0.0,1.0,1.0,0.0
陳成子使為次卿司馬牛又致其邑焉而適吳吳人惡之而反,陳成子 使 為 次卿 ， 司馬牛 又 致 其 邑 焉 ， 而 適 吳 ， 吳人 惡 之 ， 而 反 。,，。，，，。。，。，：陳成子使為次卿司馬牛又致其邑焉而適吳吳人惡之而反（,0.0,0.0,0.0,1.0,0.0
趙簡子召之陳成子亦召之卒於魯郭門之外阬氏葬諸丘輿,趙簡子 召 之 ， 陳成子 亦 召 之 ， 卒 於 魯郭門 之 外 ， 阬氏 葬 諸 丘輿 。,"，。，。：- ""趙簡子召之""，，（""""）。，，。- ""陳成子亦召之卒於魯郭門之外阬氏葬諸丘輿",0.0,0.0,0.0,1.0,0.0
甲午齊陳恒弒其君壬于舒州,甲午 ， 齊陳恒 弒 其 君 壬 于 舒州 。,甲午齊陳恒弒其君壬，。于舒州，。，，。，、，。,0.0,0.5,0.0,1.0,0.0
孔丘三日齊而請伐齊三,孔丘 三 日 齊 ， 而 請 伐 齊 三 。,孔丘 三日 齊 而 請 伐 齊三,0.6250000000000001,0.0,0.6250000000000001,1.0,0.0
公曰“魯為齊弱久矣子之伐之將若之何”,公 曰 ： “ 魯 為 齊 弱 久 矣 ， 子 之 伐 之 ， 將 若之何 ？ ”,，。，公曰，。：“魯為齊弱久矣子之伐之將若之何”。，，。，。，,0.0,0.0,0.0,1.0,0.0
對曰“陳恒弒其君民之不與者半以魯之眾加齊之半可克也”,對 曰 ： “ 陳恒 弒 其 君 ， 民 之 不 與 者 半 。 以 魯 之 眾 加 齊 之 半 ， 可 克 也 。 ”,對 曰 “ 陳恒 弒 其 君 民 之 不 與 者 半 以 魯 之 眾 加 齊 之 半 可 克 也 ”,1.0,0.0,1.0,1.0,0.0
公曰“子告季孫”,公 曰 ： “ 子 告 季孫 。 ”,公 曰 “ 子 告 季孫 ”,1.0,0.0,1.0,1.0,0.0
孔子辭退而告人曰“吾以從大夫之後也故不敢不言”,孔子 辭 ， 退 而 告 人 曰 ： “ 吾 以 從 大夫 之 後 也 ， 故 不 敢 不 言 。 ”,孔 子 辭 退 而 告 人 曰 “ 吾  以 從 大 夫 之 後 也 故 不 敢 不 言 ”,0.8636363636363636,0.0,0.8636363636363636,1.0,0.0
初孟孺子泄將圉馬於成成宰公孫宿不受曰“孟孫為成之病不圉馬焉”,初 ， 孟孺子泄 將 圉 馬 於 成 ， 成宰 公孫宿 不 受 ， 曰 ： “ 孟孫 為 成 之 病 ， 不 圉 馬 焉 。 ”,，：初孟孺子泄將圉馬於成成宰公孫宿不受曰“孟孫為成之病不圉馬焉”。，。。，，，。，，,0.0,0.0,0.0,1.0,0.0
孺子怒襲成從者不得入乃反,孺子 怒 ， 襲 成 ， 從者 不 得 入 ， 乃 反 。,"，。，。：""孺子怒襲""，""""。""成從者不得入乃反""，，""""，",0.0,0.0,0.0,1.0,0.0
成有司使孺子鞭之,成 有司 使 ， 孺子 鞭 之 。,，：成有司使孺子鞭之。，，。：- ，，，，。,0.0,0.6666666666666666,0.0,1.0,0.0
秋八月辛丑孟懿子卒成人奔喪弗內袒免哭于衢聽共弗許懼不歸,秋 ， 八月 辛丑 ， 孟懿子 卒 ， 成人 奔喪 ， 弗 內 ； 袒 、 免 ， 哭 于 衢 ， 聽 共 ， 弗 許 ； 懼 ， 不 歸 。,秋 八月 辛丑 孟懿子 卒 成人 奔喪 弗 內袒  免 哭 于 衢聽 共 弗 許 懼 不歸 ,0.7692307692307692,0.0,0.7692307692307692,1.0,0.0
十五年春成叛于齊,十五年 ， 春 ， 成 叛 于 齊 。,十五年春成叛，。于齊，。，，。，、，,0.0,0.4,0.0,1.0,0.0
武伯伐成不克遂城輸,武伯 伐 成 ， 不 克 ， 遂 城 輸 。,武伯 伐 成 不 克 遂 城 輸,1.0,0.0,1.0,1.0,0.0
夏楚子西子期伐吳及桐汭陳侯使公孫貞子吊焉及良而卒將以尸入,夏 ， 楚子西 、 子期 伐 吳 ， 及 桐汭 ， 陳侯 使 公孫貞子 吊 焉 ， 及 良 而 卒 ， 將 以 尸 入 。,，：夏楚子西子期伐吳及桐汭陳侯使公孫貞子吊焉及良而卒將以尸入。，。。，，，。，，,0.0,0.25,0.0,1.0,0.0
吳子使大宰嚭勞且辭曰“以水潦之不時無乃廩然隕大夫之尸以重寡君之憂寡君敢辭”,吳子 使 大宰嚭 勞 ， 且 辭 曰 ： “ 以 水潦 之 不 時 ， 無乃 廩然 隕 大夫 之 尸 ， 以 重 寡君 之 憂 ， 寡君 敢 辭 。 ”,吳子  使  大宰嚭  勞  且  辭  曰  “  以  水潦  之  不  時  無  乃  廩  然  隕  大夫  之  尸  以  重  寡君  之  憂  寡君  敢  辭  ”  。,0.896551724137931,0.0,0.896551724137931,1.0,0.0
上介芋尹蓋對曰“寡君聞楚為不道薦伐吳國滅厥民人寡君使蓋備使吊君之下吏無祿使人逢天之戚大命隕隊絕世于良廢日共積一日遷次今君命逆使人曰‘無以尸造于門’是我寡君之命委于草莽也且臣聞之曰‘事死如事生禮也’於是乎有朝聘而終以尸將事之禮又有朝聘而有遭喪之禮若不以尸將命是遭喪而還也無乃不可乎以禮防民猶或逾之今大夫曰‘死而棄之’是棄禮也其何以為諸侯主先民有言曰‘無穢虐士’備使奉尸將命茍我寡君之命達于君所雖隕于深淵則天命也非君與涉人之過也”,上介 芋尹蓋 對 曰 ： “ 寡君 聞 楚 為 不道 ， 薦 伐 吳國 ， 滅 厥 民人 ， 寡君 使 蓋備 使 ， 吊 君 之 下吏 。 無 祿 ， 使人 逢 天 之 戚 ， 大命 隕隊 ， 絕世 于 良 。 廢 日 共 積 ， 一 日 遷次 。 今 君命 逆 使人 曰 ‘ 無 以 尸 造 于 門 ’ ， 是 我 寡君 之 命 委 于 草莽 也 。 且 臣 聞 之 曰 ： ‘ 事 死 如 事 生 ， 禮 也 。 ’ 於 是 乎 有 朝聘 而 終 、 以 尸 將 事 之 禮 ， 又 有 朝聘 而 有 遭喪 之 禮 。 若 不 以 尸 將 命 ， 是 遭喪 而 還 也 ， 無乃 不 可 乎 ！ 以 禮 防 民 ， 猶 或 逾 之 ， 今 大夫 曰 ‘ 死 而 棄 之 ’ ， 是 棄禮 也 ， 其 何 以 為 諸侯 主 ？ 先民 有 言 曰 ： ‘ 無 穢 虐 士 。 ’ 備使 奉 尸 將 命 ， 茍 我 寡君 之 命 達 于 君 所 ， 雖 隕 于 深淵 ， 則 天命 也 ， 非 君 與 涉人 之 過 也 。 ”,，。，，。：。，，；，，。，，。：上介芋尹蓋對曰“寡君聞楚為不道薦伐吳國滅厥民人寡君使蓋備使吊君之下吏無祿使人逢天之戚大命隕隊絕世于良廢日共積一日遷次今君命逆使人曰‘無以尸造于門’是我寡君之命委于草莽也且臣聞之曰‘事死如事生禮也’於是乎有朝聘而終以尸將事之禮又有朝聘而有遭喪之禮若不以尸將命是遭喪而還也無乃不可乎以禮防民猶或逾之今大夫曰‘死而棄之’是棄禮也其何以為諸侯主先民有言曰‘無穢虐士’備使奉尸將命茍我寡君之命達于君所雖隕于深淵則天命也非君與涉人之過也”。，，。，，，。，。，，,0.0,0.0,0.0,1.0,0.0
吳人內之,吳人 內 之 。,，，吳人內之。，。，，。。，,0.0,1.0,0.0,1.0,0.0
秋齊陳瓘如楚過衛仲由見之曰“天或者以陳氏為斧斤既斫喪公室而他人有之不可知也其使終饗之亦不可知也若善魯以待時不亦可乎何必惡焉”,秋 ， 齊 陳瓘 如 楚 ， 過 衛 ， 仲由 見 之 曰 ： “ 天 或者 以 陳氏 為 斧斤 ， 既 斫喪 公室 ， 而 他人 有 之 ， 不 可 知 也 ； 其 使 終 饗 之 ， 亦 不 可 知 也 。 若 善 魯 以 待時 ， 不 亦 可 乎 ！ 何必 惡 焉 ？ ”,秋 齊 陳 瓘 如 楚 過衛  仲 由 見 之 曰 “ 天 或 者 以 陳 氏 為 斧 斤 既斫喪   公 室 而 他 人 有 之 不 可 知 也 其 使 終饗  之 亦 不 可 知 也 若 善 魯 以 待 時 不 亦 可  乎 何 必 惡 焉 ”,0.6727272727272728,0.0,0.6727272727272728,1.0,0.0
子玉曰“然吾受命矣子使告我弟”,子玉 曰 ： “ 然 。 吾 受命 矣 ， 子 使 告 我 弟 。 ”,子 玉 曰 “ 然 吾 受 命 矣 子  使 告 我 弟 ”,0.7857142857142856,0.0,0.7857142857142856,1.0,0.0
冬及齊平子服景伯如齊子贛為介見公孫成曰“人皆臣人而有背人之心況齊人雖為子役其有不貳乎子周公之孫也多饗大利猶思不義利不可得而喪宗國將焉用之”,冬 ， 及 齊 平 ， 子服景伯 如 齊 ， 子贛 為 介 ， 見 公孫成 ， 曰 ： “ 人 皆 臣人 ， 而 有 背人 之 心 ， 況 齊人 雖 為 子 役 ， 其 有 不 貳 乎 ？ 子 ， 周公 之 孫 也 ， 多 饗 大利 ， 猶 思 不義 。 利 不 可 得 ， 而 喪 宗國 ， 將 焉 用 之 ？ ”,冬 及 齊 平 子服  景 伯 如 齊 子贛  為 介 見 公 孫 成 曰 “ 人 皆 臣 人 而 有 背 人 之 心況 ，  齊 人雖  為 子 役 ， 其 有 不 貳 乎 ？ 子 周 公 之 孫 也 ， 多饗  大 利 ， 猶 思 不義  ， 利 不 可 得 而喪  宗 國 ， 將 焉 用 之 ”,0.6949152542372881,0.4166666666666667,0.6949152542372881,1.0,0.28954802259887
成曰“善哉吾不早聞命”,成 曰 ： “ 善哉 ！ 吾 不 早 聞命 。 ”,"：，""成曰“善哉吾不早聞命”""。，。，。，：。。",0.0,0.0,0.0,1.0,0.0
陳成子館客曰“寡君使恒告曰寡人愿事君如事衛君’”,陳成子 館客 ， 曰 ： “ 寡君 使 恒 告 曰 ： 寡人 愿 事 君 如 事 衛君 。 ’ ”,陳成子 館 客 曰 “ 寡 君  使 恒 告 曰  寡 人 愿 事 君 如 事衛  君 ’ ”,0.6666666666666666,0.0,0.6666666666666666,1.0,0.0
景伯揖子贛而進之對曰“寡君之愿也昔晉人伐衛齊為衛故伐晉冠氏喪車五百因與衛地自濟以西禚媚杏以南書社五百吳人加敝邑以亂齊因其病取讙與闡寡君是以寒心若得視衛君之事君也則固所愿也”,景伯 揖 子贛 而 進 之 ， 對 曰 ： “ 寡君 之 愿 也 。 昔 晉人 伐 衛 ， 齊 為 衛 故 ， 伐 晉 冠氏 ， 喪 車 五百 。 因 與 衛 地 ， 自 濟 以 西 ， 禚 、 媚 、 杏 以 南 ， 書社 五百 。 吳人 加 敝邑 以 亂 ， 齊 因 其 病 ， 取 讙 與 闡 ， 寡君 是 以 寒心 。 若 得 視 衛君 之 事 君 也 ， 則 固 所 愿 也 。 ”,景伯  揖  子贛  而進    之  對  曰  “  寡君  之  愿  也  昔  晉  人  伐衛    齊  為衛    故  伐  晉  冠氏喪車      五  百  因與衛      地  自濟    以  西禚    媚  杏  以  南  書  社  五  百吳    人  加  敝  邑  以亂齊      因  其  病  取讙與闡寡君是以寒心若得視衛君之事君也則固所愿也”  ,0.43697478991596633,0.0,0.43697478991596633,1.0,0.0
成子病之乃歸成公孫宿以其兵甲入于嬴,成子 病 之 ， 乃 歸 成 ， 公孫宿 以 其 兵甲 入 于 嬴 。,成子 病 之  乃歸  成 公 孫 宿  以 其 兵 甲 入 于 嬴 ,0.6428571428571429,0.0,0.6428571428571429,1.0,0.0
衛孔圉取太子蒯聵之姊生悝,衛 孔圉 取 太子蒯聵 之 姊 ， 生 悝 。,衛，。，：孔圉取太子蒯聵之姊，生悝。。：- ：，（）。，,0.0,0.8,0.0,1.0,0.0
孔氏之豎渾良夫長而美孔文子卒通於內,孔氏 之 豎 渾良夫 長 而 美 ， 孔文子 卒 ， 通 於 內 。,孔氏  之  豎  渾  良  夫  長  而  美  孔  文  子  卒  通  於  內  。,0.7142857142857143,0.5,0.7142857142857143,1.0,0.35714285714285715
太子在戚孔姬使之焉,太子 在 戚 ， 孔姬 使 之 焉 。,"：，""太子在戚孔姬使之焉""。，。，""""（），。""""，",0.0,0.6666666666666666,0.0,1.0,0.0
太子與之言曰“茍使我入獲國服冕乘軒三死無與”,太子 與 之 言 曰 ： “ 茍 使 我 入 獲 國 ， 服 冕 、 乘 軒 ， 三 死 無與 。 ”,太子 與 之 言 曰 “茍  使 我 入 獲 國 服 冕 乘 軒 三 死 無 與 ”,0.85,0.0,0.85,1.0,0.0
與之盟為請於伯姬,與 之 盟 ， 為 請 於 伯姬 。,與 之 盟 為 請 於 伯姬,1.0,0.0,1.0,1.0,0.0
閏月良夫與太子入舍於孔氏之外圃,閏月 ， 良夫 與 太子 入 ， 舍 於 孔氏 之 外圃 。,，。，。：- 閏月良夫與太子入舍於孔氏之外圃：，，。，（），，,0.0,0.5,0.0,1.0,0.0
昏二人蒙衣而乘寺人羅御如孔氏,昏 ， 二 人 蒙衣 而 乘 ， 寺人羅 御 ， 如 孔氏 。,，：昏二人蒙衣而乘寺人羅御如孔氏。，。，，，，，，,0.0,0.4,0.0,1.0,0.0
孔氏之老欒寧問之稱姻妾以告遂入適伯姬氏,孔氏 之 老 欒寧 問 之 ， 稱 姻妾 以 告 ， 遂 入 ， 適 伯姬氏 。,孔氏  之  老  欒寧    問  之  稱  姻妾  以  告  遂  入  適  伯姬氏  。,1.0,0.4,1.0,1.0,0.4
既食孔伯姬杖戈而先太子與五人介輿豭從之,既 食 ， 孔伯姬 杖 戈 而 先 ， 太子 與 五 人 介 ， 輿 豭 從 之 。,既 食 孔伯姬 杖 戈 而 先 太子 與 五 人 介 輿豭 從 之,0.9032258064516129,0.0,0.9032258064516129,1.0,0.0
迫孔悝於廁強盟之遂劫以登臺,迫 孔悝 於 廁 ， 強 盟 之 ， 遂 劫 以 登臺 。,迫 孔悝 於 廁 強 盟 之 遂 劫 以 登臺 ,1.0,0.0,1.0,1.0,0.0
欒寧將飲酒炙未熟聞亂使告季子召獲駕乘車行爵食炙奉衛侯輒來奔,欒寧 將 飲酒 ， 炙 未 熟 ， 聞 亂 ， 使 告 季子 ； 召 獲駕 乘車 ， 行爵 食炙 ， 奉 衛侯輒 來 奔 。,欒寧    將  飲  酒  炙  未  熟  聞  亂  使  告  季子  召  獲  駕  乘車  行  爵  食  炙  奉衛  侯  輒  來  奔  。,0.6222222222222222,0.25,0.6222222222222222,1.0,0.15555555555555556
季子將入遇子羔將出曰“門已閉矣”,季子 將 入 ， 遇 子羔 將 出 ， 曰 ： “ 門 已 閉 矣 。 ”,季子 將 入 遇 子羔 將 出 曰 “ 門 已 閉 矣 ”,1.0,0.0,1.0,1.0,0.0
季子曰“吾姑至焉”,季子 曰 ： “ 吾 姑 至 焉 。 ”,，：季子曰“吾姑至焉”。，。。，。，。，,0.0,0.0,0.0,1.0,0.0
子羔曰“弗及不踐其難”,子羔 曰 ： “ 弗 及 ， 不 踐 其 難 ！ ”,，：子羔曰“弗及不踐其難”。，。。，。，。、,0.0,0.0,0.0,1.0,0.0
季子曰“食焉不辟其難”,季子 曰 ： “ 食 焉 ， 不 辟 其 難 。 ”,"：，""季子曰“食焉不辟其難”""。，。，，。：- """" （），。",0.0,0.0,0.0,1.0,0.0
子羔遂出子路入,子羔 遂 出 子路 入 。,子羔 遂 出 子路 入,1.0,0.0,1.0,1.0,0.0
及門公孫敢門焉曰“無入為也”,及 門 ， 公孫敢 門 焉 ， 曰 ： “ 無 入 為 也 。 ”,及 門 公 孫 敢 門 焉 曰 “ 無 入 為 也 ”,0.8461538461538461,0.0,0.8461538461538461,1.0,0.0
季子曰“是公孫也求利焉而逃其難由不然利其祿必救其患”,季子 曰 ： “ 是 公孫 也 ， 求 利 焉 ， 而 逃 其 難 。 由 不 然 ， 利 其 祿 ， 必 救 其 患 。 ”,，。，季子曰，。，“是公孫也，求利焉，而逃其難，由不然（），利其祿必救其患”,0.0,0.5,0.0,1.0,0.0
有使者出乃入曰“太子焉用孔悝雖殺之必或繼之”,有 使者 出 ， ， 乃 入 ， 曰 ： “ 太子 焉 用 孔悝 ？ 雖 殺 之 ， 必 或 繼 之 。 ”,有 使 者  出  乃 入 曰 “  太 子 焉 用 孔悝雖    殺 之  必 或 繼 之  ” ,0.7692307692307692,0.0,0.7692307692307692,1.0,0.0
且曰“太子無勇若燔臺半必舍孔叔”,且 曰 ： “ 太子 無 勇 ， 若 燔 臺 ， 半 ， 必 舍 孔叔 。 ”,且 曰 “ 太子 無 勇 若 燔 臺 半 必 舍 孔 叔 ”,0.896551724137931,0.0,0.896551724137931,1.0,0.0
太子聞之懼下石乞盂黡敵子路以戈擊之斷纓,太子 聞 之 ， 懼 ， 下 石乞 、 盂黡 敵 子路 ， 以 戈 擊 之 ， 斷 纓 。,太 子 聞 之 懼 下 石 乞 盂 黡 敵 子 路  以 戈擊  之  斷纓  ,0.43749999999999994,0.0,0.43749999999999994,1.0,0.0
子路曰“君子死冠不免”,子路 曰 ： “ 君子 死 ， 冠 不 免 。 ”,子 路 曰 “ 君子 死 冠 不 免 ”,0.8421052631578948,0.0,0.8421052631578948,1.0,0.0
結纓而死,結纓 而 死 。,結纓而死，。，。，，。，、,0.0,1.0,0.0,1.0,0.0
孔子聞衛亂曰“柴也其來由也死矣”,孔子 聞 衛 亂 ， 曰 ： “ 柴 也 其 來 ， 由 也 死 矣 。 ”,，。《》，孔子聞衛亂曰：“柴也其來，？由也，死矣？”（）。，，：- ，,0.0,0.22222222222222224,0.0,1.0,0.0
孔悝立莊公,孔悝 立 莊公 。,孔悝立莊公，。，。，，。，、，,0.0,1.0,0.0,1.0,0.0
莊公害故政,莊公 害 故 政 。,莊公害故政，。，。，，。，、，,0.0,1.0,0.0,1.0,0.0
欲盡去之先謂司徒瞞成曰“寡人離病於外久矣子請亦嘗之”,欲 盡 去 之 ， 先 謂 司徒瞞成 曰 ： “ 寡人 離病 於 外 久 矣 ， 子 請 亦 嘗 之 。 ”,，：欲盡去之先謂司徒瞞成曰“寡人離病於外久矣子請亦嘗之”。，。。，，，。，，。,0.0,0.0,0.0,1.0,0.0
歸告褚師比欲與之伐公不果,歸 告 褚師比 ， 欲 與 之 伐 公 ， 不 果 。,"，。，。：""歸告""，""""。""褚師""，，""""。""比欲與之伐公不果""，""""",0.0,0.0,0.0,1.0,0.0
十六年春瞞成褚師比出奔宋,十六年 ， 春 ， 瞞成 、 褚師比 出奔 宋 。,，：十六年春瞞成褚師比出奔宋。，。。，，，。，,0.0,0.4,0.0,1.0,0.0
衛侯使鄢武子告于周曰“蒯聵得罪于君父君母逋竄于晉晉以王室之故不棄兄弟寘諸河上天誘其衷獲嗣守封焉使下臣肸敢告執事”,衛侯 使 鄢武子 告 于 周 曰 ： “ 蒯聵 得罪 于 君父 、 君母 ， 逋竄 于 晉 。 晉 以 王室 之 故 ， 不 棄 兄弟 ， 寘 諸 河上 。 天 誘 其 衷 ， 獲 嗣守 封 焉 ， 使 下臣 肸 敢 告 執事 。 ”,衛侯  使鄢    武子  告  于  周  曰  “  蒯  聵得  罪  于  君  父  君  母  逋  竄  于  晉  晉  以  王室  之  故  不棄    兄弟  寘諸    河  上  天  誘  其衷    獲  嗣  守  封  焉  使下臣肸敢告執事”,0.49382716049382713,0.0,0.49382716049382713,1.0,0.0
王使單平公對曰“肸以嘉命來告餘一人往謂叔父餘嘉乃成世復爾祿次敬之哉方天之休弗敬弗休悔其可追”,王 使 單平公 對 ， 曰 ： “ 肸 以 嘉命 來 告 餘 一人 ， 往 謂 叔父 ： 餘 嘉 乃 成世 ， 復 爾 祿 次 。 敬 之 哉 ！ 方 天 之 休 。 弗 敬 弗 休 ， 悔 其 可 追 ？ ”,王 使 單平公 對 曰 “肸  以 嘉 命 來 告 餘 一 人 往 謂 叔父 餘 嘉 乃 成 世 復爾祿   次 敬 之 哉 方 天 之 休 弗 敬 弗 休悔  其 可 追 ”,0.7594936708860761,0.0,0.7594936708860761,1.0,0.0
夏四月己丑孔丘卒,夏 ， 四月 己丑 ， 孔丘 卒 。,夏四月己丑孔丘卒，。，。，，。，（）、，-:、。，,0.0,0.5,0.0,1.0,0.0
公誄之曰“旻天不吊不憖遺一老俾屏餘一人以在位煢煢餘在疚嗚呼哀哉尼父無自律”,公 誄 之 曰 ： “ 旻天 不 吊 ， 不 憖遺 一老 ， 俾 屏 餘 一人 以 在位 ， 煢煢 餘 在 疚 。 嗚呼 哀哉 尼父 ！ 無 自律 。 ”,公 誄 之 曰 “ 旻 天 不 吊 不 憖遺  一 老 俾 屏 餘 一 人 以 在 位 煢 煢 餘 在疚嗚呼   哀 哉 尼 父 無 自 律 ”,0.5333333333333333,0.0,0.5333333333333333,1.0,0.0
子贛曰“君其不沒於魯乎夫子之言曰‘禮失則昏名失則愆’失志為昏失所為愆生不能用死而誄之非禮也稱一人非名也君兩失之”,子贛 曰 ： “ 君 其 不 沒 於 魯 乎 ！ 夫子 之 言 曰 ： ‘ 禮 失 則 昏 ， 名 失 則 愆 。 ’ 失志 為 昏 ， 失所 為 愆 。 生 不能 用 ， 死 而 誄 之 ， 非 禮 也 ； 稱 一人 ， 非 名 也 。 君 兩 失 之 。 ”,子贛 曰 “ 君 其 不 沒 於 魯 乎 夫 子 之言  曰 ‘ 禮 失 則 昏 名 失 則愆  ’ 失 志 為 昏 失 所 為愆  生 不能 用 死 而 誄 之 非 禮 也稱  一 人 非 名 也 君 兩 失 之 ”,0.76,0.0,0.76,1.0,0.0
六月衛侯飲孔悝酒於平陽重酬之,六月 ， 衛侯 飲 孔悝 酒 於 平陽 ， 重 酬 之 。,六月衛 侯 飲 孔悝 酒 於 平陽 重  酬 之 ,0.8000000000000002,0.0,0.8000000000000002,1.0,0.0
大夫皆有納焉,大夫 皆 有 納 焉 。,大夫皆有納焉，。，。，，。，、，,0.0,1.0,0.0,1.0,0.0
醉而送之夜半而遣之,醉 而 送 之 ， 夜半 而 遣 之 。,醉 而  送 之  夜 半  而 遣  之 ,0.823529411764706,0.0,0.823529411764706,1.0,0.0
載伯姬於平陽而行及西門使貳車反祏於西圃,載 伯姬 於 平陽 而 行 ， 及 西門 ， 使 貳車 反 祏 於 西圃 。,載伯姬於平陽而行及西門使貳車反祏於西圃。,0.0,0.5,0.0,1.0,0.0
子伯季子初為孔氏臣新登于公請追之遇載祏者殺而乘其車,子伯季子 初 為 孔氏 臣 ， 新登 于 公 ， 請 追 之 ， 遇 載 祏 者 ， 殺 而 乘 其 車 。,，：子伯季子初為孔氏臣新登于公請追之遇載祏者殺而乘其車。，。。，。，。，，，，,0.0,0.33333333333333337,0.0,1.0,0.0
許公為反祏遇之曰“與不仁人爭明無不勝”,許公為 反 祏 ， 遇 之 ， 曰 ： “ 與 不仁 人 爭 明 ， 無 不 勝 。 ”,，。，。：許公為反祏遇之曰，（），。：“與不仁人爭明無不勝”。。，,0.0,0.0,0.0,1.0,0.0
必使先射射三發皆遠許為,必 使 先 射 ， 射 三 發 ， 皆 遠 許為 。,"：，""必使先射射三發皆遠許為""。，。""""，""""""""。",0.0,0.5,0.0,1.0,0.0
許為射之殪,許為 射 之 ， 殪 。,許為射之殪，。，。，，。，、，,0.0,0.6666666666666666,0.0,1.0,0.0
或以其車從得祏於橐中,或 以 其 車 從 ， 得 祏 於 橐 中 。,或以 其 車 從 得祏  於橐  中 。,0.47058823529411764,0.6666666666666666,0.47058823529411764,1.0,0.3137254901960784
孔悝出奔宋,孔悝 出奔 宋 。,，：孔悝出奔宋。，。，，，、、。,0.0,1.0,0.0,1.0,0.0
楚太子建之遇讒也自城父奔宋又辟華氏之亂於鄭,楚太子建 之 遇讒 也 ， 自 城父 奔 宋 ； 又 辟 華氏 之 亂 於 鄭 。,，。：楚太子建之遇讒也自城父奔宋又辟華氏之亂於鄭。，。。：（），。（），。,0.0,0.5,0.0,1.0,0.0
鄭人甚善之,鄭人 甚 善 之 。,鄭人甚善之。,0.0,1.0,0.0,1.0,0.0
又適晉與晉人謀襲鄭乃求復焉,又 適 晉 ， 與 晉人 謀 襲 鄭 ， 乃 求 復 焉 。,"，。，。：""又適晉""，""""（""""""""，""""""""，""""）。""與晉人謀襲鄭乃求復焉",0.0,0.0,0.0,1.0,0.0
鄭人復之如初,鄭人 復 之 如 初 。,鄭人復之，。，。，，。，如初、，,0.0,0.0,0.0,1.0,0.0
晉人使諜於子木請行而期焉,晉人 使 諜 於 子木 ， 請 行 而 期 焉 。,，。，。：- 晉人：，，。- 使諜於子木請行而期焉：，，,0.16666666666666669,0.0,0.0,1.0,0.0
子木暴虐於其私邑邑人訴之,子木 暴虐 於 其 私邑 ， 邑人 訴 之 。,，：子木暴虐於其私邑邑人訴之。，。。，。，。，,0.0,0.6666666666666666,0.0,1.0,0.0
鄭人省之得晉諜焉遂殺子木,鄭人 省 之 ， 得 晉 諜 焉 ， 遂 殺 子木 。,"，。，。：- ""鄭人""，（），。- ""省之得晉諜焉遂殺子木""""""""",0.16666666666666669,0.0,0.0,1.0,0.0
其子曰勝在吳子西欲召之,其 子 曰 勝 ， 在 吳 ， 子西 欲 召 之 。,，。，。：其子曰勝在吳子西欲召之。，（），。,0.0,0.5,0.0,1.0,0.0
葉公曰“吾聞勝也詐而亂無乃害乎”,葉公 曰 ： “ 吾 聞 勝 也 詐 而 亂 ， 無乃 害 乎 ？ ”,葉公 曰 “ 吾 聞勝  也 詐 而 亂 無 乃 害乎  ”,0.6666666666666666,0.0,0.6666666666666666,1.0,0.0
子西曰“吾聞勝也信而勇不為不利舍諸邊竟使衛藩焉”,子西 曰 ： “ 吾 聞 勝 也 信 而 勇 ， 不 為 不利 。 舍 諸 邊竟 ， 使 衛 藩 焉 。 ”,子 西 曰 “ 吾 聞 勝 也 信 而 勇 不 為 不 利 舍 諸 邊 竟 使衛藩   焉 ”,0.6976744186046512,0.0,0.6976744186046512,1.0,0.0
葉公曰“周仁之謂信率義之謂勇吾聞勝也好復言而求死士殆有私乎復言非信也期死非勇也子必悔之”,葉公 曰 ： “ 周仁 之 謂 信 ， 率義 之 謂 勇 。 吾 聞 勝 也 好 復言 ， 而 求 死士 ， 殆 有 私 乎 ！ 復言 ， 非 信 也 ； 期 死 ， 非 勇 也 -- 子 必 悔 之 。 ”,，。，。，，、。，，、，。，。：葉公曰“周仁之謂信率義之謂勇吾聞勝也好復言而求死士殆有私乎復言非信也期死非勇也子必悔之”,0.0,0.0,0.0,1.0,0.0
弗從召之使處吳竟為白公,弗 從 ， 召 之 ， 使 處 吳 竟 ， 為 白公 。,"，。，。：""弗從""，，""""""""。""召之""，""""。""使處吳竟為白公""",0.0,0.0,0.0,1.0,0.0
請伐鄭子西曰“楚未節也不然吾不忘也”,請 伐 鄭 ， 子西 曰 ： “ 楚 未 節 也 。 不 然 ， 吾 不 忘 也 。 ”,請伐鄭子西曰“楚未節也不然吾不忘也”。,0.0,0.0,0.0,1.0,0.0
他日又請許之未起師,他日 ， 又 請 ， 許 之 ， 未 起 師 。,他 日 又 請 許 之 未 起 師,0.823529411764706,0.0,0.823529411764706,1.0,0.0
晉人伐鄭楚救之與之盟,晉人 伐 鄭 ， 楚 救 之 ， 與 之 盟 。,晉，。：人伐鄭，；楚救之與，；之盟，。。，（），。,0.0,0.5714285714285715,0.0,1.0,0.0
勝怒曰“鄭人在此讎不遠矣”,勝 怒 ， 曰 ： “ 鄭人 在 此 ， 讎 不 遠 矣 。 ”,，：勝怒曰“鄭人在此讎不遠矣”。，。。，。，。：- ,0.0,0.0,0.0,1.0,0.0
勝自厲劍子期之子平見之曰“王孫何自厲也”,勝 自 厲 劍 ， 子期 之 子 平 見 之 ， 曰 ： “ 王孫 何 自 厲 也 ？ ”,，。，。：勝自厲劍子期之子平見之曰。（），（）。“王孫何自厲也”，,0.0,0.0,0.0,1.0,0.0
曰“勝以直聞不告女庸為直乎將以殺爾父”,曰 ： “ 勝 以 直 聞 ， 不 告 女 ， 庸 為 直 乎 ？ 將 以 殺 爾 父 。 ”,，。，。：曰“勝以直聞不告女庸為直乎將以殺爾父”。，，（），，,0.0,0.0,0.0,1.0,0.0
平以告子西,平 以 告 子西 。,平以告子西，。，。，，。，、,0.0,1.0,0.0,1.0,0.0
子西曰“勝如卵餘翼而長之楚國第我死令尹司馬非勝而誰”,子西 曰 ： “ 勝 如 卵 ， 餘 翼 而 長 之 。 楚國 第 ， 我 死 ， 令尹 、 司馬 ， 非 勝 而 誰 ？ ”,，：子西曰“勝如卵餘翼而長之楚國第我死令尹司馬非勝而誰”。，。，，。，，。，，,0.0,0.0,0.0,1.0,0.0
勝聞之曰“令尹之狂也得死乃非我”,勝 聞 之 ， 曰 ： “ 令尹 之 狂 也 ！ 得 死 ， 乃 非 我 。 ”,，。，。勝聞之曰，（），，。“令尹之狂也得死乃非我”，,0.0,0.0,0.0,1.0,0.0
子西不悛,子西 不 悛 。,子 西 不悛 ,0.0,0.0,0.0,1.0,0.0
勝謂石乞曰“王與二卿士皆五百人當之則可矣”,勝 謂 石乞 曰 ： “ 王 與 二 卿士 ， 皆 五百 人 當 之 ， 則 可 矣 。 ”,勝 謂 石乞 曰 “ 王 與 二 卿 士 皆 五 百 人 當 之 則 可 矣 ”,0.8421052631578948,0.0,0.8421052631578948,1.0,0.0
乞曰“不可得也”,乞 曰 ： “ 不 可 得 也 。 ”,乞 曰 “ 不可得也 ”,0.6153846153846154,0.0,0.6153846153846154,1.0,0.0
曰“市南有熊宜僚者若得之可以當五百人矣”,曰 ： “ 市 南 有 熊宜僚 者 ， 若 得 之 ， 可以 當 五百 人 矣 。 ”,曰 “ 市南  有  熊  宜僚  者  若  得  之  可以  當  五  百  人  矣  ”,0.7272727272727272,0.0,0.7272727272727272,1.0,0.0
乃從白公而見之,乃 從 白公 而 見 之 。,乃 從 白公 而 見 之 。,1.0,1.0,1.0,1.0,1.0
與之言說,與 之 言 ， 說 。,與 之 言 說,1.0,0.0,1.0,1.0,0.0
告之故辭,告 之 故 ， 辭 。,告之  故  辭  。,0.5714285714285715,0.6666666666666666,0.5714285714285715,1.0,0.380952380952381
承之以劍不動,承 之 以 劍 ， 不 動 。,承  之  以劍    不  動  。,0.7272727272727272,0.6666666666666666,0.7272727272727272,1.0,0.48484848484848475
勝曰“不為利諂不為威惕不泄人言以求媚者去之”,勝 曰 ： “ 不 為 利 諂 ， 不 為 威 惕 ， 不 泄 人言 以 求媚 者 ， 去 之 。 ”,勝 曰 “ 不為 利 諂 不為  威 惕 不 泄 人言  以 求 媚 者 去 之 ”,0.7692307692307692,0.0,0.7692307692307692,1.0,0.0
吳人伐慎白公敗之,吳人 伐 慎 ， 白公 敗 之 。,吳人伐慎白公敗之。,0.0,0.6666666666666666,0.0,1.0,0.0
請以戰備獻許之遂作亂,請 以 戰備 獻 ， 許 之 ， 遂 作亂 。,請 以 戰備獻  許 之 遂 作 亂 。,0.625,0.5,0.625,1.0,0.3125
秋七月殺子西子期于朝而劫惠王,秋 七月 ， 殺 子西 、 子期 于 朝 ， 而 劫 惠王 。,，：秋七月殺子西子期于朝而劫惠王。，。。，，，。，，。,0.0,0.4,0.0,1.0,0.0
子西以袂掩面而死,子西 以 袂 掩面 而 死 。,子 西  以袂    掩  面  而  死  。,0.30769230769230765,1.0,0.30769230769230765,1.0,0.30769230769230765
子期曰“昔者吾以力事君不可以弗終”,子期 曰 ： “ 昔者 吾 以 力 事 君 ， 不 可以 弗 終 。 ”,子期 曰 “ 昔者 吾 以 力 事 君 不 可 以 弗 終 ”,0.896551724137931,0.0,0.896551724137931,1.0,0.0
抉豫章以殺人而後死,抉 豫章 以 殺人 而後 死 。,抉 豫章 以 殺人 而 後 死,0.7692307692307692,0.0,0.7692307692307692,1.0,0.0
石乞曰“焚庫弒王不然不濟”,石乞 曰 ： “ 焚 庫 、 弒 王 。 不 然 ， 不 濟 。 ”,。：石乞曰“焚庫弒王不然不濟”。，，，。,0.0,0.0,0.0,1.0,0.0
白公曰“不可弒王不祥焚庫無聚將何以守矣”,白公 曰 ： “ 不可 。 弒 王 ， 不 祥 ； 焚 庫 ， 無 聚 ， 將 何 以 守 矣 ？ ”,白公 曰 “ 不可 弒 王 不祥 焚 庫 無 聚 將 何 以 守 矣 ”,0.9142857142857143,0.0,0.9142857142857143,1.0,0.0
乞曰“有楚國而治其民以敬事神可以得祥且有聚矣何患”,乞 曰 ： “ 有 楚國 而 治 其 民 ， 以 敬 事 神 ， 可以 得 祥 ， 且 有 聚 矣 ， 何 患 ？ ”,乞 曰 “ 有 楚 國 而 治 其 民 以 敬 事 神 可 以 得 祥 且 有 聚 矣 何 患 ”,0.8749999999999999,0.0,0.8749999999999999,1.0,0.0
弗從,弗 從 。,弗 從 。,1.0,1.0,1.0,1.0,1.0
葉公在蔡方城之外皆曰“可以入矣”,葉公 在 蔡 ， 方城 之 外 皆 曰 ： “ 可以 入 矣 。 ”,葉公 在 蔡  方城 之 外  皆 曰 “ 可以 入 矣 ” ,1.0,0.0,1.0,1.0,0.0
子高曰“吾聞之以險徼幸者其求無饜偏重必離”,子高 曰 ： “ 吾 聞 之 ， 以 險 徼幸 者 ， 其 求 無 饜 ， 偏重 必 離 。 ”,子 高 曰 “ 吾 聞 之  以險  徼 幸 者  其 求 無 饜  偏 重 必 離 ”,0.6842105263157895,0.0,0.6842105263157895,1.0,0.0
聞其殺齊管修也而後入,聞 其 殺 齊 管修 也 ， 而後 入 。,聞 其 殺 齊 管 修 也 而 後 入,0.6666666666666665,0.0,0.6666666666666665,1.0,0.0
白公欲子閭為王子閭不可遂劫以兵,白公 欲 子閭 為 王 ， 子閭 不 可 ， 遂 劫 以 兵 。,白公  欲  子閭  為  王  子閭  不可  遂  劫  以  兵  。,0.8695652173913043,0.5,0.8695652173913043,1.0,0.43478260869565216
子閭曰“王孫若安靖楚國匡正王室而後庇焉啟之愿也敢不聽從若將專利以傾王室不顧楚國有死不能”,子閭 曰 ： “ 王孫 若 安靖 楚國 ， 匡正 王室 ， 而後 庇 焉 ， 啟 之 愿 也 ， 敢 不 聽從 ？ 若 將 專利 以 傾 王室 ， 不 顧 楚國 ， 有 死 不 能 。 ”,子閭 曰 “ 王孫 若 安靖 楚國 匡正 王室 而 後 庇 焉 啟 之 愿 也 敢 不聽 從 若 將 專 利 以 傾 王室 不顧  楚國 有 死 不能 ”,0.7575757575757576,0.0,0.7575757575757576,1.0,0.0
遂殺之而以王如高府,遂 殺 之 ， 而 以 王 如 高府 。,遂 殺 之 而  以 王 如 高 府 ,0.823529411764706,0.0,0.823529411764706,1.0,0.0
石乞尹門,石乞 尹 門 。,，。石乞尹門，。，，，。。,0.0,1.0,0.0,1.0,0.0
圉公陽穴宮負王以如昭夫人之宮,圉公陽 穴 宮 ， 負 王 以 如 昭夫人 之 宮 。,，：圉公陽穴宮負王以如昭夫人之宮。，。。，，，。,0.0,0.6666666666666666,0.0,1.0,0.0
葉公亦至及北門或遇之曰“君胡不胄國人望君如望慈父母焉盜賊之矢若傷君是絕民望也若之何不胄”,葉公 亦 至 ， 及 北門 ， 或 遇 之 ， 曰 ： “ 君 胡 不 胄 ？ 國人 望 君 如 望 慈父母 焉 ， 盜賊 之 矢 若 傷 君 ， 是 絕 民望 也 ， 若之何 不 胄 ？ ”,葉公  亦  至  及  北門  或  遇  之  曰  “  君  胡  不  胄  國人  望  君  如  望  慈  父母  焉  盜賊  之  矢  若  傷  君  是  絕  民  望  也  若  之何    不胄    ”  ？ ,0.8333333333333334,0.0,0.8333333333333334,1.0,0.0
乃胄而進,乃 胄 而 進 。,乃胄  而 進,0.5714285714285715,0.0,0.5714285714285715,1.0,0.0
又遇一人曰“君胡胄國人望君如望歲焉日日以幾若見君面是得艾也民知不死其亦夫有奮心猶將旌君以徇於國而又掩面以絕民望不亦甚乎”,又 遇 一 人 曰 ： “ 君 胡 胄 ？ 國人 望 君 如 望歲 焉 ， 日日 以 幾 ， 若 見 君 面 ， 是 得 艾 也 。 民 知 不 死 ， 其 亦 夫 有 奮心 ， 猶 將 旌 君 以 徇 於 國 ； 而 又 掩面 以 絕 民望 ， 不亦 甚 乎 ！ ”,又 遇 一 人 曰 “ 君 胡胄  國 人 望 君 如 望 歲 焉 日 日 以 幾 若 見 君 面 是 得 艾 也 民 知 不 死 其 亦 夫 有 奮 心 猶 將 旌 君 以徇  於 國 而 又 掩 面 以 絕 民 望 不 亦甚  乎 ”,0.7454545454545455,0.0,0.7454545454545455,1.0,0.0
乃免胄而進,乃 免胄 而 進 。,乃 免 胄 而 進,0.6666666666666665,0.0,0.6666666666666665,1.0,0.0
遇箴尹固帥其屬將與白公,遇 箴尹固 帥 其 屬 ， 將 與 白公 。,，：遇箴尹固帥其屬將與白公。，。，，，（）。,0.0,0.6666666666666666,0.0,1.0,0.0
子高曰“微二子者楚不國矣棄德從賊其可保乎”,子高 曰 ： “ 微 二 子 者 ， 楚 不 國 矣 。 棄 德 從 賊 ， 其 可 保 乎 ？ ”,子高曰“微二子者楚，。，。，，。，、，。不國矣棄德從賊其可保乎”，。,0.0,0.0,0.0,1.0,0.0
乃從葉公,乃 從 葉公 。,乃 從 葉公 。,1.0,1.0,1.0,1.0,1.0
使與國人以攻白公白公奔山而縊,使 與 國人 以 攻 白公 ， 白公 奔 山 而 縊 。,使 與 國人  以 攻 白公  白公 奔 山 而 縊 ,1.0,0.0,1.0,1.0,0.0
其徒微之,其 徒 微 之 。,其徒  微 之,0.5714285714285715,0.0,0.5714285714285715,1.0,0.0
生拘石乞而問白公之死焉,生拘 石乞 而 問 白公 之 死 焉 。,"：，""生拘石乞而問白公之死焉""。，。。""""（""""），。""",0.0,1.0,0.0,1.0,0.0
對曰“餘知其死所而長者使餘勿言”,對 曰 ： “ 餘 知 其 死 所 ， 而 長者 使 餘 勿 言 。 ”,對 曰 “ 餘 知 其 死 所 而 長 者  使 餘 勿 言 ”,0.9032258064516129,0.0,0.9032258064516129,1.0,0.0
曰“不言將烹”,曰 ： “ 不 言 將 烹 。 ”,曰 “ 不言 將 烹 ”,0.7692307692307692,0.0,0.7692307692307692,1.0,0.0
乞曰“此事克則為卿不克則烹固其所也何害”,乞 曰 ： “ 此 事 克 則 為 卿 ， 不 克 則 烹 ， 固 其 所 也 ， 何 害 ？ ”,乞 曰 “ 此事  克 則 為 卿 不 克 則烹  固 其 所 也 何 害 ”,0.8421052631578948,0.0,0.8421052631578948,1.0,0.0
乃烹石乞,乃 烹 石乞 。,乃 烹 石  乞,0.5714285714285715,0.0,0.5714285714285715,1.0,0.0
王孫燕奔頯黃氏,王孫燕 奔 頯黃氏 。,王孫燕奔頯黃氏，。，。，，。，、，,0.0,1.0,0.0,1.0,0.0
沈諸梁兼二事國寧乃使寧為令尹使寬為司馬而老於葉,沈諸梁 兼 二 事 ， 國 寧 ， 乃 使 寧 為 令尹 ， 使 寬 為 司馬 ， 而 老 於 葉 。,沈諸梁 兼  二事 國        寧乃使寧  為  令尹  ，  使  寬  為  司馬  而  老  於葉    。,0.6666666666666667,0.5714285714285715,0.6666666666666667,1.0,0.38095238095238104
衛侯占夢嬖人求酒於大叔僖子不得與卜人比而告公曰“君有大臣在西南隅弗去懼害”,衛侯 占夢 ， 嬖人 求 酒 於 大叔僖子 ， 不 得 ， 與 卜人 比 ， 而 告 公 曰 ： “ 君 有 大臣 在 西南隅 ， 弗 去 ， 懼 害 。 ”,衛侯  占  夢嬖    人  求  酒  於  大叔  僖  子  不  得  與  卜  人  比  而  告  公  曰  “  君  有  大臣  在  西南隅    弗  去  懼  害  ”  ？,0.7931034482758621,0.0,0.7931034482758621,1.0,0.0
乃逐大叔遺,乃 逐 大叔遺 。,乃  逐  大叔遺   ,1.0,0.0,1.0,1.0,0.0
遺奔晉,遺 奔 晉 。,遺 奔 晉,1.0,0.0,1.0,1.0,0.0
衛侯謂渾良夫曰“吾繼先君而不得其器若之何”,衛侯 謂 渾良夫 曰 ： “ 吾 繼 先君 而 不 得 其 器 ， 若之何 ？ ”,衛侯 謂 渾良夫 曰 “ 吾 繼 先君 而 不得 其 器 若 之  何 ”,0.7741935483870969,0.0,0.7741935483870969,1.0,0.0
良夫代執火者而言曰“疾與亡君皆君之子也召之而擇材焉可也若不材器可得也”,良夫 代 執 火 者 而 言 ， 曰 ： “ 疾 與 亡君 ， 皆 君 之 子 也 ， 召 之 而 擇 材 焉 可 也 。 若 不材 ， 器 可 得 也 。 ”,良夫 代執  火 者 而 言 曰 “ 疾 與 亡 君 皆 君 之 子 也 召 之 而 擇 材 焉 可 也 若 不 材 器 可 得 也 ”,0.8615384615384615,0.0,0.8615384615384615,1.0,0.0
豎告太子,豎 告 太子 。,豎 告 太子,1.0,0.0,1.0,1.0,0.0
太子使五人輿豭從己劫公而強盟之且請殺良夫,太子 使 五 人 輿 豭 從 己 ， 劫 公 而 強 盟 之 ， 且 請 殺 良夫 。,，。：太子使五人輿豭從己劫公而強盟之且請殺良夫。，。：，，，。，，，,0.0,0.5,0.0,1.0,0.0
公曰“其盟免三死”,公 曰 ： “ 其 盟 免 三 死 。 ”,公曰“其盟免三死”，。，。，，。，、，,0.0,0.0,0.0,1.0,0.0
曰“請三之後有罪殺之”,曰 ： “ 請 三 之後 有罪 殺 之 。 ”,曰 “ 請  三  之  後  有  罪  殺  之 ”  。,0.7000000000000001,0.0,0.7000000000000001,1.0,0.0
公曰“諾哉”,公 曰 ： “ 諾 哉 ！ ”,公 曰 “諾  哉 ”,0.7272727272727272,0.0,0.7272727272727272,1.0,0.0
哀公十七年春衛侯為虎幄於藉圃成求令名者而與之始食焉,哀公 十七年 春 ， 衛侯 為 虎幄 於 藉圃 ， 成 ， 求 令名 者 而 與 之 始 食 焉 。,，。，。：哀公十七年春衛侯為虎幄於藉圃成求令名者而與之始食焉。（），，。,0.0,0.4,0.0,1.0,0.0
太子請使良夫,太子 請 使 良夫 。,太子請使良夫，，。。，。，，，（）、，-:、。，,0.0,1.0,0.0,1.0,0.0
良夫乘衷甸兩牡紫衣狐裘,良夫 乘 衷甸 兩 牡 ， 紫衣 狐裘 。,"，。，。：""良夫""，，（）。""乘""，，。""衷甸兩牡紫衣狐裘""",0.0,0.0,0.0,1.0,0.0
至袒裘不釋劍而食,至 ， 袒裘 ， 不 釋 劍 而 食 。,至袒裘   不釋劍      而  食  。,0.36363636363636365,0.5,0.36363636363636365,1.0,0.18181818181818182
太子使牽以退數之以三罪而殺之,太子 使 牽 以 退 ， 數 之 以 三 罪 而 殺 之 。,太子 使 牽  以 退  數  之  以  三 罪  而 殺  之 ,1.0,0.0,1.0,1.0,0.0
三月越子伐吳吳子禦之笠澤夾水而陳,三月 ， 越子 伐 吳 ， 吳子 禦 之 笠澤 ， 夾 水 而 陳 。,三月越子伐吳 吳子禦之 笠澤夾水而陳。,0.0,0.4,0.0,1.0,0.0
越子為左右句卒使夜或左或右鼓噪而進吳師分以御之,越子 為 左右 句卒 ， 使 夜 或 左 或 右 ， 鼓噪 而 進 ； 吳師 分 以 御 之 。,越子為左右句卒使夜或左或右鼓噪而進吳師分以御之。,0.0,0.4,0.0,1.0,0.0
越子以三軍潛涉當吳中軍而鼓之吳師大亂遂敗之,越子 以 三 軍 潛涉 ， 當 吳 中軍 而 鼓 之 ， 吳師 大亂 ， 遂 敗 之 。,越子以三軍潛涉當吳中軍而鼓之吳師大亂遂敗之。,0.0,0.4,0.0,1.0,0.0
晉趙鞅使告于衛曰“君之在晉也志父為主請君若太子來以免志父不然寡君其曰志父之為也”,晉 趙鞅 使 告 于 衛 ， 曰 ： “ 君 之 在 晉 也 ， 志父 為 主 。 請 君 若 太子 來 ， 以 免 志父 。 不 然 ， 寡君 其 曰 志父 之 為 也 。 ”,晉 趙鞅  使  告  于衛    曰  “  君  之  在  晉  也  志父  為  主  ，  請  君  若  太子  來  以  免  志父  ，  不然  寡君  其  曰  志父  之  為  也  ”  。,0.9090909090909091,0.0,0.9090909090909091,1.0,0.0
衛侯辭以難太子又使椓之,衛侯 辭 以 難 ， 太子 又 使 椓 之 。,"  """": ""衛侯辭   以 難 太子  又 使  "",  """": ""。""    ：  - ，，。  - 椓之",0.6250000000000001,0.0,0.6250000000000001,1.0,0.0
夏六月趙鞅圍衛,夏 ， 六月 ， 趙鞅 圍 衛 。,夏 六月 趙鞅圍衛   ,0.5,0.0,0.5,1.0,0.0
齊國觀陳瓘救衛得晉人之致師者,齊 國觀 、 陳瓘 救 衛 ， 得 晉人 之 致師 者 。,"，。，。：""齊國""，（），。""觀""，，。""陳瓘救衛得晉""，（），人之致師者。",0.0,0.28571428571428575,0.0,1.0,0.0
子玉使服而見之曰“國子實執齊柄而命瓘曰‘無辟晉師’豈敢廢命子又何辱”,子玉 使 服 而 見 之 ， 曰 ： “ 國子 實 執 齊柄 ， 而 命 瓘 曰 ‘ 無 辟 晉師 ’ ， 豈 敢 廢命 ？ 子 又 何 辱 ？ ”,，：子玉使服而見之曰“國子實執齊柄而命瓘曰‘無辟晉師’豈敢廢命子又何辱”。，。。，，，。，，，,0.0,0.0,0.0,1.0,0.0
簡子曰“我卜伐衛未卜與齊戰”,簡子 曰 ： “ 我 卜 伐 衛 ， 未 卜 與 齊 戰 。 ”,簡子曰“我卜伐衛未卜與齊戰”。,0.0,0.0,0.0,1.0,0.0
乃還,乃 還 。,乃還  。,0.0,1.0,0.0,1.0,0.0
楚白公之亂陳人恃其聚而侵楚,楚白公 之 亂 ， 陳人 恃 其 聚 而 侵 楚 。,"，。，。：""楚白公之亂""，。""陳人""，。""恃其聚而侵楚""""""，""""",0.0,0.0,0.0,1.0,0.0
楚既寧將取陳麥,楚 既 寧 ， 將 取 陳 麥 。,"，。""楚"" ，；""既"" ；""寧"" ；""將"" ；""取"" ；""陳麥"" ",0.7692307692307692,0.0,0.0,1.0,0.0
楚子問帥於大師子穀與葉公諸梁子穀曰“右領差車與左史老皆相令尹司馬以伐陳其可使也”,楚子 問 帥 於 大師子穀 與 葉公諸梁 ， 子穀 曰 ： “ 右領差車 與 左史老 皆 相 令尹 、 司馬 以 伐 陳 ， 其 可 使 也 。 ”,楚子  問  帥  於  大師  子穀  與葉  公  諸梁  子穀  曰  “  右領  差車  與  左史  老  皆  相  令尹  司馬  以  伐  陳  其  可  使  也  ”  。 ,0.7407407407407408,0.0,0.7407407407407408,1.0,0.0
子高曰“率賤民慢之懼不用命焉”,子高 曰 ： “ 率 賤 ， 民 慢 之 ， 懼 不 用命 焉 。 ”,子 高 曰 “ 率 賤 民 慢 之 懼 不 用 命 焉 ”,0.7857142857142856,0.0,0.7857142857142856,1.0,0.0
子穀曰“觀丁父鄀俘也武王以為軍率是以克州蓼服隨唐大啟群蠻彭仲爽申俘也文王以為令尹實縣申息朝陳蔡封畛於汝唯其任也何賤之有”,子穀 曰 ： “ 觀丁父 ， 鄀 俘 也 ， 武王 以 為 軍率 ， 是以 克 州 、 蓼 ， 服 隨 、 唐 ， 大 啟 群 蠻 。 彭仲爽 ， 申 俘 也 ， 文王 以 為 令尹 ， 實 縣 申 、 息 ， 朝 陳 、 蔡 ， 封畛 於 汝 。 唯 其 任 也 ， 何 賤 之 有 ？ ”,，。，。子穀曰，，。：“觀丁父鄀俘也武王以為軍率是以克州蓼服隨唐大啟群蠻彭仲爽申俘也文王以為令尹實縣申息朝陳蔡封畛於汝唯其任也何賤之有”。，。，：，。，（,0.0,0.0,0.0,1.0,0.0
子高曰“天命不諂令尹有憾於陳天若亡之其必令尹之子是與君盍舍焉臣懼右領與左史有二俘之賤而無其令德也”,子高 曰 ： “ 天命 不 諂 。 令尹 有 憾 於 陳 ， 天 若 亡 之 ， 其 必 令尹 之 子 是 與 ， 君 盍 舍 焉 ？ 臣 懼 右領 與 左史 有 二 俘 之 賤 而 無 其 令德 也 。 ”,子 高 曰 “ 天 命 不諂  令 尹 有 憾 於 陳 天 若 亡 之 其 必 令 尹 之 子 是 與 君 盍 舍 焉 臣 懼 右 領 與 左 史 有 二 俘 之 賤 而 無 其 令 德 也 ”,0.7333333333333334,0.0,0.7333333333333334,1.0,0.0
王卜之武城尹吉,王 卜 之 ， 武城尹 吉 。,王 卜 之 武城 尹 吉,0.7272727272727272,0.0,0.7272727272727272,1.0,0.0
使帥師取陳麥,使 帥 師 取 陳 麥 。,使帥師取陳麥，。，。，，。，、，,0.0,1.0,0.0,1.0,0.0
陳人御之敗遂圍陳,陳人 御 之 ， 敗 ， 遂 圍 陳 。,陳人御之敗遂圍陳。,0.0,0.5,0.0,1.0,0.0
秋七月己卯楚公孫朝帥師滅陳,秋 ， 七月己卯 ， 楚 公孫朝 帥 師 滅 陳 。,，：秋七月己卯楚公孫朝帥師滅陳。，。。，，，。，，,0.0,0.5,0.0,1.0,0.0
王與葉公枚卜子良以為令尹,王 與 葉公 枚卜 子良 以 為 令尹 。,，：王與葉公枚卜子良以為令尹。，。，，。，，，,0.0,1.0,0.0,1.0,0.0
沈尹朱曰“吉過於其志”,沈尹朱 曰 ： “ 吉 。 過 於 其 志 。 ”,，。，沈尹朱曰（），“吉過於其志”。，，。：- ,0.0,0.0,0.0,1.0,0.0
葉公曰“王子而相國過將何為”,葉公 曰 ： “ 王子 而 相國 ， 過 將 何 為 ！ ”,"：，""葉公曰“王子而相國過將何為”""。，。，，。：- """" （），。- """,0.0,0.0,0.0,1.0,0.0
他日改卜子國而使為令尹,他日 ， 改卜 子國 而 使 為 令尹 。,"：。""他""（），。""日""，。""改""，，。""卜子國而使為令尹""",0.0,0.0,0.0,1.0,0.0
衛侯夢于北宮見人登昆吾之觀被髪北面而噪曰“登此昆吾之墟綿綿生之瓜餘為渾良夫叫天無辜”,衛侯 夢 于 北宮 ， 見 人 登 昆吾 之 觀 ， 被髪 北面 而 噪 曰 ： “ 登 此 昆吾 之 墟 ， 綿綿 生 之 瓜 。 餘 為 渾良夫 ， 叫 天 無辜 。 ”,衛侯夢于北宮見人登昆吾之觀被髪北面而噪曰“登此昆吾之墟綿綿生之瓜餘為渾良夫叫天無辜”,0.0,0.0,0.0,1.0,0.0
公親筮之胥彌赦占之曰“不害”,公 親 筮 之 ， 胥彌赦 占 之 ， 曰 ： “ 不 害 。 ”,公 親 筮 之 胥 彌 赦 占 之 曰 “ 不 害 ”,0.8461538461538461,0.0,0.8461538461538461,1.0,0.0
與之邑寘之而逃奔宋,與 之 邑 ， 寘 之 而 逃 ， 奔 宋 。,，。，。：- 與之：，，（），。- 邑寘之而逃奔宋：，,0.0,0.0,0.0,1.0,0.0
衛侯貞卜其繇曰“如魚竀尾衡流而方羊裔焉大國滅之將亡闔門塞竇乃自後逾”,衛侯 貞卜 ， 其 繇 曰 ： “ 如 魚 竀 尾 ， 衡流 而 方羊 。 裔 焉 。 大國 ， 滅 之 ， 將 亡 。 闔門 塞 竇 ， 乃 自 後 逾 。 ”,，。，衛侯貞卜其繇，（），：曰。，，，。，：“如魚竀尾衡流而方羊裔焉大國滅之將亡闔門塞竇乃自後逾”,0.0,0.0,0.0,1.0,0.0
冬十月晉復伐衛入其郛將入城,冬 ， 十月 ， 晉 復 伐 衛 ， 入 其 郛 ， 將 入 城 。,冬 十月 晉 復伐衛   入  其郛  將 入 城 ,0.6666666666666666,0.0,0.6666666666666666,1.0,0.0
簡子曰“止叔向有言曰‘怙亂滅國者無後’”,簡子 曰 ： “ 止 ， 叔向 有 言 曰 ： ‘ 怙亂 滅國 者 無 後 。 ’ ”,簡子 曰 “ 止 叔向 有 言 曰 ‘ 怙亂 滅 國 者 無 後 ’ ”,0.9090909090909091,0.0,0.9090909090909091,1.0,0.0
衛人出莊公而與晉平,衛人 出 莊公 而 與 晉 平 。,，。：衛人出莊公而與晉平。，，，（），,0.0,1.0,0.0,1.0,0.0
晉立襄公之孫般師而還,晉 立 襄公 之 孫 般師 而 還 。,，：晉立襄公之孫般師而還。，。。，。，。，，,0.0,1.0,0.0,1.0,0.0
十一月衛侯自鄄入般師出,十一月 ， 衛侯 自 鄄 入 ， 般師 出 。,十一月衛 侯 自鄄  入 般 師 出,0.2857142857142857,0.0,0.2857142857142857,1.0,0.0
初公登城以望見戎州,初 ， 公 登 城 以 望 ， 見 戎州 。,初 公 登 城  以望  見 戎 州 ,0.625,0.0,0.625,1.0,0.0
問之以告,問 之 ， 以 告 。,問之  以  告  。,0.5714285714285715,0.6666666666666666,0.5714285714285715,1.0,0.380952380952381
公曰“我姬姓也何戎之有焉”,公 曰 ： “ 我 ， 姬姓 也 ， 何 戎 之 有 焉 ？ ”,，。，公曰，。：“我姬姓也何戎之有焉”。，，？，。,0.0,0.0,0.0,1.0,0.0
翦之,翦 之 。,翦 之,1.0,0.0,1.0,1.0,0.0
公使匠久,公 使 匠 久 。,公 使 匠 久,1.0,0.0,1.0,1.0,0.0
公欲逐石圃未及而難作,公 欲 逐 石圃 ， 未 及 而 難 作 。,公 欲  逐 石圃  未 及  而 難  作 ,1.0,0.0,1.0,1.0,0.0
辛巳石圃因匠氏攻公,辛巳 ， 石圃 因 匠氏 攻 公 。,"：，""辛巳石圃因匠氏攻公""。，：，""""（），""""，""""",0.0,0.6666666666666666,0.0,1.0,0.0
公闔門而請弗許,公 闔門 而 請 ， 弗 許 。,公闔門而請弗 許。,0.25,0.6666666666666666,0.0,1.0,0.16666666666666666
逾于北方而隊折股,逾 于 北方 而 隊 ， 折 股 。,逾于北方而隊折股。,0.0,0.6666666666666666,0.0,1.0,0.0
戎州人攻之太子疾公子青逾從公戎州人殺之,戎州人 攻 之 ， 太子疾 、 公子青 逾 從 公 ， 戎州人 殺 之 。,"，。，。：- ""戎州人""，（），。- ""攻""，，。- ""之太子疾公子青逾從公戎州人殺之""，，",0.28571428571428575,0.0,0.0,1.0,0.0
公入于戎州己氏,公 入 于 戎州 己氏 。,公 入 于 戎 州 己 氏,0.5,0.0,0.5,1.0,0.0
初公自城上見己氏之妻發美使髡之以為呂姜髢,初 ， 公 自 城上 見 己氏 之 妻 發 美 ， 使 髡 之 ， 以 為 呂姜 髢 。,初 公 自 城 上 見 己 氏 之妻  發 美  使髡  之 以為呂   姜髢  ,0.43749999999999994,0.0,0.43749999999999994,1.0,0.0
既入焉而示之璧曰“活我吾與女璧”,既 入 焉 ， 而 示 之 璧 ， 曰 ： “ 活 我 ， 吾 與 女 璧 。 ”,既 入 焉 而 示 之 璧 曰 “ 活 我 吾 與 女 璧 ”,1.0,0.0,1.0,1.0,0.0
己氏曰“殺女璧其焉往”,己氏 曰 ： “ 殺 女 ， 璧 其 焉 往 ？ ”,"：，：，""己氏曰“""，。""殺女璧其焉往”""，。，：，。：- """" ",0.0,0.0,0.0,1.0,0.0
遂殺之而取其璧,遂 殺 之 ， 而 取 其 璧 。,遂 殺 之 而 取 其 璧 ,1.0,0.0,1.0,1.0,0.0
衛人復公孫般師而立之,衛人 復 公孫般師 而 立 之 。,，。，。：衛人，復，，公孫般師（），而立之。，,0.0,0.4,0.0,1.0,0.0
十二月齊人伐衛衛人請平立公子起執般師以歸舍諸潞,十二月 ， 齊人 伐 衛 ， 衛人 請平 ， 立 公子起 ， 執 般師 以 歸 ， 舍 諸 潞 。,"，。，""""""""。，，。，，、，。：""十二月齊人伐衛衛人請平立公子起執般師以歸舍諸潞",0.0,0.0,0.0,1.0,0.0
公會齊侯盟于蒙孟武伯相,公 會 齊侯 盟 于 蒙 ， 孟武伯 相 。,"，。，。：""公""，，。""會""，。""齊侯盟于蒙孟武伯相""，，",0.0,0.0,0.0,1.0,0.0
齊侯稽首公拜,齊侯 稽首 ， 公 拜 。,，：齊侯稽首公拜。，。，，，。,0.0,0.6666666666666666,0.0,1.0,0.0
齊人怒,齊人 怒 。,齊人怒。,0.0,1.0,0.0,1.0,0.0
武伯曰“非天子寡君無所稽首”,武伯 曰 ： “ 非 天子 ， 寡君 無 所 稽首 。 ”,，：武伯曰“非天子寡君無所稽首”。，。，，，、、。，,0.0,0.0,0.0,1.0,0.0
武伯問於高柴曰“諸侯盟誰執牛耳”,武伯 問 於 高柴 曰 ： “ 諸侯 盟 ， 誰 執 牛耳 ？ ”,"，。：武伯問於高柴曰“諸侯盟誰執牛耳”。，""""，。，。，，。",0.0,0.0,0.0,1.0,0.0
季羔曰“鄫衍之役吳公子姑曹發陽之役衛石魋”,季羔 曰 ： “ 鄫衍 之 役 ， 吳 公子姑曹 ； 發陽 之 役 ， 衛 石魋 。 ”,季羔 曰 “鄫   衍 之役    吳  公子  姑  曹  發陽    之役衛      石魋    ”,0.4444444444444445,0.0,0.4444444444444445,1.0,0.0
武伯曰“然則彘也”,武伯 曰 ： “ 然 則 彘 也 。 ”,武伯曰“，。，。，，。然則彘也”，（）、，-:、。，,0.0,0.0,0.0,1.0,0.0
宋皇瑗之子麇有友曰田丙而奪其兄酁般邑以與之,宋 皇瑗 之 子 麇 有 友 曰 田丙 ， 而 奪 其 兄 酁般 邑 以 與 之 。,"：，""宋皇瑗之子麇有友曰田丙而奪其兄酁般邑以與之""。，。，。""""（），。""""，",0.0,0.6666666666666666,0.0,1.0,0.0
酁般慍而行告桓司馬之臣子儀克,酁般 慍 而 行 ， 告 桓司馬 之 臣 子儀克 。,"，。，。：- ""酁般""，（），。- ""慍而行告桓司馬之臣子儀克""，，。- ",0.1818181818181818,0.5,0.0,1.0,0.0909090909090909
子儀克適宋告夫人曰“麇將納桓氏”,子儀克 適 宋 ， 告 夫人 曰 ： “ 麇 將 納 桓氏 。 ”,，：子儀克適宋告夫人曰“麇將納桓氏”。，。。，，，。：- ,0.0,0.0,0.0,1.0,0.0
公問諸子仲,公 問 諸 子仲 。,公問諸子仲，。，。，，。，、,0.0,1.0,0.0,1.0,0.0
初子仲將以杞姒之子非我為子,初 ， 子仲 將 以 杞姒 之 子 非我 為 子 。,初 子仲 將  以 杞姒 之 子 非 我 為 子 ,0.8571428571428572,0.0,0.8571428571428572,1.0,0.0
麇曰“必立伯也是良材”,麇 曰 ： “ 必 立 伯 也 ， 是 良材 。 ”,，。，麇曰，。：“必立伯也是良材”。（）（），（）。,0.0,0.0,0.0,1.0,0.0
子仲怒弗從故對曰“右師則老矣不識麇也”,子仲 怒 ， 弗 從 ， 故 對 曰 ： “ 右師 則 老 矣 ， 不 識 麇 也 。 ”,子 仲 怒  弗 從  故 對 曰 “  右 師 則 老 矣  不 識麇  也  ” ,0.7428571428571428,0.0,0.7428571428571428,1.0,0.0
公執之,公 執 之 。,公執  之,0.4,0.0,0.4,1.0,0.0
皇瑗奔晉召之,皇瑗 奔 晉 ， 召 之 。,皇 瑗 奔 晉 召 之,0.7272727272727272,0.0,0.7272727272727272,1.0,0.0
哀公十八年春宋殺皇瑗,哀公 十八年 春 ， 宋 殺 皇瑗 。,哀公十八年春宋殺皇瑗，。，。，，。，，、，,0.0,0.6666666666666666,0.0,1.0,0.0
公聞其情復皇氏之族使皇緩為右師,公 聞 其 情 ， 復 皇氏 之 族 ， 使 皇緩 為 右師 。,公 聞 其 情復  皇 氏 之 族  使 皇 緩為  右 師 ,0.48000000000000004,0.0,0.48000000000000004,1.0,0.0
巴人伐楚圍鄾,巴人 伐 楚 ， 圍 鄾 。,巴人 伐 楚圍  鄾 。,0.6666666666666665,0.6666666666666666,0.6666666666666665,1.0,0.4444444444444443
初右司馬子國之卜也觀瞻曰“如志”,初 ， 右司馬子國 之 卜 也 ， 觀瞻 曰 ： “ 如志 。 ”,初 右司 馬 子國 之 卜 也 觀 瞻 曰 “ 如 志 ”,0.5833333333333334,0.0,0.5833333333333334,1.0,0.0
故命之,故 命 之 。,故 命 之,1.0,0.0,1.0,1.0,0.0
及巴師至將卜帥,及 巴師 至 ， 將 卜 帥 。,及 巴 師 至 將 卜 帥,0.7692307692307692,0.0,0.7692307692307692,1.0,0.0
王曰“寧如志何卜焉”,王 曰 ： “ 寧 如志 ， 何 卜 焉 ？ ”,王 曰 “ 寧  如  志  何  卜  焉 ”,0.8421052631578948,0.0,0.8421052631578948,1.0,0.0
使帥師而行,使 帥 師 而 行 。,使帥師而行，。，。，，。，，,0.0,1.0,0.0,1.0,0.0
請承王曰“寢尹工尹勤先君者也”,請 承 ， 王 曰 ： “ 寢尹 、 工尹 勤 先君 者 也 。 ”,請 承 王 曰 “寢  尹 工 尹 勤 先 君 者 也 ”,0.6153846153846153,0.0,0.6153846153846153,1.0,0.0
三月楚公孫寧吳由于薳固敗巴師于鄾故封子國於析,三月 ， 楚 公孫寧 、 吳由于 、 薳固 敗 巴師 于 鄾 ， 故 封 子國 於 析 。,三月 楚 公 孫 寧 吳由 于薳  固敗巴師于鄾 故 封 子 國 於 析 。,0.42857142857142855,0.33333333333333337,0.42857142857142855,1.0,0.14285714285714288
君子曰“惠王知志夏書曰‘官占唯能蔽志昆命于元龜’其是之謂乎志曰‘聖人不煩卜筮’惠王其有焉”,君子 曰 ： “ 惠王 知 志 。 夏書 曰 ： ‘ 官 占 唯 能 蔽 志 ， 昆 命 于 元龜 ’ ， 其 是 之 謂 乎 ！ 志 曰 ： ‘ 聖人 不 煩 卜筮 ’ ， 惠王 其 有 焉 。 ”,君 子 曰 “ 惠 王 知 志 夏 書 曰 ‘ 官 占 唯 能 蔽 志 昆 命于  元 龜 ’ 其 是 之 謂乎  志 曰 ‘ 聖 人 不 煩 卜 筮 ’ 惠 王 其 有 焉 ”,0.6666666666666666,0.0,0.6666666666666666,1.0,0.0
夏衛石圃逐其君起起奔齊,夏 ， 衛 石圃 逐 其 君 起 ， 起 奔 齊 。,，：夏衛石圃逐其君起起奔齊。，。，，。，，。,0.0,0.5,0.0,1.0,0.0
衛侯輒自齊復歸逐石圃而復石魋與大叔遺,衛侯輒 自 齊 復歸 ， 逐 石圃 ， 而 復 石魋 與 大叔遺 。,，。，。：- 衛侯：，，。- 輒自齊復歸逐石圃而復石魋與大叔遺：。，，,0.0,0.4,0.0,1.0,0.0
哀公十九年春越人侵楚以誤吳也,哀公 十九年 春 ， 越人 侵 楚 ， 以 誤 吳 也 。,哀公十九年春越人侵楚以誤吳也，。，。，，。，、，。，,0.0,0.5,0.0,1.0,0.0
夏楚公子慶公孫寬追越師至冥不及乃還,夏 ， 楚 公子慶 、 公孫寬 追 越師 ， 至 冥 ， 不 及 ， 乃 還 。,夏 楚 公子 慶公 孫寬  追 越 師 至 冥 不 及 乃 還,0.6923076923076924,0.0,0.6923076923076924,1.0,0.0
秋楚沈諸梁伐東夷三夷男女及楚師盟于敖,秋 ， 楚 沈諸梁 伐 東夷 ， 三夷 男女 及 楚師 盟 于 敖 。,，。：秋楚沈諸梁伐東夷三夷男女及楚師盟于敖。：，，，（），，（,0.0,0.5,0.0,1.0,0.0
冬叔青如京師敬王崩故也,冬 ， 叔青 如 京師 ， 敬王 崩 故 也 。,冬叔青，。，。，，。，如京師敬王崩故也、，。,0.0,0.4,0.0,1.0,0.0
哀公二十年春齊人來徵會,哀公 二十年 春 ， 齊人 來 徵會 。,，：哀公二十年春齊人來徵會。，。。，。，。：- ,0.0,0.6666666666666666,0.0,1.0,0.0
夏會于廩丘為鄭故謀伐晉,夏 ， 會 于 廩丘 ， 為 鄭 故 ， 謀 伐 晉 。,"，。，。：""夏""，，。""會""，。""于廩丘為鄭故謀伐晉""，，。""",0.0,0.28571428571428575,0.0,1.0,0.0
鄭人辭諸侯,鄭人 辭 諸侯 。,鄭人辭諸侯，。，。，，。，、,0.0,1.0,0.0,1.0,0.0
秋師還,秋 ， 師 還 。,秋 師 還 。,1.0,0.6666666666666666,1.0,1.0,0.6666666666666666
吳公子慶忌驟諫吳子曰“不改必亡”,吳 公子慶忌 驟 諫 吳子 曰 ： “ 不 改 ， 必 亡 。 ”,吳 公子 慶忌驟  諫 吳子 曰 “ 不 改 必亡  ”,0.6956521739130435,0.0,0.6956521739130435,1.0,0.0
弗聽,弗 聽 。,弗 聽,1.0,0.0,1.0,1.0,0.0
出居于艾遂適楚,出 居 于 艾 ， 遂 適 楚 。,出居，。于艾遂適楚，。，，。，、，,0.0,0.5,0.0,1.0,0.0
聞越將伐吳冬請歸平越遂歸,聞 越 將 伐 吳 ， 冬 ， 請 歸 平越 ， 遂 歸 。,"：，""聞越將伐吳冬請歸平越遂歸""。，。。""""（），。""""（",0.0,0.4,0.0,1.0,0.0
欲除不忠者以說于越,欲 除 不忠 者 以 說 于 越 。,欲 除 不 忠 者  以 說  于 越 ,0.823529411764706,0.0,0.823529411764706,1.0,0.0
吳人殺之,吳人 殺 之 。,，：吳人殺之。，。。，。，。？,0.0,1.0,0.0,1.0,0.0
十一月越圍吳趙孟降於喪食,十一月 ， 越 圍 吳 ， 趙孟 降 於 喪食 。,，：十一月越圍吳趙孟降於喪食。，。。，。，。：- ,0.0,0.5,0.0,1.0,0.0
楚隆曰“三年之喪親昵之極也主又降之無乃有故乎”,楚隆 曰 ： “ 三 年 之 喪 ， 親昵 之 極 也 ， 主 又 降 之 ， 無乃 有故 乎 ？ ”,"楚隆曰 “三年之喪  親昵之極也 主又降之 無乃有故乎” """,0.0,0.0,0.0,1.0,0.0
趙孟曰“黃池之役先主與吳王有質曰‘好惡同之’今越圍吳嗣子不廢舊業而敵之非晉之所能及也吾是以為降”,趙孟 曰 ： “ 黃池 之 役 ， 先主 與 吳王 有 質 ， 曰 ： ‘ 好 惡 同 之 。 ’ 今 越 圍 吳 ， 嗣子 不 廢 舊業 而 敵 之 ， 非 晉 之 所 能 及 也 ， 吾 是以 為 降 。 ”,趙 孟 曰 “ 黃池 之 役 先 主 與 吳 王 有 質 曰 ‘ 好 惡 同 之 ’ 今 越圍  吳 嗣 子 不廢舊業    而 敵 之 非 晉 之 所 能 及 也 吾 是 以 為 降 ”,0.7380952380952381,0.0,0.7380952380952381,1.0,0.0
楚隆曰“若使吳王知之若何”,楚隆 曰 ： “ 若 使 吳王 知 之 ， 若何 ？ ”,"：，""楚隆曰“若使吳王知之若何”""。，（）。，，。：- ，",0.0,0.0,0.0,1.0,0.0
趙孟曰“可乎”,趙孟 曰 ： “ 可 乎 ？ ”,，：趙孟曰“可乎”。，。，，，。：- ，,0.0,0.0,0.0,1.0,0.0
隆曰“請嘗之”,隆 曰 ： “ 請 嘗 之 。 ”,隆 曰 “ 請 嘗 之 ”,1.0,0.0,1.0,1.0,0.0
乃往先造于越軍曰“吳犯間上國多矣聞君親討焉諸夏之人莫不欣喜唯恐君志之不從請入視之”,乃 往 ， 先 造 于 越軍 ， 曰 ： “ 吳 犯間 上國 多 矣 ， 聞 君 親 討 焉 ， 諸夏 之 人 莫 不 欣喜 ， 唯 恐 君 志 之 不 從 ， 請 入 視 之 。 ”,乃 往 先 造 于 越 軍 曰 “ 吳 犯 間 上 國 多 矣 聞 君 親討  焉 諸 夏 之 人 莫 不 欣 喜 唯恐  君 志 之 不 從 請 入 視 之 ”,0.7199999999999999,0.0,0.7199999999999999,1.0,0.0
許之,許 之 。,許 之 。,1.0,1.0,1.0,1.0,1.0
告于吳王曰“寡君之老無恤使陪臣隆敢展謝其不共黃池之役君之先臣志父得承齊盟曰‘好惡同之’今君在難無恤不敢憚勞非晉國之所能及也使陪臣敢展布之”,告 于 吳王 曰 ： “ 寡君 之 老 無恤 使 陪臣 隆 ， 敢 展謝 其 不共 ： 黃池 之 役 ， 君 之 先臣 志父 得 承 齊盟 ， 曰 ‘ 好 惡 同 之 ’ 。 今 君 在 難 ， 無恤 不 敢 憚勞 ， 非 晉國 之 所 能 及 也 ， 使 陪臣 敢 展布 之 。 ”,告 于 吳 王 曰 “ 寡 君 之 老 無 恤 使 陪 臣 隆 敢 展 謝 其 不 共 黃 池 之役  君 之 先 臣 志 父 得 承 齊 盟 曰 ‘ 好 惡 同 之 ’ 今 君 在 難 無 恤 不 敢憚勞   非 晉 國 之 所 能 及 也 使 陪 臣 敢 展 布 之 ”,0.6,0.0,0.6,1.0,0.0
王拜稽首曰“寡人不佞不能事越以為大夫憂拜命之辱”,王 拜 稽首 曰 ： “ 寡人 不佞 ， 不 能 事 越 ， 以 為 大夫 憂 ， 拜命 之 辱 。 ”,王 拜 稽首 曰 “ 寡人 不 佞 不能 事 越以為  大夫 憂 拜 命 之辱  ”,0.5555555555555555,0.0,0.5555555555555555,1.0,0.0
與之一簞珠使問趙孟曰“句踐將生憂寡人寡人死之不得矣”,與 之 一 簞 珠 ， 使 問 趙孟 曰 ： “ 句踐 將 生憂 寡人 ， 寡人 死 之 不 得 矣 。 ”,"，。，""與之一簞珠使問趙孟曰“""，（）。：""句踐將生憂寡人寡人死之不得矣”""。""""""""，，",0.0,0.0,0.0,1.0,0.0
王曰“溺人必笑吾將有問也史黯何以得為君子”,王 曰 ： “ 溺人 必 笑 ， 吾 將 有 問 也 。 史黯 何 以 得 為 君子 ？ ”,王 曰 “ 溺 人 必 笑 吾 將 有 問 也 史 黯 何 以 得 為 君子 ”,0.8421052631578948,0.0,0.8421052631578948,1.0,0.0
對曰“黯也進不見惡退無謗言”,對 曰 ： “ 黯 也 進 不 見惡 ， 退 無 謗言 。 ”,對 曰 “ 黯 也進  不 見 惡 退 無謗  言 ”,0.5833333333333334,0.0,0.5833333333333334,1.0,0.0
王曰“宜哉”,王 曰 ： “ 宜 哉 ！ ”,王 曰 “ 宜 哉 ”,1.0,0.0,1.0,1.0,0.0
哀公二十一年夏五月越人始來,哀公 二十一年 夏 ， 五月 ， 越人 始 來 。,哀公二十，。：一年夏五月越人始來，。 ，，。：。。，,0.0,0.4,0.0,1.0,0.0
秋八月公及齊侯邾子盟于顧,秋 ， 八月 ， 公 及 齊侯 、 邾子 盟 于 顧 。,秋 八月 公 及 齊侯 邾子 盟 于 顧,1.0,0.0,1.0,1.0,0.0
齊人責稽首因歌之曰“魯人之皋憂不覺使我高蹈唯其儒書以為二國憂”,齊人 責 稽首 ， 因 歌 之 曰 ： “ 魯人 之 皋 ， 憂 不 覺 ， 使 我 高蹈 。 唯 其 儒書 ， 以 為 二 國 憂 。 ”,，。，。齊人責稽首，（），因歌之曰：“魯人之皋憂不覺使我高蹈唯其儒書以為二國憂”。，，,0.0,0.4,0.0,1.0,0.0
是行也公先至于陽穀,是 行 也 ， 公 先 至 于 陽穀 。,是 行 也 公 先 至 于陽  穀 。,0.75,0.6666666666666666,0.75,1.0,0.5
齊閭丘息曰“君辱舉玉趾以在寡君之軍群臣將傳遽以告寡君比其復也君無乃勤為仆人之未次請除館於舟道”,齊 閭丘息 曰 ： “ 君 辱舉 玉趾 ， 以 在 寡君 之 軍 ， 群 臣 將 傳遽 以 告 寡君 。 比 其 復 也 ， 君 無乃 勤 。 為 仆人 之 未 次 ， 請 除 館 於 舟道 。 ”,，。，齊閭丘息曰，。：“君辱舉玉趾以在寡君之軍，，，，。群臣將傳遽以告寡君，。比其復也，君無乃勤為仆人之未次請除館於舟道”,0.0,0.3333333333333333,0.0,1.0,0.0
辭曰“敢勤仆人”,辭 曰 ： “ 敢 勤 仆人 ？ ”,辭 曰 “ 敢 勤 仆人 ”,1.0,0.0,1.0,1.0,0.0
哀公二十二年夏四月邾隱公自齊奔越曰“吳為無道執父立子”,哀公 二十二年 夏 ， 四月 ， 邾隱公 自 齊 奔 越 ， 曰 ： “ 吳 為 無道 ， 執 父 立 子 。 ”,哀公  二十二年  夏  四月  邾  隱公  自  齊  奔  越  曰  “  吳為    無道執    父  立  子  ”  。,0.7567567567567567,0.0,0.7567567567567567,1.0,0.0
越人歸之太子革奔越,越人 歸 之 ， 太子革 奔 越 。,，。：越人歸之太子革奔越。，，，，。,0.0,0.6666666666666666,0.0,1.0,0.0
冬十一月丁卯越滅吳請使吳王居甬東,冬 ， 十一月丁卯 ， 越 滅 吳 ， 請 使 吳王 居 甬東 。,"，。，。：- ""冬十一月丁卯""，（），。- ""越滅吳請使吳王居甬東""""""，""""",0.0,0.0,0.0,1.0,0.0
辭曰“孤老矣焉能事君”,辭 曰 ： “ 孤 老 矣 ， 焉 能 事 君 ？ ”,，。，。：辭曰，，，。：“孤老矣焉能事君”,0.0,0.0,0.0,1.0,0.0
乃縊,乃 縊 。,乃 縊,1.0,0.0,1.0,1.0,0.0
越人以歸,越人 以 歸 。,越人以歸，。，。，，。，、,0.0,1.0,0.0,1.0,0.0
哀公二十三年春宋景曹卒,哀公 二十三年 春 ， 宋景曹 卒 。,，：哀公二十三年春宋景曹卒。，。。，。，。？,0.0,0.6666666666666666,0.0,1.0,0.0
季康子使冉有吊且送葬曰“敝邑有社稷之事使肥與有職競焉是以不得助執紼使求從輿人曰‘以肥之得備彌甥也有不腆先人之產馬使求薦諸夫人之宰其可以稱旌繁乎’”,季康子 使 冉有 吊 ， 且 送葬 ， 曰 ： “ 敝邑 有 社稷 之 事 ， 使 肥 與 有 職競 焉 ， 是以 不 得 助 執紼 ， 使 求 從 輿人 ， 曰 ： ‘ 以 肥 之 得 備 彌 甥 也 ， 有 不腆 先人 之 產馬 ， 使 求 薦 諸 夫人 之 宰 ， 其 可以 稱 旌繁 乎 ！ ’ ”,季康子使    冉有  吊  且  送  葬  曰  “  敝邑有    社稷  之  事使    肥  與有    職  競  焉  是以  不得  助執  紼使    求  從  輿人  曰  ‘  以  肥  之  得備彌      甥  也有    不腆    先人  之  產  馬使    求  薦諸    夫人之宰其可以稱旌繁乎’”,0.4742268041237113,0.0,0.4742268041237113,1.0,0.0
夏六月晉荀瑤伐齊高無丕帥師禦之,夏 ， 六月 ， 晉 荀瑤 伐 齊 ， 高無丕 帥 師 禦 之 。,，。，《》。：- 夏六月：，，，。- 晉荀瑤伐齊高無丕帥師禦之：，,0.0,0.0,0.0,1.0,0.0
知伯視齊師馬駭遂驅之曰“齊人知餘旗其謂余畏而反也”,知伯 視 齊師 ， 馬 駭 ， 遂 驅 之 ， 曰 ： “ 齊人 知 餘 旗 ， 其 謂 余 畏 而 反 也 。 ”,，。，知伯。：- ，（），。- 視，，。- 齊師馬駭遂驅之曰，，，“齊人知餘旗其謂余畏而反也”,0.16,0.0,0.0,1.0,0.0
及壘而還,及 壘 而 還 。,及 壘 而 還,1.0,0.0,1.0,1.0,0.0
將戰長武子請卜,將 戰 ， 長武子 請 卜 。,將戰  長 武子 請 卜 。,0.4000000000000001,0.6666666666666666,0.4000000000000001,1.0,0.2666666666666667
知伯曰“君告於天子而卜之以守龜於宗祧吉矣吾又何卜焉且齊人取我英丘君命瑤非敢耀武也治英丘也以辭伐罪足矣何必卜”,知伯 曰 ： “ 君 告 於 天子 ， 而 卜 之 以 守龜 於 宗祧 ， 吉 矣 ， 吾 又 何 卜 焉 ？ 且 齊人 取 我 英丘 ， 君 命 瑤 ， 非 敢 耀武 也 ， 治 英丘 也 。 以 辭 伐 罪 足 矣 ， 何必 卜 ？ ”,知伯  曰  “  君  告  於  天子  而  卜  之  以  守  龜  於  宗祧  吉  矣  吾  又  何  卜  焉  且  齊  人  取  我  英丘  君  命  瑤  非  敢耀    武  也  治  英丘  也  以  辭伐罪足矣何必卜”    ,0.776470588235294,0.0,0.776470588235294,1.0,0.0
壬辰戰于犁丘齊師敗績,壬辰 ， 戰 于 犁丘 ， 齊師 敗績 。,，：壬辰戰于犁丘齊師敗績。，。。，，，。,0.0,0.5,0.0,1.0,0.0
知伯親禽顏庚,知伯 親 禽 顏庚 。,知伯親禽顏庚，。，。，，。，、，,0.0,1.0,0.0,1.0,0.0
秋八月叔青如越始使越也,秋 ， 八月 ， 叔青 如 越 ， 始 使 越 也 。,秋八月叔青，。，。，，。，如越始使越也、，。,0.0,0.3333333333333333,0.0,1.0,0.0
越諸鞅來聘報叔青也,越 諸鞅 來 聘 ， 報 叔青 也 。,，。，。：- 越（），。- 諸鞅來聘報叔青也，，，。,0.22222222222222224,0.5,0.0,1.0,0.11111111111111112
哀公二十四年夏四月晉侯將伐齊使來乞師曰“昔臧文仲以楚師伐齊取穀宣叔以晉師伐齊取汶陽寡君欲徼福於周公愿乞靈於臧氏”,哀公 二十四年 夏 ， 四月 ， 晉侯 將 伐 齊 ， 使 來 乞師 ， 曰 ： “ 昔 臧文仲 以 楚師 伐 齊 ， 取 穀 ； 宣叔 以 晉師 伐 齊 ， 取 汶陽 。 寡君 欲 徼福 於 周公 ， 愿 乞靈 於 臧氏 。 ”,哀公二十  四年  夏  四月  晉侯  將  伐  齊  使  來  乞  師  曰  “  昔  臧文仲  以  楚師  伐  齊  取  穀  宣叔  以  晉師  伐  齊  取  汶陽  寡君  欲徼    福  於  周公  愿  乞靈    於  臧氏”,0.8157894736842104,0.0,0.8157894736842104,1.0,0.0
臧石帥師會之取廩丘,臧石 帥 師 會 之 ， 取 廩丘 。,"，。""臧石帥師會之取廩丘""，。：- """"，（），。- """"""""",0.0,0.6666666666666666,0.0,1.0,0.0
軍吏令繕將進,軍吏 令 繕 ， 將 進 。,軍吏令繕將進,0.0,0.0,0.0,1.0,0.0
萊章曰“君卑政暴往歲克敵今又勝都天奉多矣又焉能進是躗言也役將班矣”,萊章 曰 ： “ 君 卑 政 暴 ， 往歲 克敵 ， 今 又 勝 都 ， 天 奉 多 矣 ， 又 焉 能 進 ？ 是 躗言 也 。 役 將 班 矣 。 ”,萊章 曰 “ 君 卑 政 暴 往歲  克 敵 今 又勝  都 天 奉 多 矣 又 焉 能 進 是 躗 言 也 役 將 班 矣 ”,0.847457627118644,0.0,0.847457627118644,1.0,0.0
晉師乃還,晉師 乃 還 。,晉師乃還，。，。，，。，、,0.0,1.0,0.0,1.0,0.0
餼臧石牛大史謝之曰“以寡君之在行牢禮不度敢展謝之”,餼 臧石 牛 ， 大史 謝 之 ， 曰 ： “ 以 寡君 之 在 行 ， 牢禮 不 度 ， 敢 展謝 之 。 ”,"，。，。：- ""餼臧石牛""，（），。- ""大史""，，，。- ""謝之曰“以寡君之在行牢禮不度敢展謝之”""，",0.08695652173913045,0.0,0.0,1.0,0.0
邾子又無道越人執之以歸而立公子何,邾子 又 無道 ， 越人 執 之 以 歸 ， 而 立 公子何 。,邾子  又  無道  越人執    之  以歸    而  立  公子  何  。,0.5714285714285713,0.5,0.5714285714285713,1.0,0.28571428571428564
何亦無道,何 亦 無道 。,，：何亦無道。，。，，，。，、、、,0.0,1.0,0.0,1.0,0.0
公子荊之母嬖將以為夫人使宗人釁夏獻其禮,公子荊 之 母 嬖 ， 將 以 為 夫人 ， 使 宗人 釁夏 獻 其 禮 。,，。，。：公子荊之母嬖將以為夫人使宗人釁夏獻其禮。，。。，，,0.0,0.5,0.0,1.0,0.0
對曰“無之”,對 曰 ： “ 無 之 。 ”,對 曰 “ 無 之 ”,1.0,0.0,1.0,1.0,0.0
公怒曰“女為宗司立夫人國之大禮也何故無之”,公 怒 曰 ： “ 女 為 宗司 ， 立 夫人 ， 國 之 大禮 也 ， 何 故 無 之 ？ ”,公 怒 曰 “ 女 為 宗 司 立 夫人 國 之 大 禮 也 何 故 無 之 ”,0.8421052631578948,0.0,0.8421052631578948,1.0,0.0
對曰“周公及武公娶於薛孝惠娶於商自桓以下娶於齊此禮也則有若以妾為夫人則固無其禮也”,對 曰 ： “ 周公 及 武公 娶 於 薛 ， 孝 、 惠 娶 於 商 ， 自 桓 以下 娶 於 齊 ， 此 禮 也 則 有 。 若 以 妾 為 夫人 ， 則 固 無 其 禮 也 。 ”,對 曰 “ 周公 及 武公娶於   薛 孝 惠娶於   商 自 桓 以 下娶於   齊 此禮  也 則 有 若 以妾為   夫人 則 固 無 其禮  也 ”,0.6461538461538462,0.0,0.6461538461538462,1.0,0.0
公卒立之而以荊為太子國人始惡之,公 卒 立 之 ， 而 以 荊 為 太子 ， 國人 始 惡 之 。,公 卒 立 之 而  以  荊 為 太子 國人 始 惡 之  。,1.0,0.5,1.0,1.0,0.5
閏月公如越得太子適郢將妻公而多與之地,閏月 ， 公 如 越 ， 得 太子適郢 ， 將 妻 公 而 多 與 之 地 。,，。，。：- 閏月：，。，。- 公：（如越得太子適郢將妻公而多與之地），。- ：，,0.125,0.28571428571428575,0.0,1.0,0.03571428571428572
公孫有山使告于季孫,公孫有山 使 告 于 季孫 。,公 孫 有 山  使 告  于 季 孫 ,0.42857142857142855,0.0,0.42857142857142855,1.0,0.0
季孫懼使因大宰嚭而納賂焉乃止,季孫 懼 ， 使 因 大宰嚭 而 納賂 焉 ， 乃 止 。,季 孫 懼  使 因 大宰嚭 而 納 賂 焉  乃 止 ,0.7272727272727272,0.0,0.7272727272727272,1.0,0.0
哀公二十五年夏五月庚辰衛侯出奔宋,哀公 二十五年 夏 ， 五月庚辰 ， 衛侯 出奔 宋 。,，。，《》。哀公二十五年夏五月庚辰衛侯出奔宋，：（）。，。,0.0,0.5,0.0,1.0,0.0
衛侯為靈臺于藉圃與諸大夫飲酒焉褚師聲子而登席公怒,衛侯 為 靈臺 于 藉圃 ， 與 諸 大夫 飲酒 焉 ， 褚師聲子 而 登席 ， 公 怒 。,，。，，，。。，。，。：衛侯為靈臺于藉圃與諸大夫飲酒焉褚師聲子而登席公怒（,0.0,0.0,0.0,1.0,0.0
辭曰“臣有疾異於人若見之君將之是以不敢”,辭 曰 ： “ 臣 有 疾 ， 異 於 人 ； 若 見 之 ， 君 將  之 ， 是以 不 敢 。 ”,辭 曰 “ 臣  有  疾  異  於  人  若  見  之  君  將    之  是  以  不  敢 ”,0.9268292682926829,0.0,0.9268292682926829,1.0,0.0
公愈怒,公 愈 怒 。,公 愈 怒 。,1.0,1.0,1.0,1.0,1.0
大夫辭之不可,大夫 辭 之 ， 不 可 。,大夫辭之不可，。，。，，。，、，,0.0,0.6666666666666666,0.0,1.0,0.0
褚師出,褚師 出 。,褚 師 出,0.4,0.0,0.4,1.0,0.0
公戟其手曰“必斷而足”,公 戟 其 手 ， 曰 ： “ 必 斷 而 足 ！ ”,公 戟 其 手 曰 “ 必 斷 而 足 ”,1.0,0.0,1.0,1.0,0.0
聞之,聞 之 。,聞 之,1.0,0.0,1.0,1.0,0.0
褚師與司冠亥乘曰“今日幸而後亡”,褚師 與 司冠亥 乘 ， 曰 ： “ 今日 幸 而後 亡 。 ”,，。，。：- 褚師：，，。- 與：，，。- 司冠亥乘曰“今日幸而後亡”,0.28571428571428575,0.0,0.0,1.0,0.0
公之入也奪南氏邑而奪司寇亥政,公 之 入 也 ， 奪 南氏 邑 ， 而 奪 司寇亥 政 。,公 之 入 也奪    南 氏 邑 而奪    司 寇 亥 政 ,0.43478260869565216,0.0,0.43478260869565216,1.0,0.0
公使侍人納公文懿子之車于池,公 使 侍人 納 公文懿子 之 車 于 池 。,，。：公使侍人納公文懿子之車于池。，。：- ，，，。- ,0.0,1.0,0.0,1.0,0.0
初衛人翦夏丁氏以其帑賜彭封彌子,初 ， 衛人 翦 夏丁氏 ， 以 其 帑 賜 彭封彌子 。,，。，。：- 初：，，。- 衛人：，，。- 翦夏丁氏以其帑賜彭封彌子：，,0.3333333333333333,0.0,0.0,1.0,0.0
彌子飲公酒納夏戊之女嬖以為夫人,彌子 飲 公 酒 ， 納 夏戊 之 女 ， 嬖 ， 以 為 夫人 。,，。，。：彌子飲公酒納夏戊之女嬖以為夫人。，。，。。,0.0,0.4,0.0,1.0,0.0
其弟期大叔疾之從孫甥也少畜於公以為司徒,其 弟 期 ， 大叔疾 之 從 孫甥 也 ， 少 畜 於 公 ， 以 為 司徒 。,其 弟 期 大 叔 疾 之 從 孫 甥 也 少 畜 於 公 以 為 司徒  ,0.7878787878787877,0.0,0.7878787878787877,1.0,0.0
夫人寵衰期得罪,夫人 寵 衰 ， 期 得罪 。,夫人寵衰期得罪。,0.0,0.6666666666666666,0.0,1.0,0.0
公使三匠久,公 使 三 匠 久 。,公使三匠久，。，。，，。，、,0.0,1.0,0.0,1.0,0.0
公使優狡盟拳彌而甚近信之,公 使 優狡 盟 拳彌 ， 而 甚 近信 之 。,，：公使優狡盟拳彌而甚近信之。，。：- ：，，。- ：，,0.0,0.6666666666666666,0.0,1.0,0.0
故褚師比公孫彌牟公文要司寇亥司徒期因三匠與拳彌以作亂皆執利兵無者執斤,故 褚師比 、 公孫彌牟 、 公文要 、 司寇亥 、 司徒期 因 三 匠 與 拳彌 以 作亂 ， 皆 執 利兵 ， 無 者 執 斤 。,故 褚 師 比 公 孫 彌 牟 公 文 要 司 寇 亥 司 徒 期 因 三 匠 與 拳 彌 以 作 亂 皆執  利 兵 無 者執  斤,0.3076923076923077,0.0,0.3076923076923077,1.0,0.0
使拳彌入于公宮而自太子疾之宮噪以攻公,使 拳彌 入 于 公宮 ， 而 自 太子疾 之 宮 噪 以 攻 公 。,使 拳彌 入 于 公 宮 而 自 太子 疾 之 宮噪  以 攻 公,0.689655172413793,0.0,0.689655172413793,1.0,0.0
鄄子士請禦之彌援其手曰“子則勇矣將若君何不見先君乎君何所不逞欲且君嘗在外矣豈必不反當今不可眾怒難犯休而易間也”,鄄子士 請 禦 之 ， 彌 援 其 手 ， 曰 ： “ 子 則 勇 矣 ， 將 若 君 何 ？ 不 見 先君 乎 ？ 君 何所 不 逞欲 ？ 且 君 嘗 在 外 矣 ， 豈 必 不 反 ？ 當 今 不 可 ， 眾 怒 難 犯 。 休 而 易 間 也 。 ”,鄄子 士 請 禦 之 彌 援 其 手 曰 “ 子 則 勇 矣 將 若 君 何 不 見 先 君 乎 君 何 所 不 逞 欲 且 君 嘗 在 外 矣 豈 必 不 反 當 今 不 可 眾 怒 難 犯 休 而 易 間 也 ”,0.8846153846153846,0.0,0.8846153846153846,1.0,0.0
乃出,乃 出 。,乃 出,1.0,0.0,1.0,1.0,0.0
將適蒲彌曰“晉無信不可”,將 適 蒲 ， 彌 曰 ： “ 晉 無信 ， 不 可 。 ”,，：將適蒲彌曰“晉無信不可”。，。。，。，。：- ,0.0,0.0,0.0,1.0,0.0
將適鄄彌曰“齊晉爭我不可”,將 適 鄄 ， 彌 曰 ： “ 齊 、 晉 爭 我 ， 不可 。 ”,將 適鄄  彌 曰 “ 齊 晉 爭 我 不 可 ”,0.75,0.0,0.75,1.0,0.0
將適泠彌曰“魯不足與請適城鉏以鉤越越有君”,將 適 泠 ， 彌 曰 ： “ 魯 不 足 與 。 請 適 城鉏 ， 以 鉤越 。 越 有 君 。 ”,將 適泠 彌 曰 “ 魯 不足 與 請 適 城鉏 以 鉤 越 越 有 君 ”,0.7567567567567567,0.0,0.7567567567567567,1.0,0.0
乃適城鉏,乃 適 城鉏 。,乃 適 城鉏,1.0,0.0,1.0,1.0,0.0
彌曰“衛盜不可知也請速自我始”,彌 曰 ： “ 衛 盜 不 可 知 也 ， 請 速 ， 自 我 始 。 ”,彌 曰 “衛  盜 不 可 知 也 請 速 自 我 始 ”,0.896551724137931,0.0,0.896551724137931,1.0,0.0
乃載寶以歸,乃 載 寶 以 歸 。,乃 載 寶 以歸  ,0.6666666666666665,0.0,0.6666666666666665,1.0,0.0
公為支離之卒因祝史揮以侵衛,公 為 支離 之 卒 ， 因 祝史揮 以 侵 衛 。,公 為 支離 之 卒 因  祝 史揮  以 侵衛 ,0.7,0.0,0.7,1.0,0.0
衛人病之,衛人 病 之 。,衛人病之，。，。，，。，、,0.0,1.0,0.0,1.0,0.0
懿子知之見子之請逐揮,懿子 知 之 ， 見 子 之 ， 請 逐 揮 。,"，。，。：""懿子""，（），""知之""。""見""，""子之""（），""請逐揮",0.0,0.28571428571428575,0.0,1.0,0.0
文子曰“無罪”,文子 曰 ： “ 無罪 。 ”,文子曰“無罪”，。，。，，。，、，,0.0,0.0,0.0,1.0,0.0
懿子曰“彼好專利而妄夫見君之入也將先道焉若逐之必出於南門而適君所夫越新得諸侯將必請師焉”,懿子 曰 ： “ 彼 好 專利 而 妄 ， 夫 見 君 之 入 也 ， 將 先 道 焉 。 若 逐 之 ， 必 出 於 南門 ， 而 適 君 所 。 夫 越 新 得 諸侯 ， 將 必 請 師 焉 。 ”,懿子  曰  “  彼  好  專  利  而  妄  夫  見  君  之  入  也  將  先  道  焉  若  逐  之  必  出  於  南  門  而  適  君  所  夫  越  新  得  諸侯  將  必  請師焉”,0.8607594936708861,0.0,0.8607594936708861,1.0,0.0
揮在朝使吏遣諸其室,揮 在 朝 ， 使 吏 遣 諸 其 室 。,揮 在 朝 使 吏 遣 諸 其 室,1.0,0.0,1.0,1.0,0.0
揮出信弗內,揮 出 ， 信 ， 弗 內 。,，。，。：揮出信弗內。，，。,0.0,0.5,0.0,1.0,0.0
五日乃館諸外里遂有寵使如越請師,五 日 ， 乃 館 諸 外里 ， 遂 有 寵 ， 使 如 越 請 師 。,"，。，。：- ""五日""，（），。- ""乃館諸外""，，，""""""""。里遂有寵使如越請師",0.0,0.0,0.0,1.0,0.0
六月公至自越季庚子孟武伯逆於五梧,六月 ， 公 至 自 越 ， 季庚子 、 孟武伯 逆 於 五梧 。,六月 公 至 自 越 季 庚子 孟武伯 逆 於 五梧,0.8571428571428572,0.0,0.8571428571428572,1.0,0.0
郭重仆見二子曰“惡言多矣君請盡之”,郭重 仆 ， 見 二 子 ， 曰 ： “ 惡言 多 矣 ， 君 請 盡 之 。 ”,郭重仆見二子曰“惡言多矣君請盡之”。,0.0,0.0,0.0,1.0,0.0
公宴於五梧武伯為祝惡郭重曰“何肥也”,公 宴 於 五梧 ， 武伯 為 祝 ， 惡 郭重 ， 曰 ： “ 何 肥 也 ？ ”,公 宴 於 五 梧 武伯 為 祝 惡 郭重 曰 “ 何 肥 也 ”,0.9032258064516129,0.0,0.9032258064516129,1.0,0.0
季孫曰“請飲彘也以魯國之密邇仇讎臣是以不獲從君克免於大行又謂重也肥”,季孫 曰 ： “ 請 飲 彘 也 ！ 以 魯國 之 密邇 仇讎 ， 臣 是以 不 獲 從 君 ， 克 免 於 大行 ， 又 謂 重 也 肥 。 ”,季 孫 曰 “ 請 飲彘  也  以 魯 國 之 密邇  仇 讎 臣  是 以 不獲  從 君 克 免 於 大 行  又 謂 重 也 肥 ” ,0.6440677966101694,0.0,0.6440677966101694,1.0,0.0
公曰“是食言多矣能無肥乎”,公 曰 ： “ 是 食言 多 矣 ， 能 無 肥 乎 ？ ”,公 曰 “ 是 食 言 多 矣 能 無 肥 乎 ”,0.8799999999999999,0.0,0.8799999999999999,1.0,0.0
飲酒不樂公與大夫始有惡,飲酒 不 樂 ， 公 與 大夫 始 有 惡 。,飲酒  不  樂  公  與  大夫  始  有  惡  。,1.0,0.6666666666666666,1.0,1.0,0.6666666666666666
哀公二十六年夏五月叔孫舒帥師會越皋如舌庸宋樂筏納衛侯文子欲納之,哀公 二十六年 夏 ， 五月 ， 叔孫舒 帥 師 會 越皋如 、 舌庸 、 宋 樂筏 納 衛侯 ， 文子 欲 納 之 。,，。，。：哀公二十六年夏五月叔孫舒帥師會越皋如舌庸宋樂筏納衛侯文子欲納之。，《》。。，。：、,0.0,0.2857142857142857,0.0,1.0,0.0
懿子曰“君愎而虐少待之必毒於民乃睦於子矣”,懿子 曰 ： “ 君 愎 而 虐 ， 少 待 之 ， 必 毒 於 民 ， 乃 睦 於 子 矣 。 ”,懿子  曰  “  君愎    而  虐  少  待  之  必  毒  於  民  乃  睦  於  子  矣  ”  ？  。,0.9230769230769231,0.0,0.9230769230769231,1.0,0.0
師侵外州大獲,師 侵 外州 ， 大 獲 。,師侵外州大獲，。，。，，。，、，,0.0,0.6666666666666666,0.0,1.0,0.0
出禦之大敗,出 禦 之 ， 大敗 。,出禦之大敗，。，。，，。，、，,0.0,0.6666666666666666,0.0,1.0,0.0
掘褚師定子之墓焚之于平莊之上,掘 褚師定子 之 墓 ， 焚 之 于 平莊 之 上 。,"：，""掘褚師定子之墓焚之于平莊之上""。，。。""""，。，，",0.0,0.6666666666666666,0.0,1.0,0.0
文子使王孫齊私於皋如曰“子將大滅衛乎抑納君而已乎”,文子 使 王孫齊 私 於 皋如 ， 曰 ： “ 子 將 大 滅 衛 乎 ？ 抑 納 君 而已 乎 ？ ”,文子  使  王孫齊  私  於  皋如  曰  “  子  將  大  滅衛    乎  抑  納  君  而  已  乎  ”  。,0.85,0.0,0.85,1.0,0.0
皋如曰“寡君之命無他納衛君而已”,皋如 曰 ： “ 寡君 之 命 無 他 ， 納 衛君 而已 。 ”,皋如  曰  “  寡君  之  命  無  他  納衛    君  而  已  ”  ？  。,0.7199999999999999,0.0,0.7199999999999999,1.0,0.0
文子致眾而問焉曰“君以蠻夷伐國國幾亡矣請納之”,文子 致 眾 而 問 焉 ， 曰 ： “ 君 以 蠻夷 伐 國 ， 國 幾 亡 矣 ， 請 納 之 。 ”,文子 致 眾 而 問 焉 曰 “ 君  以 蠻夷 伐 國  國 幾 亡 矣  請 納 之 ”,1.0,0.0,1.0,1.0,0.0
眾曰“勿納”,眾 曰 ： “ 勿 納 。 ”,眾 曰 “ 勿 納 ”,1.0,0.0,1.0,1.0,0.0
曰“彌牟亡而有益請自北門出”,曰 ： “ 彌牟 亡 而 有益 ， 請 自 北門 出 。 ”,曰 “ 彌牟 亡 而 有 益 請 自 北 門 出 ”,0.7500000000000001,0.0,0.7500000000000001,1.0,0.0
眾曰“勿出”,眾 曰 ： “ 勿 出 。 ”,，：眾曰“勿出”。，。。，，。：- ,0.0,0.0,0.0,1.0,0.0
重賂越人申開守陴而納公公不敢入,重賂 越人 ， 申 開 守陴 而 納 公 ， 公 不 敢 入 。,重賂  越人  申  開  守陴  而  納  公  公  不  敢  入  。,1.0,0.5,1.0,1.0,0.5
師還,師 還 。,師 還,1.0,0.0,1.0,1.0,0.0
立悼公南氏相之,立 悼公 ， 南氏 相 之 。,立 悼公 南氏 相 之,1.0,0.0,1.0,1.0,0.0
以城鉏與越人,以 城鉏 與 越人 。,以 城鉏 與 越人,1.0,0.0,1.0,1.0,0.0
公曰“期則為此”,公 曰 ： “ 期 則 為 此 。 ”,公 曰 “ 期 則 為 此 ”,1.0,0.0,1.0,1.0,0.0
令茍有怨於夫人者報之,令 茍 有怨 於 夫人 者 報 之 。,令茍   有 怨 於 夫人 者 報 之 ,0.625,0.0,0.625,1.0,0.0
司徒期聘於越公攻而奪之幣,司徒期 聘 於 越 ， 公 攻 而 奪 之 幣 。,，：司徒期聘於越公攻而奪之幣。，。。，。，。，，,0.0,0.6666666666666666,0.0,1.0,0.0
期告王王命取之期以眾取之,期 告 王 ， 王 命 取 之 ， 期 以 眾 取 之 。,"：，""期告王王命取之期以眾取之""。，。，：（""""），（""",0.0,0.5,0.0,1.0,0.0
公怒殺期之甥之為太子者遂卒于越,公 怒 ， 殺 期 之 甥 之 為 太子 者 ， 遂 卒 于 越 。,公 怒 殺 期 之 甥 之 為 太子 者 遂 卒 于 越 。,1.0,0.5,1.0,1.0,0.5
宋景公無子取公孫周之子得與啟畜諸公宮未有立焉,宋景公 無 子 ， 取 公孫周 之 子 得與啟 畜 諸 公宮 ， 未 有 立 焉 。,，。，。：宋景公無子取公孫周之子得與啟畜諸公宮未有立焉。，，。。，，,0.0,0.5,0.0,1.0,0.0
於是皇緩為右師皇非我為大司馬皇懷為司徒靈不緩為左師樂筏為司城樂朱鉏為大司寇六卿三族降聽政因大尹以達,於 是 皇緩 為 右師 ， 皇非我 為 大司馬 ， 皇懷 為 司徒 ， 靈不緩 為 左師 ， 樂筏 為 司城 ， 樂朱鉏 為 大司寇 ， 六卿 三族 降 聽政 ， 因 大尹 以 達 。,於是皇緩為右師皇非我為大司馬皇懷為司徒靈不緩為左師樂筏為司城樂朱鉏為大司寇六卿三族降聽政因大尹以達,0.0,0.0,0.0,1.0,0.0
大尹常不告而以其欲稱君命以令,大尹 常 不 告 ， 而 以 其 欲 稱 君命 以 令 。,大 尹 常 不 告 而  以 其 欲 稱 君 命  以 令 ,0.7692307692307692,0.0,0.7692307692307692,1.0,0.0
國人惡之,國人 惡 之 。,，：國人惡之。，。。，。，。：、、,0.0,1.0,0.0,1.0,0.0
司城欲去大尹左師曰“縱之使盈其罪重而無基能無敝乎”,司城 欲 去 大尹 ， 左師 曰 ： “ 縱 之 ， 使 盈 其 罪 。 重 而 無 基 ， 能 無 敝 乎 ？ ”,"，。，""司城欲去大尹""，""""。""左師曰“""，""""。：""縱之使盈其罪重而無基能無敝乎”""。，",0.0,0.0,0.0,1.0,0.0
冬十月公游于空澤辛巳卒于連中,冬 ， 十月 ， 公 游 于 空澤 ， 辛巳 ， 卒 于 連中 。,冬十月公游，。于，。，，空澤辛巳卒于連中。，（）、，-，。，,0.0,0.25,0.0,1.0,0.0
大尹興空澤之士千甲奉公自空桐入如沃宮使召六子曰“聞下有師君請六子畫”,大尹 興 空澤 之 士 千 甲 ， 奉 公 自 空桐 入 如 沃宮 ， 使 召 六 子 ， 曰 ： “ 聞 下 有 師 ， 君 請 六 子 畫 。 ”,大  尹  興  空澤    之  士  千  甲  奉  公  自  空  桐  入  如  沃  宮  使  召  六  子  曰  “  聞  下  有  師  君  請  六  子  畫  ”  ？,0.8571428571428572,0.0,0.8571428571428572,1.0,0.0
六子至以甲劫之曰“君有疾病請二三子盟”,六 子 至 ， 以 甲 劫 之 曰 ： “ 君 有 疾病 ， 請 二三子 盟 。 ”,六 子 至  以 甲 劫 之 曰 “  君 有 疾病 請 二 三 子 盟  ”,0.8823529411764706,0.0,0.8823529411764706,1.0,0.0
乃盟于少寢之庭曰“無為公室不利”,乃 盟 于 少寢 之 庭 ， 曰 ： “ 無 為 公室 不利 ！ ”,乃 盟  于  少寢  之  庭  曰  “  無  為  公室  不  利  ”  。 ,0.888888888888889,0.0,0.888888888888889,1.0,0.0
大尹立啟奉喪殯于大宮三日而後國人知之,大尹 立 啟 ， 奉 喪殯 于 大宮 ， 三 日 而後 國人 知 之 。,大 尹 立 啟 奉喪   殯 于 大 宮 三 日 而 後 國 人 知 之 ,0.4666666666666667,0.0,0.4666666666666667,1.0,0.0
司城茷使宣言于國曰“大尹惑蠱其君而專其利今君無疾而死死又匿之是無他矣大尹之罪也”,司城茷 使 宣言 于 國 曰 ： “ 大尹 惑蠱 其 君 ， 而 專 其 利 ， 今 君 無 疾 而 死 ， 死 又 匿 之 ， 是 無他 矣 ， 大尹 之 罪 也 。 ”,司城 茷 使 宣言 于 國 曰 “ 大尹 惑 蠱 其 君 而 專 其 利 今 君 無 疾 而 死 死 又 匿 之 是 無 他 矣 大尹 之 罪 也 ”,0.8695652173913043,0.0,0.8695652173913043,1.0,0.0
得夢啟北首而寢於盧門之外己為烏而集於其上咮加於南門尾加於桐門,得 夢 啟 北首 而 寢 於 盧門 之 外 ， 己 為 烏 而 集 於 其 上 ， 咮 加 於 南門 ， 尾 加 於 桐門 。,得夢啟   北 首 而寢  於盧門   之 外 己 為 烏 而 集 於 其 上咮  加 於 南門  尾 加 於 桐門 ,0.6666666666666667,0.0,0.6666666666666667,1.0,0.0
曰“餘夢美必立”,曰 ： “ 餘 夢 美 ， 必 立 。 ”,曰 “ 餘夢  美 必 立 ”,0.7999999999999999,0.0,0.7999999999999999,1.0,0.0
大尹謀曰“我不在盟無乃逐我復盟之乎”,大尹 謀 曰 ： “ 我 不 在 盟 ， 無乃 逐 我 ？ 復 盟 之 乎 ！ ”,大 尹 謀 曰 “ 我 不 在 盟 無 乃 逐 我 復 盟 之乎  ”,0.7272727272727272,0.0,0.7272727272727272,1.0,0.0
使祝為載書,使 祝 為 載書 。,使 祝 為 載 書,0.6666666666666665,0.0,0.6666666666666665,1.0,0.0
六子在唐盂將盟之,六 子 在 唐盂 ， 將 盟 之 。,"：，""六子在唐盂將盟之""。，。。""""，（）。",0.0,0.6666666666666666,0.0,1.0,0.0
祝襄以載書告皇非我,祝襄 以 載書 告 皇非我 。,祝襄以載書告皇非我。,0.0,1.0,0.0,1.0,0.0
皇非我因子潞門尹得左師謀曰“民與我逐之乎”,皇非我 因 子潞 、 門尹得 、 左師謀 曰 ： “ 民 與 我 ， 逐 之 乎 ！ ”,皇 非 我 因 子 潞 門 尹 得 左 師 謀 曰 “ 民 與 我 逐 之乎  ”,0.47058823529411764,0.0,0.47058823529411764,1.0,0.0
皆歸授甲使徇于國曰“大尹惑蠱其君以陵虐公室與我者救君者也”,皆 歸 授甲 ， 使 徇 于 國 曰 ： “ 大尹 惑蠱 其 君 ， 以 陵虐 公室 ； 與 我 者 ， 救 君 者 也 。 ”,皆歸  授 甲 使 徇 于 國 曰 “ 大 尹 惑 蠱 其 君 以 陵虐  公 室 與 我 者 救 君 者 也 ”,0.7058823529411765,0.0,0.7058823529411765,1.0,0.0
眾曰“與之”,眾 曰 ： “ 與 之 ！ ”,眾 曰 “ 與 之 ”,1.0,0.0,1.0,1.0,0.0
大尹徇曰“戴氏皇氏將不利公室與我者無憂不富”,大尹 徇 曰 ： “ 戴氏 、 皇氏 將 不利 公室 ， 與 我 者 ， 無 憂 不 富 。 ”,大 尹 徇 曰 “ 戴 氏 皇 氏 將 不 利 公 室 與 我 者 無憂  不 富 ”,0.5263157894736842,0.0,0.5263157894736842,1.0,0.0
眾曰“無別”,眾 曰 ： “ 無 別 ！ ”,，：眾曰“無別”。，。，，，。，,0.0,0.0,0.0,1.0,0.0
戴氏皇氏欲伐公樂得曰“不可彼以陵公有罪我伐公則甚焉”,戴氏 、 皇氏 欲 伐 公 ， 樂得 曰 ： “ 不可 。 彼 以 陵 公 有罪 ； 我 伐 公 ， 則 甚 焉 。 ”,"，。，""戴氏皇氏""，（），""欲伐公""""""。""樂得曰“""，""""，：""不可""，：""彼以陵公有罪我伐公則甚焉”""  ",0.0,0.0,0.0,1.0,0.0
使國人施于大尹大尹奉啟以奔楚乃立得,使 國人 施 于 大尹 ， 大尹 奉 啟 以 奔 楚 ， 乃 立 得 。,"，。，。：- ""使國人""：（），""""。- ""施于大尹大尹奉啟以奔楚乃立得""：""""，""""",0.0,0.0,0.0,1.0,0.0
司城為上卿盟曰“三族共政無相害也”,司城 為 上卿 ， 盟 曰 ： “ 三族 共政 ， 無 相 害 也 ！ ”,司城 為 上卿 盟 曰 “ 三族 共 政 無 相 害 也 ”,0.888888888888889,0.0,0.888888888888889,1.0,0.0
衛出公自城鉏使以弓問子贛且曰“吾其入乎”,衛出公 自 城鉏 使 以 弓 問 子贛 ， 且 曰 ： “ 吾 其 入 乎 ？ ”,衛出公自城鉏使以弓問子贛且曰“吾其入乎”,0.0,0.0,0.0,1.0,0.0
子贛稽首受弓對曰“臣不識也”,子贛 稽首 受 弓 ， 對 曰 ： “ 臣 不 識 也 。 ”,子贛 稽首 受 弓 對 曰 “ 臣 不 識 也 ”,1.0,0.0,1.0,1.0,0.0
私於使者曰“昔成公孫於陳甯武子孫莊子為宛濮之盟而君入獻公孫於齊子鮮子展為夷儀之盟而君入今君再在孫矣內不聞獻之親外不聞成之卿則賜不識所由入也詩曰‘無競惟人四方其順之’若得其人四方以為主而國於何有”,私 於 使者 曰 ： “ 昔 成公 孫 於 陳 ， 甯武子 、 孫莊子 為 宛濮 之 盟 而 君 入 。 獻公 孫 於 齊 ， 子鮮 、 子展 為 夷儀 之 盟 而 君 入 。 今 君 再 在 孫 矣 ， 內 不 聞 獻 之 親 ， 外 不 聞 成 之 卿 ， 則 賜 不 識 所 由 入 也 。 《 詩 》 曰 ： ‘ 無競 惟 人 ， 四方 其 順 之 。 ’ 若 得 其 人 ， 四方 以 為 主 ， 而 國 於 何 有 ？ ”,，。，，。，。，（）、，-:，。，，。：私於使者曰“昔成公孫於陳甯武子孫莊子為宛濮之盟而君入獻公孫於齊子鮮子展為夷儀之盟而君入今君再在孫矣內不聞獻之親外不聞成之卿則賜不識所由入也詩曰‘無競惟人四方其順之’若得其人四方以為主而國於何有”。，,0.0,0.0,0.0,1.0,0.0
哀公二十七年春越子使舌庸來聘且言邾田封于駘上,哀公 二十七年 春 ， 越子 使 舌庸 來 聘 ， 且 言 邾 田 ， 封 于 駘上 。,，。，《》。：哀公二十七年春越子使舌庸來聘且言邾田封于駘上。，。，。,0.0,0.4,0.0,1.0,0.0
二月盟于平陽三子皆從,二月 ， 盟 于 平陽 ， 三 子 皆 從 。,"：，""二月盟于平陽三子皆從""。，：""""（），""""，""""",0.0,0.5,0.0,1.0,0.0
康子病之言及子贛曰“若在此吾不及此夫”,康子 病 之 ， 言 及 子贛 ， 曰 ： “ 若 在 此 ， 吾 不 及 此 夫 ！ ”,"，。，""康子病之""，""言及子贛曰“""，：""若在此吾不及此夫”""。，《》，。，，：- ",0.0,0.25,0.0,1.0,0.0
武伯曰“然何不召”,武伯 曰 ： “ 然 。 何 不 召 ？ ”,武伯 曰 “ 然  何 不 召 ”,1.0,0.0,1.0,1.0,0.0
曰“固將召之”,曰 ： “ 固 將 召 之 。 ”,曰 “ 固 將 召 之 ”,1.0,0.0,1.0,1.0,0.0
文子曰“他日請念”,文子 曰 ： “ 他日 請 念 。 ”,文子曰“他日請念”，。，。，，。，、，,0.0,0.0,0.0,1.0,0.0
夏四月己亥季康子卒,夏 ， 四月己亥 ， 季康子 卒 。,"：，""夏四月己亥季康子卒""。，。，：、、。- """"，，",0.0,0.5,0.0,1.0,0.0
公吊焉降禮,公 吊 焉 ， 降禮 。,公 吊 焉 降 禮,0.6666666666666665,0.0,0.6666666666666665,1.0,0.0
晉荀瑤帥師伐鄭次于桐丘,晉 荀瑤 帥 師 伐 鄭 ， 次 于 桐丘 。,"，。，。：- ""晉""，（），。- ""荀瑤帥師伐鄭次于桐丘""，（",0.1818181818181818,0.0,0.0,1.0,0.0
鄭駟弘請救于齊,鄭 駟弘 請 救 于 齊 。,，：鄭駟弘請救于齊。，。。，。，。？,0.0,1.0,0.0,1.0,0.0
齊師將興陳成子屬孤子三日朝,齊師 將 興 ， 陳成子 屬 孤子 三 日 朝 。,，：齊師將興陳成子屬孤子三日朝。，。。，，，。，,0.0,0.6666666666666666,0.0,1.0,0.0
設乘車兩馬系五邑焉,設 乘車 兩 馬 ， 系 五 邑 焉 。,，。，。：設乘車兩馬系五邑焉。、、、、。，,0.0,0.6666666666666666,0.0,1.0,0.0
召顏涿聚之子晉曰“隰之役而父死焉以國之多難未女恤也今君命女以是邑也服車而朝毋廢前勞”,召 顏涿聚 之 子 晉 ， 曰 ： “ 隰 之 役 ， 而 父 死 焉 。 以 國 之 多難 ， 未 女 恤 也 。 今 君 命 女 以 是 邑 也 ， 服 車 而 朝 ， 毋 廢 前勞 ！ ”,召顏   涿  聚  之  子  晉  曰  “  隰  之  役  而  父  死  焉  以  國  之  多  難  未  女恤    也  今  君  命  女  以  是  邑  也  服  車  而  朝毋廢前勞” ,0.7671232876712328,0.0,0.7671232876712328,1.0,0.0
乃救鄭,乃 救 鄭 。,乃 救 鄭,1.0,0.0,1.0,1.0,0.0
及留舒違穀七里穀人不知,及 留舒 ， 違 穀 七 里 ， 穀人 不 知 。,及 留 舒 違 穀 七里 穀 人 不知,0.3333333333333333,0.0,0.3333333333333333,1.0,0.0
及濮雨不涉,及 濮 ， 雨 ， 不 涉 。,及 濮 雨 不 涉,1.0,0.0,1.0,1.0,0.0
子思曰“大國在敝邑之宇下是以告急今師不行恐無及也”,子思 曰 ： “ 大國 在 敝邑 之 宇下 ， 是以 告急 。 今 師 不 行 ， 恐 無 及 也 。 ”,子 思 曰 “ 大 國 在敝  邑 之 宇 下 是 以 告急  今 師 不 行 恐 無 及 也 ”,0.6190476190476191,0.0,0.6190476190476191,1.0,0.0
成子衣制杖戈立於阪上馬不出者助之鞭之,成子 衣 制 杖 戈 ， 立 於 阪上 ， 馬 不 出 者 ， 助 之 鞭 之 。,"，。：，。，。，，。""成子衣制杖戈立於阪上馬不出者助之鞭之""（），",0.0,0.0,0.0,1.0,0.0
知伯聞之乃還曰“我卜伐鄭不卜敵齊”,知伯 聞 之 ， 乃 還 ， 曰 ： “ 我 卜 伐 鄭 ， 不 卜 敵 齊 。 ”,知伯 聞 之 乃 還 曰 “ 我 卜 伐 鄭 不 卜 敵 齊 ”,1.0,0.0,1.0,1.0,0.0
使謂成子曰“大夫陳子陳之自出陳之不祀鄭之罪也故寡君使瑤察陳衷焉謂大夫其恤陳乎若利本之顛瑤何有焉”,使 謂 成子 曰 ： “ 大夫 陳子 ， 陳 之 自 出 。 陳 之 不 祀 ， 鄭 之 罪 也 ， 故 寡君 使 瑤 察 陳 衷 焉 ， 謂 大夫 其 恤 陳 乎 ？ 若 利 本 之 顛 ， 瑤 何 有 焉 ？ ”,使 謂 成子 曰 “ 大夫 陳子 陳之 自 出 陳之 不 祀 鄭之 罪 也 故 寡君 使 瑤 察 陳衷  焉 謂 大夫 其 恤 陳 乎 若 利 本 之顛  瑤 何 有 焉 ”,0.8148148148148148,0.0,0.8148148148148148,1.0,0.0
成子怒曰“多陵人者不在知伯其能久乎”,成子 怒 曰 ： “ 多 陵 人 者 不 在 ， 知伯 其 能 久 乎 ！ ”,，。，。：成子怒曰。（）。：“多陵人者不在知伯其能久乎”。，,0.0,0.0,0.0,1.0,0.0
中行文子告成子曰“有自晉師告寅者將為輕車千乘以厭齊師之門則可盡也”,中行文子 告 成子 曰 ： “ 有 自 晉師 告 寅 者 ， 將 為 輕車 千 乘 以 厭 齊師 之 門 ， 則 可 盡 也 。 ”,中行文子 告 成子 曰 “ 有 自 晉 師 告 寅 者 將 為 輕車 千 乘 以 厭 齊 師 之 門 則 可盡  也 ”,0.830188679245283,0.0,0.830188679245283,1.0,0.0
成子曰“寡君命恒曰‘無及寡無畏眾’雖過千乘敢辟之乎”,成子 曰 ： “ 寡君 命 恒 曰 ： ‘ 無 及 寡 ， 無 畏 眾 。 ’ 雖 過 千 乘 ， 敢 辟 之 乎 ？ ”,，：成子曰“寡君命恒曰‘無及寡無畏眾’雖過千乘敢辟之乎”。，。。，，。，（「」），,0.0,0.0,0.0,1.0,0.0
將以子之命告寡君,將 以 子 之 命 告 寡君 。,將 以 子 之 命 告 寡君 。,1.0,1.0,1.0,1.0,1.0
文子曰“吾乃今知所以亡君子之謀也始衷終皆舉之而後入焉今我三不知而入之不亦難乎”,文子 曰 ： “ 吾 乃 今 知 所以 亡 。 君子 之 謀 也 ， 始 、 衷 、 終 皆 舉 之 ， 而後 入 焉 。 今 我 三 不 知 而 入 之 ， 不 亦 難 乎 ！ ”,文子 曰 “ 吾 乃 今 知 所以 亡 君子 之謀  也 始衷  終 皆 舉 之 而 後 入 焉 今 我 三 不 知 而 入 之 不 亦 難 乎 ”,0.8695652173913043,0.0,0.8695652173913043,1.0,0.0
公患三桓之侈也欲以諸侯去之三桓亦患公之妄也故君臣多間,公 患 三桓 之 侈 也 ， 欲 以 諸侯 去 之 ； 三桓 亦 患 公 之 妄 也 ， 故 君臣 多 間 。,，。，。：公患三桓之侈也欲以諸侯去之三桓亦患公之妄也故君臣多間。（），；,0.0,0.4,0.0,1.0,0.0
公游于陵阪遇孟武伯於孟氏之衢曰“請有問於子餘及死乎”,公 游 于 陵阪 ， 遇 孟武伯 於 孟氏 之 衢 ， 曰 ： “ 請 有問 於 子 ： 餘 及 死 乎 ？ ”,，：公游于陵阪遇孟武伯於孟氏之衢曰“請有問於子餘及死乎”。，。。，。，，，。,0.0,0.0,0.0,1.0,0.0
對曰“臣無由知之”,對 曰 ： “ 臣 無由 知 之 。 ”,對 曰 “ 臣 無 由 知 之 ”,0.823529411764706,0.0,0.823529411764706,1.0,0.0
三問卒辭不對,三 問 ， 卒 辭 不 對 。,三 問 卒 辭 不 對,1.0,0.0,1.0,1.0,0.0
公欲以越伐魯而去三桓秋八月甲戌公如公孫有陘氏,公 欲 以 越 伐 魯 而 去 三桓 ， 秋 ， 八月 甲戌 ， 公 如 公孫有陘氏 。,公 欲  以  越伐    魯  而  去  三  桓  秋  八月  甲戌  公  如  公孫  有陘氏 ,0.7096774193548386,0.0,0.7096774193548386,1.0,0.0
因孫於邾乃遂如越,因 孫 於 邾 ， 乃 遂 如 越 。,因 孫 於 邾 乃 遂 如 越,1.0,0.0,1.0,1.0,0.0
國人施公孫有山氏,國人 施 公孫有山氏 。,國人施公孫有山氏，。，。，，。，、，,0.0,1.0,0.0,1.0,0.0
悼之四年晉荀瑤帥師圍鄭未至鄭駟弘曰“知伯愎而好勝早下之則可行也”,悼 之 四年 ， 晉 荀瑤 帥 師 圍 鄭 ， 未 至 ， 鄭 駟弘 曰 ： “ 知伯 愎 而 好勝 ， 早 下 之 ， 則 可 行 也 。 ”,悼之 四年 晉 荀瑤 帥 師圍  鄭 未 至 鄭 駟 弘 曰 “ 知 伯愎  而 好 勝 早 下 之 則 可 行 也 ”,0.7037037037037037,0.0,0.7037037037037037,1.0,0.0
乃先保南里以待之,乃 先 保 南里 以 待 之 。,乃 先  保  南里  以  待  之  。,1.0,1.0,1.0,1.0,1.0
知伯入南里門于桔柣之門,知伯 入 南里 ， 門 于 桔柣 之 門 。,"，。：，；，。""知伯入南里門于桔柣之門""，，",0.0,0.0,0.0,1.0,0.0
鄭人俘酅魁壘賂之以知政閉其口而死,鄭人 俘 酅魁壘 ， 賂 之 以 知政 ， 閉 其 口 而 死 。,"，。，。：- ""鄭人""，，，。- ""俘酅魁壘賂之以知政閉其口而死""，，，",0.14285714285714285,0.0,0.0,1.0,0.0
將門知伯謂趙孟“入之”,將 門 ， 知伯 謂 趙孟 ： “ 入 之 ！ ”,將 門 知伯 謂  趙孟 “ 入 之 ”,1.0,0.0,1.0,1.0,0.0
對曰“主在此”,對 曰 ： “ 主 在 此 。 ”,對 曰 “ 主 在 此 ”,1.0,0.0,1.0,1.0,0.0
知伯曰“惡而無勇何以為子”,知伯 曰 ： “ 惡 而 無 勇 ， 何 以 為 子 ？ ”,，：知伯曰“惡而無勇何以為子”。，。。，。，。，,0.0,0.0,0.0,1.0,0.0
對曰“以能忍恥庶無害趙宗乎”,對 曰 ： “ 以 能 忍恥 ， 庶 無害 趙宗 乎 ！ ”,對 曰 “ 以 能 忍 恥 庶 無 害 趙 宗 乎 ”,0.64,0.0,0.64,1.0,0.0
知伯不悛趙襄子由是惎知伯遂喪之,知伯 不 悛 ， 趙襄子 由 是 惎 知伯 ， 遂 喪 之 。,知伯不悛趙襄子由是惎知伯遂喪之。,0.0,0.5,0.0,1.0,0.0
知伯貪而愎故韓魏反而喪之,知伯 貪 而 愎 ， 故 韓 、 魏 反 而 喪 之 。,知伯 貪 而 愎 故 韓 魏 反 而喪  之,0.8571428571428572,0.0,0.8571428571428572,1.0,0.0
閽曰“夷射姑旋焉”,閽 曰 ： “ 夷射姑 旋 焉 。 ”,，。，。：閽，，，。曰，。，“夷射姑旋焉”,0.0,0.0,0.0,1.0,0.0
蔡侯亦服其一,蔡侯 亦 服 其 一 。,蔡侯  亦  服  其  一 ,1.0,0.0,1.0,1.0,0.0
唐人或相與謀請代先從者許之,唐人 或 相與 謀 ， 請 代 先 從者 ， 許 之 。,，：唐人或相與謀請代先從者許之。，。。，。，。：- ,0.0,0.5,0.0,1.0,0.0
晉荀寅求貨於蔡侯弗得言於范獻子曰“國家方危諸侯方貳將以襲敵不亦難乎水潦方降疾瘧方起中山不服棄盟取怨無損於楚而失中山不如辭蔡侯吾自方城以來楚未可以得志只取勤焉”,晉荀寅 求 貨 於 蔡侯 ， 弗 得 ， 言 於 范獻子 曰 ： “ 國家 方 危 ， 諸侯 方 貳 ， 將 以 襲 敵 ， 不 亦 難 乎 ！ 水潦 方 降 ， 疾瘧 方 起 ， 中山 不 服 ， 棄 盟 取 怨 ， 無 損 於 楚 ， 而 失 中山 ， 不如 辭 蔡侯 。 吾 自 方城 以來 ， 楚 未 可以 得志 ， 只 取 勤 焉 。 ”,晉 荀寅 求 貨 於 蔡侯  弗 得言   於 范 獻子 曰 “ 國家 方 危  諸侯 方 貳  將 以 襲 敵  不 亦 難乎   水 潦 方 降  疾 瘧 方 起  中山 不 服棄   盟 取 怨  無 損 於 楚  而 失 中山  不 如 辭 蔡侯  吾 自 方城       以來楚未可以 得 志  只 取 勤 焉 ” ,0.7419354838709677,0.0,0.7419354838709677,1.0,0.0
晉人假羽旄於鄭鄭人與之,晉人 假 羽旄 於 鄭 ， 鄭人 與 之 。,晉人假羽旄於鄭鄭人與之，。，。，，。，、，。,0.0,0.6666666666666666,0.0,1.0,0.0
乃使子魚,乃 使 子魚 。,乃 使 子魚 。,1.0,1.0,1.0,1.0,1.0
子魚辭曰“臣展四體以率舊職猶懼不給而煩刑書若又共二徼大罪也且夫祝社稷之常隸也社稷不動祝不出竟官之制也君以軍行祓社釁鼓祝奉以從於是乎出竟若嘉好之事君行師從卿行旅從臣無事焉”,子魚 辭 ， 曰 ： “ 臣 展 四體 ， 以 率 舊職 ， 猶 懼 不 給 而 煩 刑書 。 若 又 共 二 ， 徼 大 罪 也 。 且夫 祝 ， 社稷 之 常隸 也 。 社稷 不 動 ， 祝 不 出 竟 ， 官 之 制 也 。 君 以 軍 行 ， 祓社 釁鼓 ， 祝 奉 以 從 ， 於是乎 出 竟 。 若 嘉好 之 事 ， 君 行 師 從 ， 卿 行 旅 從 ， 臣 無事 焉 。 ”,子 魚 辭 曰 “ 臣 展 四 體 以 率 舊 職 猶 懼 不 給 而 煩 刑 書 若 又 共 二徼  大 罪 也 且 夫 祝 社 稷 之 常 隸 也 社 稷 不 動 祝 不 出 竟 官 之 制 也 君 以軍  行 祓 社 釁 鼓 祝 奉 以 從於  是 乎 出 竟 若 嘉 好 之 事 君 行 師 從 卿 行 旅 從 臣 無 事焉”,0.6754966887417218,0.0,0.6754966887417218,1.0,0.0
由于徐蘇而從,由于 徐 蘇 而 從 。,由于 徐 蘇 而 從,1.0,0.0,1.0,1.0,0.0
陽虎將以玙璠斂仲梁懷弗與曰“改步改玉”,陽虎 將 以 玙璠 斂 ， 仲梁懷 弗 與 ， 曰 ： “ 改 步 改 玉 。 ”,陽虎 將 以玙 璠 斂 仲梁 懷 弗 與 曰 “ 改 步 改 玉 ”,0.7741935483870969,0.0,0.7741935483870969,1.0,0.0
使楚人先與吳人戰而自稷會之大敗夫概王于沂,使 楚人 先 與 吳人 戰 ， 而 自 稷 會 之 ， 大敗 夫概王 于 沂 。,使 楚  人 先 與 吳  人 戰 而 自 稷  會 之 大敗   夫  概  王  于  沂  。,0.7058823529411765,0.5,0.7058823529411765,1.0,0.35294117647058826
吳師敗楚師于雍澨,吳師 敗 楚師 于 雍澨 。,吳 師 敗 楚 師 于 雍 澨,0.3076923076923077,0.0,0.3076923076923077,1.0,0.0
王將嫁季羋季羋辭曰“所以為女子遠丈夫也鍾建負我矣”,王 將 嫁 季羋 ， 季羋 辭 曰 ： “ 所 以 為 女子 ， 遠 丈夫 也 。 鍾建 負 我 矣 。 ”,，。，。王將嫁季羋，，，。，季羋辭曰，，。：“所以為女子遠丈夫也鍾建負我矣”,0.0,0.0,0.0,1.0,0.0
王使由于城麇復命,王 使 由于 城 麇 ， 復命 。,王 使由  于  城  麇  復  命  。,0.4615384615384615,0.6666666666666666,0.4615384615384615,1.0,0.30769230769230765
子西曰“不能如辭城不知高厚小大何知”,子西 曰 ： “ 不 能 ， 如 辭 。 城 不 知 高厚 ， 小大 何 知 ？ ”,子 西 曰 “ 不能 如 辭 城 不 知 高 厚 小 大 何 知 ”,0.625,0.0,0.625,1.0,0.0
對曰“固辭不能子使餘也人各有能有不能王遇盜於云中餘受其戈其所猶在”,對 曰 ： “ 固 辭 不 能 ， 子 使 餘 也 。 人 各 有 能 有 不 能 。 王 遇 盜 於 云中 ， 餘 受 其 戈 ， 其 所 猶 在 。 ”,，。，對曰，。：“固辭不能子使餘也人各有能有不能王遇盜於云中餘受其戈其所猶在”。，。，。，，：- ,0.0,0.0,0.0,1.0,0.0
往不假道於衛及還陽虎使季孟自南門入出自東門舍於豚澤,往 不 假道 於 衛 ； 及 還 ， 陽虎 使 季 、 孟 自 南門 入 ， 出 自 東門 ， 舍 於 豚澤 。,，。，。，，。，、，。，。：往不假道於衛及還陽虎使季孟自南門入出自東門舍於豚澤,0.0,0.0,0.0,1.0,0.0
令尹子西喜曰“乃今可為矣”,令尹子西 喜 曰 ： “ 乃 今 可 為 矣 。 ”,，：令尹子西喜曰“乃今可為矣”。，。。，。，。、,0.0,0.0,0.0,1.0,0.0
見溷而行,見 溷 而 行 。,，：見溷而行。，。，。：- ：，，,0.0,1.0,0.0,1.0,0.0
范獻子言於晉侯曰“以君命越疆而使未致使而私飲酒不敬二君不可不討也”,范獻子 言 於 晉侯 曰 ： “ 以 君命 越 疆 而 使 ， 未 致 使 而 私 飲酒 ， 不 敬 二 君 ， 不 可 不 討 也 。 ”,范 獻 子 言 於 晉 侯 曰 “  以 君 命 越 疆 而 使  未 致 使 而 私 飲 酒  不 敬二  君  不 可 不討  也  ” ,0.6779661016949152,0.0,0.6779661016949152,1.0,0.0
秋齊侯鄭伯盟于鹹徵會于衛,秋 ， 齊侯 、 鄭伯 盟 于 鹹 ， 徵 會 于 衛 。,，：秋齊侯鄭伯盟于鹹徵會于衛。，。。，。，。,0.0,0.4,0.0,1.0,0.0
齊國夏伐我,齊國夏 伐 我 。,，：齊國夏伐我。，。，，，。，,0.0,1.0,0.0,1.0,0.0
其兄會乃呼曰“猛也殿”,其 兄 會 乃 呼 曰 ： “ 猛 也 殿 ！ ”,其 兄 會 乃 呼 曰 “ 猛 也 殿 ”,1.0,0.0,1.0,1.0,0.0
主人出師奔,主人 出 ， 師 奔 。,主人 出師 奔,0.5714285714285715,0.0,0.5714285714285715,1.0,0.0
夏齊國夏高張伐我西鄙,夏 ， 齊 國夏 、 高張 伐 我 西鄙 。,"，。，。：""夏""，，。""齊國""，，。""夏高張伐我西鄙""",0.0,0.0,0.0,1.0,0.0
王孫賈使次于郊,王孫賈 使 次 于 郊 。,王 孫 賈  使 次 于 郊 ,0.6666666666666666,0.0,0.6666666666666666,1.0,0.0
大夫問故公以晉詬語之且曰“寡人辱社稷其改卜嗣寡人從焉”,大夫 問 故 ， 公 以 晉 詬 語 之 ， 且 曰 ： “ 寡人 辱 社稷 ， 其 改卜 嗣 ， 寡人 從 焉 。 ”,，。，。：大夫問故公以晉詬語之且曰“寡人辱社稷其改卜嗣寡人從焉”。（），。：,0.0,0.0,0.0,1.0,0.0
大夫曰“茍有益也公子則往群臣之子敢不皆負羈紲以從”,大夫 曰 ： “ 茍 有益 也 ， 公子 則 往 ， 群 臣 之 子 敢 不 皆 負 羈紲 以 從 ？ ”,，。，。：大夫曰“茍有益也公子則往群臣之子敢不皆負羈紲以從”。，。，。，,0.0,0.0,0.0,1.0,0.0
秋晉士鞅會成桓公侵鄭圍蟲牢報伊闕也,秋 ， 晉士鞅 會 成桓公 侵 鄭 ， 圍 蟲牢 ， 報 伊闕 也 。,秋晉士鞅會成桓公侵鄭圍蟲牢報伊闕也，。，。，，。，、，。，。,0.0,0.4,0.0,1.0,0.0
處父曰“然則亂也必及於子先備諸”,處父 曰 ： “ 然則 亂 也 ， 必 及 於 子 ， 先 備 諸 。 ”,處父  曰  “  然  則  亂  也  必  及  於  子  先備    諸  ”  ？  。,0.7857142857142857,0.0,0.7857142857142857,1.0,0.0
陽虎前驅,陽虎 前驅 。,陽 虎 前 驅,0.0,0.0,0.0,1.0,0.0
林楚御桓子虞人以鈹盾夾之陽越殿,林楚 御 桓子 ， 虞人 以 鈹 、 盾 夾 之 ， 陽越 殿 。,，。，。：- 林楚御：，，（），。- 桓子虞人以鈹盾夾之陽越殿：，,0.0,0.0,0.0,1.0,0.0
對曰“臣聞命後陽虎為政魯國服焉違之徵死死無益於主”,對 曰 ： “ 臣 聞命 後 。 陽虎 為 政 ， 魯國 服 焉 ， 違 之 徵 死 ， 死 無益 於 主 。 ”,對 曰 “ 臣 聞 命 後陽 虎 為 政 魯 國 服 焉 違 之 徵 死 死 無 益 於 主 ”,0.7111111111111111,0.0,0.7111111111111111,1.0,0.0
其徒曰“追其將至”,其 徒 曰 ： “ 追 其 將 至 。 ”,其徒  曰 “ 追 其 將 至 ”,0.823529411764706,0.0,0.823529411764706,1.0,0.0
盡借邑人之車鍥其軸麻約而歸之,盡 借 邑人 之 車 ， 鍥 其 軸 ， 麻 約 而 歸 之 。,盡 借 邑人 之 車  鍥 其 軸  麻 約 而歸  之,0.8799999999999999,0.0,0.8799999999999999,1.0,0.0
公賞東郭書辭曰“彼賓旅也”,公 賞 東郭書 ， 辭 曰 ： “ 彼 ， 賓旅 也 。 ”,公 賞 東郭 書 辭 曰 “ 彼賓 旅 也 ”,0.6666666666666666,0.0,0.6666666666666666,1.0,0.0
侯犯奔齊,侯犯 奔 齊 。,，：侯犯奔齊。，。，，。，。,0.0,1.0,0.0,1.0,0.0
齊人乃致郈,齊人 乃 致 郈 。,齊人 乃 致 郈 。,1.0,1.0,1.0,1.0,1.0
公子地有白馬四公嬖向魋魋欲之,公子地 有 白馬 四 ， 公 嬖 向魋 ， 魋 欲 之 。,公子地有白馬四公嬖向魋魋欲之，。，。，，。，、，。，,0.0,0.5,0.0,1.0,0.0
辰為之請弗聽,辰 為 之 請 ， 弗 聽 。,辰為之請弗聽，。，。，，。，、，,0.0,0.6666666666666666,0.0,1.0,0.0
對曰“非寡君之望也所以事君封疆社稷是以敢以家隸勤君之執事夫不令之臣天下之所惡也君豈以為寡君賜”,對 曰 ： “ 非 寡君 之 望 也 。 所以 事 君 ， 封疆 社稷 是 以 ， 敢 以 家隸 勤 君 之 執事 ？ 夫 不令 之 臣 ， 天下 之 所 惡 也 ， 君 豈 以 為 寡君 賜 ？ ”,對 曰 “ 非 寡 君 之 望 也 所 以 事 君 封 疆 社 稷 ， 是 以 敢 以 家 隸 勤 君 之執  事 ， 夫 不 令 之 臣 ， 天 下 之 所 惡 也 ， 君 豈 以 為 寡 君 賜 ”,0.6666666666666666,0.3333333333333333,0.6666666666666666,1.0,0.2222222222222222
入及公側仲尼命申句須樂頎下伐之費人北,入 及 公 側 ， 仲尼 命 申句須 、 樂頎 下 ， 伐 之 ， 費人 北 。,入 及 公 側 仲尼 命 申 句須樂頎  下 伐 之 費 人 北,0.7407407407407408,0.0,0.7407407407407408,1.0,0.0
二子奔齊遂墮費,二 子 奔 齊 ， 遂 墮 費 。,二 子 奔 齊 遂 墮 費,1.0,0.0,1.0,1.0,0.0
史鰍曰“無害子臣可以免富而能臣必免於難上下同之戍也驕其亡乎富而不驕者鮮吾唯子之見驕而不亡者未之有也戍必與焉”,史鰍 曰 ： “ 無 害 。 子 臣 ， 可以 免 。 富 而 能 臣 ， 必 免 於 難 。 上下 同 之 。 戍 也 驕 ， 其 亡 乎 ！ 富 而 不 驕 者 鮮 ， 吾 唯 子 之 見 。 驕 而 不 亡 者 ， 未 之 有 也 。 戍 必 與 焉 。 ”,史鰍 曰 “ 無害 子臣 可以 免 富 而 能 臣 必 免 於 難 上下 同 之 戍 也 驕 其 亡  乎 富 而 不 驕 者 鮮 吾 唯 子 之 見 驕 而 不 亡 者 未 之 有 也 戍 必 與 焉 ”,0.9400000000000001,0.0,0.9400000000000001,1.0,0.0
梁嬰父惡董安于謂知文子曰“不殺安于使終為政於趙氏趙氏必得晉國盍以其先發難也討於趙氏”,梁嬰父 惡 董安于 ， 謂 知文子 曰 ： “ 不 殺 安于 ， 使 終 為 政 於 趙氏 ， 趙氏 必 得 晉國 ， 盍 以 其 先 發難 也 討 於 趙氏 ？ ”,梁嬰  父 惡 董 安于  謂 知 文 子 曰 “ 不殺  安于  使 終 為 政 於 趙 氏  趙 氏 必 得 晉 國  盍 以 其 先 發 難 也  討 於 趙 氏 ” ,0.5882352941176471,0.0,0.5882352941176471,1.0,0.0
夏衛北宮結來奔公叔戍之故也,夏 ， 衛 北宮結 來 奔 ， 公叔戍 之 故 也 。,"，。，。：""夏""，，，（）。""衛""，，。""北宮結來奔公叔戍之故也""",0.0,0.0,0.0,1.0,0.0
三年乃報越,三 年 乃 報 越 。,三年乃報越，。，。，，。，、,0.0,1.0,0.0,1.0,0.0
野人歌之曰“既定爾婁豬盍歸吾艾豭”,野人 歌 之 曰 ： “ 既 定 爾 婁豬 ， 盍 歸 吾 艾豭 ？ ”,，。，《》。：野人歌之曰，，，。：“既定爾婁豬盍歸吾艾豭”。,0.0,0.0,0.0,1.0,0.0
夫人見其色啼而走曰“蒯聵將殺餘”,夫人 見 其 色 ， 啼 而 走 ， 曰 ： “ 蒯聵 將 殺 餘 。 ”,夫，。，：人見其色啼而走曰，“蒯聵將殺餘”。，，《》，，，（,0.0,0.0,0.0,1.0,0.0
吳之入楚也胡子盡俘楚邑之近胡者,吳 之 入 楚 也 ， 胡子 盡 俘 楚邑 之 近 胡 者 。,，。，。：- 吳之入楚也：，。，，，。- 胡子盡俘楚邑之近胡者：,0.0,0.0,0.0,1.0,0.0
退而告人曰“越十年生聚而十年教訓二十年之外吳其為沼乎”,退 而 告 人 曰 ： “ 越 十 年 生聚 ， 而 十 年 教訓 ， 二十 年 之 外 ， 吳 其 為 沼 乎 ！ ”,退 而 告 人 曰 “ 越 十 年 生 聚 而 十 年 教訓二   十 年 之 外 吳 其 為 沼 乎 ”,0.8571428571428572,0.0,0.8571428571428572,1.0,0.0
吳入越不書吳不告慶越不告敗也,吳 入 越 ， 不 書 ， 吳 不 告 慶 、 越 不 告 敗 也 。,吳 入 越 不 書 吳 不 告 慶 越 不 告敗  也,0.888888888888889,0.0,0.888888888888889,1.0,0.0
夏四月齊侯衛侯救邯鄲圍五鹿,夏 ， 四月 ， 齊侯 、 衛侯 救 邯鄲 ， 圍 五鹿 。,"，。，《》。：- ""夏四月""，（），。- ""齊侯""""衛侯救邯鄲圍五鹿""，",0.0,0.0,0.0,1.0,0.0
懷公朝國人而問焉曰“欲與楚者右欲與吳者左陳人從田無田從黨”,懷公 朝 國人 而 問 焉 ， 曰 ： “ 欲 與 楚 者 右 ， 欲 與 吳 者 左 。 陳人 從 田 ， 無 田 從 黨 。 ”,，。，。：懷公朝國人而問焉曰“欲與楚者右欲與吳者左，陳人從田無田從黨”。（），。，，。,0.0,0.0,0.0,1.0,0.0
冬十一月晉趙鞅伐朝歌,冬 ， 十一月 ， 晉趙鞅 伐 朝歌 。,"：，""冬十一月晉趙鞅伐朝歌""。，、。：- ：""""（）- ：""""",0.0,0.5,0.0,1.0,0.0
卜戰龜焦,卜 戰 ， 龜 焦 。,，。，。：卜戰龜焦。，，《》。,0.0,0.6666666666666666,0.0,1.0,0.0
郵良曰“我兩靷將絕吾能止之我御之上也”,郵良 曰 ： “ 我 兩 靷 將 絕 ， 吾 能 止 之 ， 我 ， 御 之 上 也 。 ”,郵 良 曰 “ 我 兩 靷 將 絕 吾 能 止 之 我 御 之 上 也 ”,0.918918918918919,0.0,0.918918918918919,1.0,0.0
蔡侯告大夫殺公子駟以說,蔡侯 告 大夫 ， 殺 公子駟 以 說 。,，。，。：蔡侯告大夫殺公子駟以說。，，。，，，,0.0,0.6666666666666666,0.0,1.0,0.0
夏五月辛卯司鐸火,夏 ， 五月辛卯 ， 司鐸 火 。,夏五月辛卯司鐸火，。，。，，。，（）、，-:、。，,0.0,0.5,0.0,1.0,0.0
季孫卒康子即位,季孫 卒 ， 康子 即位 。,季 孫 卒 康 子 即 位,0.18181818181818182,0.0,0.18181818181818182,1.0,0.0
十一月趙鞅殺士皋夷惡范氏也,十一月 ， 趙鞅 殺 士皋夷 ， 惡 范氏 也 。,十，一月趙鞅殺士皋夷惡范氏也。，。，，。，、，。，,0.0,0.4,0.0,1.0,0.0
以兩矢門之眾莫敢進,以 兩 矢 門 之 ， 眾 莫 敢 進 。,以 兩矢門 之 眾 莫 敢進 ,0.5333333333333333,0.0,0.5333333333333333,1.0,0.0
十二月弦施逆之遂墮臨,十二月 ， 弦施 逆 之 ， 遂 墮 臨 。,，。，。：- 十二月：，。- 弦施逆之遂墮臨：。（、），,0.22222222222222224,0.4,0.0,1.0,0.0888888888888889
六年春晉伐鮮虞治范氏之亂也,六年 ， 春 ， 晉 伐 鮮虞 ， 治 范氏 之 亂 也 。,六年春晉伐鮮虞治范氏之亂也，。，。，，。、，、、。，,0.0,0.4,0.0,1.0,0.0
齊陳乞偽事高國者每朝必驂乘焉,齊陳乞 偽 事 高 、 國 者 ， 每 朝 ， 必 驂乘 焉 。,齊陳乞偽事高國者每朝必驂乘焉,0.0,0.0,0.0,1.0,0.0
與子西子期謀潛師閉涂逆越女之子章立之而後還,與 子西 、 子期 謀 ， 潛師 閉 涂 ， 逆 越女 之 子 章 立 之 ， 而後 還 。,與 子 西  子 期  謀潛   師  閉 涂  逆 越  女  之  子 章  立  之  而  後  還  。,0.5555555555555556,0.33333333333333337,0.5555555555555556,1.0,0.1851851851851852
初昭王有疾卜曰“河為祟”,初 ， 昭王 有 疾 ， 卜 曰 ： “ 河 為 祟 。 ”,，：初昭王有疾卜曰“河為祟”。，。。，。，。：- ,0.0,0.0,0.0,1.0,0.0
悼公稽首曰“吾子奉義而行者也若我可不必亡一大夫若我不可不必亡一公子義則進否則退敢不唯子是從廢興無以亂則所愿也”,悼公 稽首 ， 曰 ： “ 吾 子 ， 奉義 而 行 者 也 。 若 我 可 ， 不 必 亡 一 大夫 ； 若 我 不 可 ， 不 必 亡 一 公子 。 義 則 進 ， 否 則 退 ， 敢 不 唯 子 是 從 ？ 廢 興 無 以 亂 ， 則 所 愿 也 。 ”,悼公 稽首 曰 “ 吾子 奉義  而 行 者 也 若 我 可 不 必 亡 一 大夫 若 我 不 可 不 必 亡 一 公子義  則進  否 則 退 敢 不 唯 子 是 從廢  興 無 以亂  則 所 愿 也 ”,0.8421052631578948,0.0,0.8421052631578948,1.0,0.0
毛曰“君大訪於陳子而圖其小可也”,毛 曰 ： “ 君 大 訪 於 陳子 ， 而 圖 其 小 可 也 。 ”,毛 曰 “ 君 大 訪 於 陳 子 而 圖 其 小 可 也 ”,0.9032258064516129,0.0,0.9032258064516129,1.0,0.0
使毛遷孺子於駘,使 毛 遷 孺子 於 駘 。,使 毛遷孺  子 於 駘,0.5454545454545454,0.0,0.5454545454545454,1.0,0.0
不樂而出,不 樂 而 出 。,不 樂 而 出,1.0,0.0,1.0,1.0,0.0
茅成子請告於吳不許曰“魯擊柝聞於邾吳二千里不三月不至何及於我且國內豈不足”,茅成子 請 告 於 吳 ， 不 許 ， 曰 ： “ 魯 擊 柝 聞 於 邾 ； 吳 二千 里 ， 不 三 月 不 至 ， 何 及 於 我 ？ 且 國內 豈 不 足 ？ ”,茅 成 子 請 告 於 吳 不 許 曰 “ 魯 擊柝  聞 於 邾 吳 二 千 里 不 三 月 不 至 何 及 於 我 且 國 內 豈 不 足 ”,0.8115942028985507,0.0,0.8115942028985507,1.0,0.0
吳為邾故將伐魯問於叔孫輒,吳 為 邾 故 ， 將 伐 魯 ， 問 於 叔孫輒 。,"，。，。：""吳為邾故""，。""將伐魯""，。""問於叔孫輒""，（）。",0.0,0.3333333333333333,0.0,1.0,0.0
乃請釋子服何於吳吳人許之以王子姑曹當之而後止,乃 請 釋 子服 何 於 吳 ， 吳人 許 之 ， 以 王子姑曹 當 之 ， 而後 止 。,乃 請 釋 子服  何 於 吳  吳人  許 之  以 王子  姑 曹  當 之  而 後 止 ,0.7999999999999999,0.0,0.7999999999999999,1.0,0.0
六月齊侯殺胡姬,六月 ， 齊侯 殺 胡姬 。,六月齊侯殺胡姬，。，。，，。，（）、，-:、。，,0.0,0.6666666666666666,0.0,1.0,0.0
九月臧賓如如齊蒞盟,九月 ， 臧賓如 如 齊 蒞盟 。,，。，。：九月，（），。臧賓如如齊蒞盟，，，,0.0,0.0,0.0,1.0,0.0
公子愬之,公子 愬 之 。,公子愬之，。，。，，。，、,0.0,1.0,0.0,1.0,0.0
鄭武子剩之嬖許瑕求邑無以與之,鄭 武子剩 之 嬖 許瑕 求 邑 ， 無 以 與 之 。,鄭 武子 剩 之嬖  許 瑕 求 邑 無 以與  之 ,0.45454545454545453,0.0,0.45454545454545453,1.0,0.0
季孫曰“不能”,季孫 曰 ： “ 不 能 。 ”,季 孫 曰 “ 不能 ”,0.5,0.0,0.5,1.0,0.0
季氏之甲七千冉有以武城人三百為己徒卒老幼守宮次于雩門之外,季氏 之 甲 七千 ， 冉有 以 武城人 三百 為 己 徒卒 ， 老幼 守 宮 ， 次 于 雩門 之 外 。,，。，。，，。，、，。，。：季氏之甲七千冉有以武城人三百為己徒卒老幼守宮次于雩門之外,0.0,0.0,0.0,1.0,0.0
五日右師從之,五 日 ， 右師 從 之 。,五日右師從之，。，。，，。，、，,0.0,0.6666666666666666,0.0,1.0,0.0
不狃曰“惡賢”,不狃 曰 ： “ 惡 賢 ？ ”,不狃  曰 “ 惡 賢 ”,1.0,0.0,1.0,1.0,0.0
徐步而死,徐步 而 死 。,，：徐步而死。，。，，。，,0.0,1.0,0.0,1.0,0.0
初轅頗為司徒賦封田以嫁公女有餘以為己大器,初 ， 轅頗 為 司徒 ， 賦 封田 以 嫁 公 女 ； 有 餘 ， 以 為 己 大器 。,初 轅 頗 為 司徒 賦 封 田 以 嫁 公 女 有 餘 以 為 己 大 器,0.742857142857143,0.0,0.742857142857143,1.0,0.0
對曰“器成而具”,對 曰 ： “ 器 成 而 具 。 ”,對 曰 “ 器 成 而 具 ”,1.0,0.0,1.0,1.0,0.0
中軍從王胥門巢將上軍王子姑曹將下軍展如將右軍,中軍 從 王 ， 胥門巢 將 上軍 ， 王子姑曹 將 下軍 ， 展如 將 右軍 。,"，。，。：- ""中軍""，，""""（），。- ""從王胥門巢將上軍王子姑曹將下軍展如將右軍""，""""""""，，",0.14285714285714285,0.0,0.0,1.0,0.0
東郭書曰“三戰必死於此三矣”,東郭書 曰 ： “ 三 戰 必 死 ， 於 此 三 矣 。 ”,：，：東郭書曰 ，“三戰必死於此三矣” 。，。，（），。，,0.0,0.0,0.0,1.0,0.0
而拜,而 拜 。,而 拜,1.0,0.0,1.0,1.0,0.0
吳將伐齊越子率其眾以朝焉王及列士皆有饋賂,吳 將 伐 齊 ， 越子 率 其 眾 以 朝 焉 ， 王 及 列士 皆 有 饋賂 。,，。，。：- 吳將伐齊越子率其眾：，，，，。以朝焉王及列士皆有饋賂   ，，,0.0,0.0,0.0,1.0,0.0
弗聽,弗 聽 。,弗 聽,1.0,0.0,1.0,1.0,0.0
冬衛大叔疾出奔宋,冬 ， 衛大叔疾 出奔 宋 。,冬衛  大叔 疾 出 奔 宋,0.2,0.0,0.2,1.0,0.0
及桓氏出城鉏人攻大叔疾衛莊公復之使處巢死焉殯於鄖葬於少禘,及 桓氏 出 ， 城鉏人 攻 大叔疾 ， 衛莊公 復 之 ， 使 處 巢 ， 死 焉 ， 殯 於 鄖 ， 葬 於 少禘 。,，。，。：及桓氏出城鉏人攻大叔疾衛莊公復之使處巢死焉殯於鄖葬於少禘。、、、、、、、、,0.0,0.25,0.0,1.0,0.0
三發卒曰“子為國老待子而行若之何子之不言也”,三 發 ， 卒 曰 ： “ 子 為 國老 ， 待 子 而 行 ， 若之何 子 之 不 言 也 ？ ”,三 發 卒 曰 “ 子 為 國 老 待 子 而 行 若 之  何 子 之 不 言 也 ”,0.8292682926829269,0.0,0.8292682926829269,1.0,0.0
子服景伯謂子貢曰“夫諸侯之會事既畢矣侯伯致禮地主歸餼以相辭也今吳不行禮於衛而藩其君舍以難之子盍見大宰”,子服景伯 謂 子貢 曰 ： “ 夫 諸侯 之 會 ， 事 既 畢 矣 ， 侯伯 致 禮 ， 地主 歸 餼 ， 以 相 辭 也 。 今 吳 不 行禮 於 衛 ， 而 藩 其 君舍 以 難 之 ， 子 盍 見 大宰 ？ ”,子 服 景伯 謂 子貢 曰 “ 夫 諸侯 之 會 事 既畢  矣 侯伯 致 禮 地 主歸餼   以 相辭  也 今 吳 不 行禮  於衛  而藩  其 君 舍 以難  之 子 盍 見 大宰 ”,0.6582278481012659,0.0,0.6582278481012659,1.0,0.0
衛侯歸效夷言,衛侯 歸 ， 效 夷言 。,衛侯歸  效 夷 言 。,0.25,0.6666666666666666,0.25,1.0,0.16666666666666666
九月宋向巢伐鄭取钖殺元公之孫遂圍嵒,九月 ， 宋向巢 伐 鄭 ， 取 钖 ， 殺 元公 之 孫 ， 遂 圍 嵒 。,，。，。：- 九月，（），。- 宋，（），。- 向巢伐鄭取钖殺元公之孫遂圍嵒，，,0.125,0.0,0.0,1.0,0.0
彌庸不可屬徒五千王子地助之,彌庸 不 可 ， 屬 徒 五千 ， 王子地 助 之 。,，。，。：- 彌庸：，。- 不可屬徒五千王子地助之：，，。-,0.1818181818181818,0.4,0.0,1.0,0.07272727272727272
王惡其聞也自剄七人於幕下,王 惡 其 聞 也 ， 自剄 七 人 於 幕下 。,王惡其聞也自剄七人於幕，下。，。，，。，、，。,0.0,0.5,0.0,1.0,0.0
晉人曰“於姬姓我為伯”,晉人 曰 ： “ 於 姬姓 ， 我 為 伯 。 ”,"，。，《》。""晉人""，""曰""，。“於姬姓我為伯”""""",0.0,0.0,0.0,1.0,0.0
趙鞅呼司馬寅曰“日旰矣大事未成二臣之罪也建鼓整列二臣死之長幼必可知也”,趙鞅 呼 司馬寅 曰 ： “ 日旰 矣 ， 大事 未 成 ， 二 臣 之 罪 也 。 建鼓 整列 ， 二 臣 死 之 ， 長幼 必 可 知 也 。 ”,趙鞅   呼  司馬  寅  曰  “  日  旰  矣  大事  未  成  二  臣  之  罪  也  建  鼓  整  列  二  臣  死  之  長  幼  必  可  知  也  ”  。,0.7457627118644067,0.0,0.7457627118644067,1.0,0.0
吳人將以公見晉侯子服景伯對使者曰“王合諸侯則伯帥侯牧以見於王伯合諸侯則侯帥子男以見於伯自王以下朝聘玉帛不同故敝邑之職貢於吳有豐於晉無不及焉以為伯也今諸侯會而君將以寡君見晉君則晉成為伯矣敝邑將改職貢魯賦於吳八百乘若為子男則將半邾以屬於吳而如邾以事晉且執事以伯召諸侯而以侯終之何利之有焉”,吳人 將 以 公 見 晉侯 ， 子服景伯 對 使者 曰 ： “ 王 合 諸侯 ， 則 伯 帥 侯牧 以 見 於 王 ； 伯 合 諸侯 ， 則 侯 帥 子 、 男 以 見 於 伯 。 自 王 以下 ， 朝聘 玉帛 不 同 ； 故 敝邑 之 職貢 於 吳 ， 有 豐 於 晉 ， 無 不 及 焉 ， 以 為 伯 也 。 今 諸侯 會 ， 而 君 將 以 寡君 見 晉君 ， 則 晉 成為 伯 矣 ， 敝邑 將 改 職貢 ： 魯 賦 於 吳 八百 乘 ， 若 為 子 、 男 ， 則 將 半 邾 以 屬 於 吳 ， 而 如 邾 以 事 晉 。 且 執事 以 伯 召 諸侯 ， 而 以 侯 終 之 ， 何 利 之 有 焉 ？ ”,吳人將以   公見晉侯   子服景伯 對 使 者 曰 “ 王 合諸侯則伯帥侯      牧以見於    王伯  合諸侯則侯帥     子男以見於伯     自 王以  下 朝聘 玉帛 不同 故 敝邑 之 職貢於吳   有豐於晉    無 不 及 焉以  為伯  也 今諸侯  會 而 君將以   寡君見  晉君則晉   成 為伯  矣 敝邑將  改 職貢 魯賦於吳    八 百 乘 若 為 子男則將   半邾以   屬於吳   而 如邾以   事晉  且執 事以伯   召諸侯而以侯終之何利之有焉” ,0.2711864406779661,0.0,0.2711864406779661,1.0,0.0
對曰“粱則無矣粗則有之若登首山以呼曰‘庚癸乎’則諾”,對 曰 ： “ 粱 則 無 矣 ， 粗 則 有 之 。 若 登 首山 以 呼 曰 ‘ 庚癸 乎 ’ ， 則 諾 。 ”,對，。：曰，“粱則無矣，粗則有之，若登首山以呼曰‘庚癸乎’則諾”，。，《》。，。，,0.0,0.20000000000000004,0.0,1.0,0.0
子我盟諸陳於陳宗,子我 盟 諸 陳 於 陳宗 。,子 我 盟 諸 陳 於 陳 宗,0.5714285714285715,0.0,0.5714285714285715,1.0,0.0
他日與之言政說遂有寵謂之曰“我盡逐陳氏而立女若何”,他日 ， 與 之 言 政 ， 說 ， 遂 有 寵 ， 謂 之 曰 ： “ 我 盡 逐 陳氏 而 立 女 ， 若何 ？ ”,他 日 與 之 言 政 說 遂 有寵  謂 之 曰 “ 我盡  逐陳  氏 而 立 女 若 何 ”,0.6363636363636364,0.0,0.6363636363636364,1.0,0.0
子行舍於公宮,子行 舍 於 公宮 。,子行舍於公宮，。，。，，。，、，,0.0,1.0,0.0,1.0,0.0
子行抽劍曰“需事之賊也誰非陳宗所不殺子者有如陳宗”,子行 抽 劍 ， 曰 ： “ 需 ， 事 之 賊 也 。 誰 非 陳 宗 ？ 所 不 殺 子 者 ， 有如 陳 宗 ！ ”,子 行 抽劍  曰 “ 需 事 之 賊 也 誰 非 陳 宗 所 不 殺 子 者 有 如 陳 宗 ”,0.8085106382978724,0.0,0.8085106382978724,1.0,0.0
陳氏追之失道於弇中適豐丘,陳氏 追 之 ， 失道 於 弇中 ， 適 豐丘 。,"，。，。：- ""陳氏""，（），。- ""追之失道於弇中適豐丘""，。- """,0.2,0.4,0.0,1.0,0.08000000000000002
宋桓魋之寵害於公公使夫人驟請享焉而將討之,宋桓魋 之 寵 害 於 公 ， 公 使 夫人 驟 請 享 焉 ， 而 將 討 之 。,宋 桓魋  之寵    害  於  公  公  使  夫人驟    請  享  焉  而  將  討  之  。,0.7272727272727272,0.5,0.7272727272727272,1.0,0.3636363636363636
司馬子仲曰“有臣不順神之所惡也而況人乎敢不承命不得左師不可請以君命召之”,司馬子仲 曰 ： “ 有 臣 不 順 ， 神 之 所 惡 也 ， 而 況 人 乎 ？ 敢 不 承命 ！ 不 得 左師 不 可 ， 請 以 君命 召 之 。 ”,司馬子仲 曰 “ 有 臣 不 順 神 之 所 惡 也 而況  人 乎 敢 不 承 命 不 得 左 師 不 可 請 以 君 命 召 之 ”,0.8064516129032259,0.0,0.8064516129032259,1.0,0.0
向魋遂入于曹以叛,向魋 遂 入 于 曹 以 叛 。,向魋 遂 入 于 曹 以 叛 。,1.0,1.0,1.0,1.0,1.0
辭曰“臣之罪大盡滅桓氏可也若以先臣之故而使有後君之惠也若臣則不可以入矣”,辭 曰 ： “ 臣 之 罪 大 ， 盡 滅 桓氏 可 也 。 若 以 先臣 之 故 ， 而 使 有 後 ， 君 之 惠 也 。 若 臣 ， 則 不 可以 入 矣 。 ”,，。，。：辭曰“臣之罪大盡滅桓氏可也若以先臣之故而使有後君之惠也若臣則不可以入矣”。，，，。，。，，,0.0,0.0,0.0,1.0,0.0
秋八月辛丑孟懿子卒成人奔喪弗內袒免哭于衢聽共弗許懼不歸,秋 ， 八月 辛丑 ， 孟懿子 卒 ， 成人 奔喪 ， 弗 內 ； 袒 、 免 ， 哭 于 衢 ， 聽 共 ， 弗 許 ； 懼 ， 不 歸 。,秋 八月 辛丑 孟懿子 卒 成人 奔喪 弗 內袒  免 哭 于 衢聽 共 弗 許 懼 不歸 ,0.7692307692307692,0.0,0.7692307692307692,1.0,0.0
季子將入遇子羔將出曰“門已閉矣”,季子 將 入 ， 遇 子羔 將 出 ， 曰 ： “ 門 已 閉 矣 。 ”,季子 將 入 遇 子羔 將 出 曰 “ 門 已 閉 矣 ”,1.0,0.0,1.0,1.0,0.0
子羔曰“弗及不踐其難”,子羔 曰 ： “ 弗 及 ， 不 踐 其 難 ！ ”,，：子羔曰“弗及不踐其難”。，。。，。，。、,0.0,0.0,0.0,1.0,0.0
莊公害故政,莊公 害 故 政 。,莊公害故政，。，。，，。，、，,0.0,1.0,0.0,1.0,0.0
公誄之曰“旻天不吊不憖遺一老俾屏餘一人以在位煢煢餘在疚嗚呼哀哉尼父無自律”,公 誄 之 曰 ： “ 旻天 不 吊 ， 不 憖遺 一老 ， 俾 屏 餘 一人 以 在位 ， 煢煢 餘 在 疚 。 嗚呼 哀哉 尼父 ！ 無 自律 。 ”,公 誄 之 曰 “ 旻 天 不 吊 不 憖遺  一 老 俾 屏 餘 一 人 以 在 位 煢 煢 餘 在疚嗚呼   哀 哉 尼 父 無 自 律 ”,0.5333333333333333,0.0,0.5333333333333333,1.0,0.0
載伯姬於平陽而行及西門使貳車反祏於西圃,載 伯姬 於 平陽 而 行 ， 及 西門 ， 使 貳車 反 祏 於 西圃 。,載伯姬於平陽而行及西門使貳車反祏於西圃。,0.0,0.5,0.0,1.0,0.0
鄭人復之如初,鄭人 復 之 如 初 。,鄭人復之，。，。，，。，如初、，,0.0,0.0,0.0,1.0,0.0
葉公曰“周仁之謂信率義之謂勇吾聞勝也好復言而求死士殆有私乎復言非信也期死非勇也子必悔之”,葉公 曰 ： “ 周仁 之 謂 信 ， 率義 之 謂 勇 。 吾 聞 勝 也 好 復言 ， 而 求 死士 ， 殆 有 私 乎 ！ 復言 ， 非 信 也 ； 期 死 ， 非 勇 也 -- 子 必 悔 之 。 ”,，。，。，，、。，，、，。，。：葉公曰“周仁之謂信率義之謂勇吾聞勝也好復言而求死士殆有私乎復言非信也期死非勇也子必悔之”,0.0,0.0,0.0,1.0,0.0
勝聞之曰“令尹之狂也得死乃非我”,勝 聞 之 ， 曰 ： “ 令尹 之 狂 也 ！ 得 死 ， 乃 非 我 。 ”,，。，。勝聞之曰，（），，。“令尹之狂也得死乃非我”，,0.0,0.0,0.0,1.0,0.0
乞曰“不可得也”,乞 曰 ： “ 不 可 得 也 。 ”,乞 曰 “ 不可得也 ”,0.6153846153846154,0.0,0.6153846153846154,1.0,0.0
曰“市南有熊宜僚者若得之可以當五百人矣”,曰 ： “ 市 南 有 熊宜僚 者 ， 若 得 之 ， 可以 當 五百 人 矣 。 ”,曰 “ 市南  有  熊  宜僚  者  若  得  之  可以  當  五  百  人  矣  ”,0.7272727272727272,0.0,0.7272727272727272,1.0,0.0
吳人伐慎白公敗之,吳人 伐 慎 ， 白公 敗 之 。,吳人伐慎白公敗之。,0.0,0.6666666666666666,0.0,1.0,0.0
抉豫章以殺人而後死,抉 豫章 以 殺人 而後 死 。,抉 豫章 以 殺人 而 後 死,0.7692307692307692,0.0,0.7692307692307692,1.0,0.0
石乞曰“焚庫弒王不然不濟”,石乞 曰 ： “ 焚 庫 、 弒 王 。 不 然 ， 不 濟 。 ”,。：石乞曰“焚庫弒王不然不濟”。，，，。,0.0,0.0,0.0,1.0,0.0
白公欲子閭為王子閭不可遂劫以兵,白公 欲 子閭 為 王 ， 子閭 不 可 ， 遂 劫 以 兵 。,白公  欲  子閭  為  王  子閭  不可  遂  劫  以  兵  。,0.8695652173913043,0.5,0.8695652173913043,1.0,0.43478260869565216
子閭曰“王孫若安靖楚國匡正王室而後庇焉啟之愿也敢不聽從若將專利以傾王室不顧楚國有死不能”,子閭 曰 ： “ 王孫 若 安靖 楚國 ， 匡正 王室 ， 而後 庇 焉 ， 啟 之 愿 也 ， 敢 不 聽從 ？ 若 將 專利 以 傾 王室 ， 不 顧 楚國 ， 有 死 不 能 。 ”,子閭 曰 “ 王孫 若 安靖 楚國 匡正 王室 而 後 庇 焉 啟 之 愿 也 敢 不聽 從 若 將 專 利 以 傾 王室 不顧  楚國 有 死 不能 ”,0.7575757575757576,0.0,0.7575757575757576,1.0,0.0
遇箴尹固帥其屬將與白公,遇 箴尹固 帥 其 屬 ， 將 與 白公 。,，：遇箴尹固帥其屬將與白公。，。，，，（）。,0.0,0.6666666666666666,0.0,1.0,0.0
乃從葉公,乃 從 葉公 。,乃 從 葉公 。,1.0,1.0,1.0,1.0,1.0
曰“不言將烹”,曰 ： “ 不 言 將 烹 。 ”,曰 “ 不言 將 烹 ”,0.7692307692307692,0.0,0.7692307692307692,1.0,0.0
沈諸梁兼二事國寧乃使寧為令尹使寬為司馬而老於葉,沈諸梁 兼 二 事 ， 國 寧 ， 乃 使 寧 為 令尹 ， 使 寬 為 司馬 ， 而 老 於 葉 。,沈諸梁 兼  二事 國        寧乃使寧  為  令尹  ，  使  寬  為  司馬  而  老  於葉    。,0.6666666666666667,0.5714285714285715,0.6666666666666667,1.0,0.38095238095238104
公曰“諾哉”,公 曰 ： “ 諾 哉 ！ ”,公 曰 “諾  哉 ”,0.7272727272727272,0.0,0.7272727272727272,1.0,0.0
楚白公之亂陳人恃其聚而侵楚,楚白公 之 亂 ， 陳人 恃 其 聚 而 侵 楚 。,"，。，。：""楚白公之亂""，。""陳人""，。""恃其聚而侵楚""""""，""""",0.0,0.0,0.0,1.0,0.0
子穀曰“觀丁父鄀俘也武王以為軍率是以克州蓼服隨唐大啟群蠻彭仲爽申俘也文王以為令尹實縣申息朝陳蔡封畛於汝唯其任也何賤之有”,子穀 曰 ： “ 觀丁父 ， 鄀 俘 也 ， 武王 以 為 軍率 ， 是以 克 州 、 蓼 ， 服 隨 、 唐 ， 大 啟 群 蠻 。 彭仲爽 ， 申 俘 也 ， 文王 以 為 令尹 ， 實 縣 申 、 息 ， 朝 陳 、 蔡 ， 封畛 於 汝 。 唯 其 任 也 ， 何 賤 之 有 ？ ”,，。，。子穀曰，，。：“觀丁父鄀俘也武王以為軍率是以克州蓼服隨唐大啟群蠻彭仲爽申俘也文王以為令尹實縣申息朝陳蔡封畛於汝唯其任也何賤之有”。，。，：，。，（,0.0,0.0,0.0,1.0,0.0
簡子曰“止叔向有言曰‘怙亂滅國者無後’”,簡子 曰 ： “ 止 ， 叔向 有 言 曰 ： ‘ 怙亂 滅國 者 無 後 。 ’ ”,簡子 曰 “ 止 叔向 有 言 曰 ‘ 怙亂 滅 國 者 無 後 ’ ”,0.9090909090909091,0.0,0.9090909090909091,1.0,0.0
戎州人攻之太子疾公子青逾從公戎州人殺之,戎州人 攻 之 ， 太子疾 、 公子青 逾 從 公 ， 戎州人 殺 之 。,"，。，。：- ""戎州人""，（），。- ""攻""，，。- ""之太子疾公子青逾從公戎州人殺之""，，",0.28571428571428575,0.0,0.0,1.0,0.0
皇瑗奔晉召之,皇瑗 奔 晉 ， 召 之 。,皇 瑗 奔 晉 召 之,0.7272727272727272,0.0,0.7272727272727272,1.0,0.0
哀公十八年春宋殺皇瑗,哀公 十八年 春 ， 宋 殺 皇瑗 。,哀公十八年春宋殺皇瑗，。，。，，。，，、，,0.0,0.6666666666666666,0.0,1.0,0.0
及巴師至將卜帥,及 巴師 至 ， 將 卜 帥 。,及 巴 師 至 將 卜 帥,0.7692307692307692,0.0,0.7692307692307692,1.0,0.0
告于吳王曰“寡君之老無恤使陪臣隆敢展謝其不共黃池之役君之先臣志父得承齊盟曰‘好惡同之’今君在難無恤不敢憚勞非晉國之所能及也使陪臣敢展布之”,告 于 吳王 曰 ： “ 寡君 之 老 無恤 使 陪臣 隆 ， 敢 展謝 其 不共 ： 黃池 之 役 ， 君 之 先臣 志父 得 承 齊盟 ， 曰 ‘ 好 惡 同 之 ’ 。 今 君 在 難 ， 無恤 不 敢 憚勞 ， 非 晉國 之 所 能 及 也 ， 使 陪臣 敢 展布 之 。 ”,告 于 吳 王 曰 “ 寡 君 之 老 無 恤 使 陪 臣 隆 敢 展 謝 其 不 共 黃 池 之役  君 之 先 臣 志 父 得 承 齊 盟 曰 ‘ 好 惡 同 之 ’ 今 君 在 難 無 恤 不 敢憚勞   非 晉 國 之 所 能 及 也 使 陪 臣 敢 展 布 之 ”,0.6,0.0,0.6,1.0,0.0
越人以歸,越人 以 歸 。,越人以歸，。，。，，。，、,0.0,1.0,0.0,1.0,0.0
哀公二十三年春宋景曹卒,哀公 二十三年 春 ， 宋景曹 卒 。,，：哀公二十三年春宋景曹卒。，。。，。，。？,0.0,0.6666666666666666,0.0,1.0,0.0
季康子使冉有吊且送葬曰“敝邑有社稷之事使肥與有職競焉是以不得助執紼使求從輿人曰‘以肥之得備彌甥也有不腆先人之產馬使求薦諸夫人之宰其可以稱旌繁乎’”,季康子 使 冉有 吊 ， 且 送葬 ， 曰 ： “ 敝邑 有 社稷 之 事 ， 使 肥 與 有 職競 焉 ， 是以 不 得 助 執紼 ， 使 求 從 輿人 ， 曰 ： ‘ 以 肥 之 得 備 彌 甥 也 ， 有 不腆 先人 之 產馬 ， 使 求 薦 諸 夫人 之 宰 ， 其 可以 稱 旌繁 乎 ！ ’ ”,季康子使    冉有  吊  且  送  葬  曰  “  敝邑有    社稷  之  事使    肥  與有    職  競  焉  是以  不得  助執  紼使    求  從  輿人  曰  ‘  以  肥  之  得備彌      甥  也有    不腆    先人  之  產  馬使    求  薦諸    夫人之宰其可以稱旌繁乎’”,0.4742268041237113,0.0,0.4742268041237113,1.0,0.0
哀公二十四年夏四月晉侯將伐齊使來乞師曰“昔臧文仲以楚師伐齊取穀宣叔以晉師伐齊取汶陽寡君欲徼福於周公愿乞靈於臧氏”,哀公 二十四年 夏 ， 四月 ， 晉侯 將 伐 齊 ， 使 來 乞師 ， 曰 ： “ 昔 臧文仲 以 楚師 伐 齊 ， 取 穀 ； 宣叔 以 晉師 伐 齊 ， 取 汶陽 。 寡君 欲 徼福 於 周公 ， 愿 乞靈 於 臧氏 。 ”,哀公二十  四年  夏  四月  晉侯  將  伐  齊  使  來  乞  師  曰  “  昔  臧文仲  以  楚師  伐  齊  取  穀  宣叔  以  晉師  伐  齊  取  汶陽  寡君  欲徼    福  於  周公  愿  乞靈    於  臧氏”,0.8157894736842104,0.0,0.8157894736842104,1.0,0.0
軍吏令繕將進,軍吏 令 繕 ， 將 進 。,軍吏令繕將進,0.0,0.0,0.0,1.0,0.0
餼臧石牛大史謝之曰“以寡君之在行牢禮不度敢展謝之”,餼 臧石 牛 ， 大史 謝 之 ， 曰 ： “ 以 寡君 之 在 行 ， 牢禮 不 度 ， 敢 展謝 之 。 ”,"，。，。：- ""餼臧石牛""，（），。- ""大史""，，，。- ""謝之曰“以寡君之在行牢禮不度敢展謝之”""，",0.08695652173913045,0.0,0.0,1.0,0.0
衛侯為靈臺于藉圃與諸大夫飲酒焉褚師聲子而登席公怒,衛侯 為 靈臺 于 藉圃 ， 與 諸 大夫 飲酒 焉 ， 褚師聲子 而 登席 ， 公 怒 。,，。，，，。。，。，。：衛侯為靈臺于藉圃與諸大夫飲酒焉褚師聲子而登席公怒（,0.0,0.0,0.0,1.0,0.0
公使侍人納公文懿子之車于池,公 使 侍人 納 公文懿子 之 車 于 池 。,，。：公使侍人納公文懿子之車于池。，。：- ，，，。- ,0.0,1.0,0.0,1.0,0.0
乃載寶以歸,乃 載 寶 以 歸 。,乃 載 寶 以歸  ,0.6666666666666665,0.0,0.6666666666666665,1.0,0.0
懿子知之見子之請逐揮,懿子 知 之 ， 見 子 之 ， 請 逐 揮 。,"，。，。：""懿子""，（），""知之""。""見""，""子之""（），""請逐揮",0.0,0.28571428571428575,0.0,1.0,0.0
季孫曰“請飲彘也以魯國之密邇仇讎臣是以不獲從君克免於大行又謂重也肥”,季孫 曰 ： “ 請 飲 彘 也 ！ 以 魯國 之 密邇 仇讎 ， 臣 是以 不 獲 從 君 ， 克 免 於 大行 ， 又 謂 重 也 肥 。 ”,季 孫 曰 “ 請 飲彘  也  以 魯 國 之 密邇  仇 讎 臣  是 以 不獲  從 君 克 免 於 大 行  又 謂 重 也 肥 ” ,0.6440677966101694,0.0,0.6440677966101694,1.0,0.0
飲酒不樂公與大夫始有惡,飲酒 不 樂 ， 公 與 大夫 始 有 惡 。,飲酒  不  樂  公  與  大夫  始  有  惡  。,1.0,0.6666666666666666,1.0,1.0,0.6666666666666666
師還,師 還 。,師 還,1.0,0.0,1.0,1.0,0.0
祝襄以載書告皇非我,祝襄 以 載書 告 皇非我 。,祝襄以載書告皇非我。,0.0,1.0,0.0,1.0,0.0
哀公二十七年春越子使舌庸來聘且言邾田封于駘上,哀公 二十七年 春 ， 越子 使 舌庸 來 聘 ， 且 言 邾 田 ， 封 于 駘上 。,，。，《》。：哀公二十七年春越子使舌庸來聘且言邾田封于駘上。，。，。,0.0,0.4,0.0,1.0,0.0
公吊焉降禮,公 吊 焉 ， 降禮 。,公 吊 焉 降 禮,0.6666666666666665,0.0,0.6666666666666665,1.0,0.0
鄭駟弘請救于齊,鄭 駟弘 請 救 于 齊 。,，：鄭駟弘請救于齊。，。。，。，。？,0.0,1.0,0.0,1.0,0.0
設乘車兩馬系五邑焉,設 乘車 兩 馬 ， 系 五 邑 焉 。,，。，。：設乘車兩馬系五邑焉。、、、、。，,0.0,0.6666666666666666,0.0,1.0,0.0
知伯聞之乃還曰“我卜伐鄭不卜敵齊”,知伯 聞 之 ， 乃 還 ， 曰 ： “ 我 卜 伐 鄭 ， 不 卜 敵 齊 。 ”,知伯 聞 之 乃 還 曰 “ 我 卜 伐 鄭 不 卜 敵 齊 ”,1.0,0.0,1.0,1.0,0.0
公欲以越伐魯而去三桓秋八月甲戌公如公孫有陘氏,公 欲 以 越 伐 魯 而 去 三桓 ， 秋 ， 八月 甲戌 ， 公 如 公孫有陘氏 。,公 欲  以  越伐    魯  而  去  三  桓  秋  八月  甲戌  公  如  公孫  有陘氏 ,0.7096774193548386,0.0,0.7096774193548386,1.0,0.0
知伯入南里門于桔柣之門,知伯 入 南里 ， 門 于 桔柣 之 門 。,"，。：，；，。""知伯入南里門于桔柣之門""，，",0.0,0.0,0.0,1.0,0.0
初智宣子將以瑤為後智果曰不如宵也,"初 ， 智宣子 將 以 瑤 為 後 ， 智果 曰 ： "" 不 如 宵 也 。",初 智宣子 將  以 瑤 為 後  智果 曰  不如 宵 也 ,0.8799999999999999,0.0,0.8799999999999999,1.0,0.0
瑤之賢於人者五其不逮者一也,瑤 之 賢 於 人 者 五 ， 其 不 逮 者 一 也 。,，。，。：瑤之賢於人者五其不逮者一也。（）。（）、（），。，,0.0,0.6666666666666666,0.0,1.0,0.0
美鬢長大則賢射御足力則賢伎藝畢給則賢巧文辯惠則賢強毅果敢則賢如是而甚不仁夫以其五賢陵人而以不仁行之其誰能待之,美 鬢 長 大 則 賢 ， 射 御 足 力 則 賢 ， 伎 藝 畢 給 則 賢 ， 巧 文 辯 惠 則 賢 ， 強毅 果敢 則 賢 ； 如 是 而 甚 不 仁 。 夫 以 其 五 賢 陵 人 而 以 不 仁 行 之 ， 其 誰 能 待 之 ？,美 鬢 長 大 則 賢 射 御 足 力 則 賢伎  藝畢  給 則 賢 巧 文 辯 惠 則 賢 強 毅 果 敢 則 賢 如 是 而 甚 不 仁 夫 以 其 五 賢 陵 人 而 以 不 仁 行 之 其 誰 能 待 之,0.8846153846153846,0.0,0.8846153846153846,1.0,0.0
若果立瑤也智宗必滅弗聽智果別族於太史為輔氏,"若 果 立 瑤 也 ， 智宗 必 滅 。 "" 弗 聽 。 智果 別 族 於 太史 ， 為 輔氏 。",若 果 立 瑤 也 智 宗 必 滅 弗 聽 智 果 別 族 於 太 史為輔   氏,0.6666666666666667,0.0,0.6666666666666667,1.0,0.0
趙簡子之子長曰伯魯幼曰無恤,趙簡子 之 子 ， 長 曰 伯魯 ， 幼 曰 無恤 。,，：趙簡子之子長曰伯魯幼曰無恤。，。，，，。。，，,0.0,0.5,0.0,1.0,0.0
將置後不知所立乃書訓戒之辭於二簡以授二子曰謹識之,"將 置 後 ， 不 知 所 立 ， 乃 書 訓戒 之 辭 於 二 簡 ， 以 授 二 子 曰 ： "" 謹 識 之 ！ """,將 置 後 不 知 所 立 乃 書 訓 戒 之 辭 於 二 簡 以 授二  子 曰 謹 識 之,0.8695652173913043,0.0,0.8695652173913043,1.0,0.0
三年而問之伯魯不能舉其辭求其簡已失之矣問無恤誦其辭甚習求其簡出諸袖中而奏之,三 年 而 問 之 ， 伯魯 不 能 舉 其 辭 ； 求 其 簡 ， 已 失 之 矣 。 問 無恤 ， 誦 其 辭 甚 習 ； 求 其 簡 ， 出 諸 袖 中 而 奏 之 。,三 年 而 問  之  伯魯  不 能  舉  其 辭  求  其 簡  已 失  之 矣  問  無恤  誦  其 辭甚習       求  其 簡  出諸    袖 中  而  奏  之 ,0.8955223880597014,0.0,0.8955223880597014,1.0,0.0
於是簡子以無恤為賢立以為後,於是 簡子 以 無恤 為 賢 ， 立 以 為 後 。,於 是 簡 子  以 無 恤 為 賢  立 以 為 後 ,0.608695652173913,0.0,0.608695652173913,1.0,0.0
簡子使尹鐸為晉陽請曰以為繭絲乎抑為保障乎簡子曰保障哉,"簡子 使 尹鐸 為 晉陽 ， 請 曰 ： "" 以 為 繭絲 乎 ？ 抑 為 保障 乎 ？ "" 簡子 曰 ： "" 保障 哉 ！ """,，：簡子使尹鐸為晉陽請曰以為繭絲乎抑為保障乎簡子曰保障哉。，。。，，，。，，，,0.0,0.0,0.0,1.0,0.0
尹鐸損其戶數,尹鐸 損 其 戶 數 。,尹 鐸 損 其 戶 數,0.7272727272727272,0.0,0.7272727272727272,1.0,0.0
簡子謂無恤曰晉國有難而無以尹鐸為少無以晉陽為遠必以為歸,"簡子 謂 無恤 曰 ： "" 晉國 有 難 ， 而 無 以 尹鐸 為 少 ， 無 以 晉陽 為 遠 ， 必 以 為 歸 。 """,，。，。：簡子謂無恤曰晉國有難而無以尹鐸為少無以晉陽為遠必以為歸。（）（），。，，。,0.0,0.33333333333333337,0.0,1.0,0.0
及智宣子卒智襄子為政與韓康子魏桓子宴於藍台,及 智宣子 卒 ， 智襄子 為 政 ， 與 韓康子 、 魏桓子 宴 於 藍台 。,及 智宣子 卒 智襄子 為 政 與 韓康子 魏桓子 宴 於 藍台,1.0,0.0,1.0,1.0,0.0
智伯戲康子而侮段規,智伯 戲 康子 而 侮 段規 。,智伯 戲 康子 而 侮 段規,1.0,0.0,1.0,1.0,0.0
智國聞之諫曰主不備難難必至矣,"智國 聞 之 ， 諫 曰 ： "" 主 不 備 難 ， 難 必 至 矣 ！ ""","，。，。：""智國""，，。""聞之""，""""，。""諫曰主不備難難必至矣""，""""",0.0,0.0,0.0,1.0,0.0
智伯曰難將由我我不為難誰敢興之對曰不然夏書有之一人三失怨豈在明不見是圖夫君子能勤小物故無大患今主一宴而恥人之君相又弗備曰不敢興難無乃不可乎蚋蟻蜂蠆皆能害人況君相乎弗聽,"智伯 曰 ： "" 難 將 由 我 。 我 不 為 難 ， 誰 敢 興 之 ！ "" 對 曰 ： "" 不 然 。 夏書 有 之 ： 『 一 人 三 失 ， 怨 豈 在 明 ， 不 見 是 圖 。 』 夫 君子 能 勤 小 物 ， 故 無 大 患 。 今 主 一 宴 而 恥 人 之 君 相 ， 又 弗 備 ， 曰 ： 『 不 敢 興 難 』 ， 無乃 不 可 乎 ！ 蚋 、 蟻 、 蜂 、 蠆 ， 皆 能 害 人 ， 況 君 相 乎 ！ "" 弗 聽 。",智伯 曰 難 將 由 我 我 不 為 難 誰 敢 興 之 對 曰 不 然 夏 書 有 之 一 人 三 失怨豈   在 明 不 見 是 圖 夫 君子 能 勤 小 物 故 無 大 患 今 主 一宴  而 恥 人 之 君 相 又 弗 備 曰 不 敢 興 難 無 乃 不 可 乎蚋  蟻 蜂蠆  皆 能 害 人況  君 相 乎 弗 聽,0.8571428571428572,0.0,0.8571428571428572,1.0,0.0
智伯請地於韓康子康子欲弗與段規曰智伯好利而愎不與將伐我不如與之彼狃於得地必請於他人他人不與必向之以兵然後我得免於患而待事之變矣康子曰善使使者致萬家之邑於智伯,"智伯 請 地 於 韓康子 ， 康子 欲 弗 與 。 段規 曰 ： "" 智伯 好 利 而 愎 ， 不 與 ， 將 伐 我 ； 不 如 與 之 。 彼 狃 於 得 地 ， 必 請 於 他人 ； 他人 不 與 ， 必 向 之 以 兵 ， 然後 ， 我 得 免 於 患 而 待 事 之 變 矣 。 "" 康子 曰 ： "" 善 。 "" 使 使者 致 萬 家 之 邑 於 智伯 。",智伯 請 地 於 韓 康子  康子 欲 弗與   段 規 曰  智伯 好 利 而 愎  不與  將 伐 我  不 如與  之  彼狃  於 得 地  必 請 於他  人他   人 不與   必 向 之 以 兵  然後 我 得 免 於 患 而 待 事 之 變 矣  康子 曰  善  使 使 者 致 萬 家 之 邑 於智伯,0.7441860465116279,0.0,0.7441860465116279,1.0,0.0
智伯悅又求地於魏桓子桓子欲弗與任章曰何故弗與,"智伯 悅 。 又 求 地 於 魏桓子 ， 桓子 欲 弗 與 。 任章 曰 ： "" 何 故 弗 與 ？ """,智伯悅  又 求 地 於 魏 桓子  桓子 欲 弗 與  任 章 曰  何 故  弗 與 ,0.7428571428571428,0.0,0.7428571428571428,1.0,0.0
桓子曰無故索地故弗與任章曰無故索地諸大夫必懼吾與之地智伯必驕彼驕而輕敵此懼而相親以相親之兵待輕敵之人智氏之命必不長矣周書曰將欲敗之必姑輔之將欲取之必姑與之主不如與之以驕智伯然後可以擇交而圖智氏矣奈何獨以吾為智氏質乎,"桓子 曰 ： "" 無 故 索 地 ， 故 弗 與 。 "" 任章 曰 ： "" 無 故 索 地 ， 諸 大夫 必 懼 ； ， 吾 與 之 地 ， 智伯 必 驕 。 彼 驕 而 輕 敵 ， 此 懼 而 相 親 。 以 相 親 之 兵 待 輕 敵 之 人 ， 智氏 之 命 必 不 長 矣 。 周書 曰 ： 『 將 欲 敗 之 ， 必 姑 輔 之 。 將 欲 取 之 ， 必 姑 與 之 。 』 主 不 如 與 之 ， 以 驕 智伯 ， 然後 可以 擇 交 而 圖 智氏 矣 ， 奈何 獨 以 吾 為 智氏 質 乎 ！ """,桓子 曰 無 故 索 地 故 弗 與 任 章 曰 無 故 索 地諸  大夫 必 懼 吾 與 之 地 智 伯 必 驕 彼 驕 而 輕 敵 此 懼 而 相親   以 相親   之 兵 待 輕 敵 之 人 智 氏 之 命 必 不 長 矣 周 書 曰 將 欲敗  之 必 姑輔  之 將 欲 取 之 必 姑 與 之 主 不 如 與 之 以 驕 智 伯 然後 可 以 擇 交 而 圖智氏矣奈何獨以吾為智氏質乎 ,0.7513812154696132,0.0,0.7513812154696132,1.0,0.0
桓子曰善復與之萬家之邑一,"桓子 曰 ： "" 善 。 "" 復 與 之 萬 家 之 邑 一 。","，。""桓子曰"" ，，。 ""善""，，""""""""，。 ""復與之萬家之邑一""，，""""""""，",0.14285714285714288,0.3333333333333333,0.0,1.0,0.04761904761904762
智伯又求蔡皋狼之地於趙襄子襄子弗與智伯怒帥韓魏之甲以攻趙氏,智伯 又 求 蔡 、 皋狼 之 地 於 趙襄子 ， 襄子 弗 與 。 智伯 怒 ， 帥 韓 、 魏 之 甲 以 攻 趙氏 。,"，。，。，""""，。""""，，，。：""智伯又求蔡皋狼之地於趙襄子襄子弗與智伯怒帥韓魏之甲以攻趙氏",0.0,0.0,0.0,1.0,0.0
襄子將出曰吾何走乎,"襄子 將 出 ， 曰 ： "" 吾 何 走 乎 ？ ""","：，""襄子將出曰吾何走乎""。，（）。，、。，。，",0.0,0.0,0.0,1.0,0.0
從者曰長子近且城厚完,"從者 曰 ： "" 長子 近 ， 且 城 厚 完 。 """,從者曰長子近，。，。，，。，、，且城厚完。,0.0,0.4,0.0,1.0,0.0
襄子曰民罷力以完之又斃死以守之其誰與我,"襄子 曰 ： "" 民 罷 力 以 完 之 ， 又 斃死 以 守 之 ， 其 誰 與 我 ！ """,，：襄子曰民罷力以完之又斃死以守之其誰與我。，。。，。，。，，,0.0,0.0,0.0,1.0,0.0
從者曰邯鄲之倉庫實,"從者 曰 ： "" 邯鄲 之 倉庫 實 。 """,，：從者曰邯鄲之倉庫實。，。。，。，。：- ,0.0,0.6666666666666666,0.0,1.0,0.0
襄子曰浚民之膏澤以實之又因而殺之其誰與我其晉陽乎先主之所屬也尹鐸之所寬也民必和矣乃走晉陽,"襄子 曰 ： "" 浚 民 之 膏澤 以 實 之 ， 又 因 而 殺 之 ， 其 誰 與 我 ！ 其 晉陽 乎 ， 先主 之 所 屬 也 ， 尹鐸 之 所 寬 也 ， 民 必 和 矣 。 "" 乃 走 晉陽 。",襄子 曰 浚 民 之 膏澤  以 實 之 又因  而 殺 之 其 誰 與 我 其 晉陽  乎 先 主 之 所 屬 也 尹 鐸 之 所寬  也 民 必 和 矣 乃 走 晉陽 ,0.8421052631578947,0.0,0.8421052631578947,1.0,0.0
三家以國人圍而灌之城不浸者三版沈灶產鼁民無叛意,三 家 以 國人 圍 而 灌 之 ， 城 不 浸 者 三 版 ； 沈 灶 產 鼁 ， 民 無 叛 意 。,，。，。，，。，、，。，。：三家以國人圍而灌之城不浸者三版沈灶產鼁民無叛意,0.0,0.0,0.0,1.0,0.0
智伯行水魏桓子御韓康子驂乘,智伯 行 水 ， 魏桓子 御 ， 韓康子 驂乘 。,"，。，。：- ""智伯""，（），。- ""行水魏桓子御韓康子驂乘""，""""""""，",0.22222222222222224,0.0,0.0,1.0,0.0
智伯曰吾乃今知水可以亡人國也桓子肘康子康子履桓子之跗以汾水可以灌安邑絳水可以灌平陽也,"智伯 曰 ： "" 吾 乃 今 知 水 可以 亡 人 國 也 。 "" 桓子 肘 康子 ， 康子 履 桓子 之 跗 ， 以 汾水 可以 灌 安邑 ， 絳水 可 以 灌 平陽 也 。",，。。智伯曰，，。吾乃今知，，。水可以亡人國也，，，，，，。桓子肘康子，康子履桓子之跗以汾水可以灌安邑絳水可以灌平陽也,0.0,0.4,0.0,1.0,0.0
絺疵謂智伯曰韓魏必反矣智伯曰子何以知之絺疵曰以人事知之夫從韓魏之兵以攻趙趙亡難必及韓魏矣,"絺疵 謂 智伯 曰 ： "" 韓 、 魏 必 反 矣 。 "" 智伯 曰 ： "" 子 何 以 知 之 ？ "" 絺疵 曰 ： "" 以 人 事 知 之 。 夫 從 韓 、 魏 之 兵 以 攻 趙 ， 趙 亡 ， 難 必 及 韓 、 魏 矣 。",絺疵 謂 智伯 曰 韓  魏 必 反 矣  智伯 曰 子  何 以 知 之  絺疵 曰  以 人  事 知 之  夫 從韓    魏 之 兵  以 攻 趙  趙 亡  難 必 及韓    魏 矣 ,0.9230769230769231,0.0,0.9230769230769231,1.0,0.0
今約勝趙而三分其地城不沒者三版人馬相食城降有日而二子無喜志有憂色是非反而何明日智伯以絺疵之言告二子二子曰此夫讒人欲為趙氏遊說使主疑於二家而懈於攻趙氏也不然夫二家豈不利朝夕分趙氏之田而欲為危難不可成之事乎二子出絺疵入曰主何以臣之言告二子也智伯曰子何以知之對曰臣見其視臣端而趨疾知臣得其情故也智伯不悛絺疵請使於齊,"今 約 勝 趙 而 三 分 其 地 ， 城 不 沒 者 三 版 ， 人 馬 相 食 ， 城 降 有 日 ， 而 二 子 無 喜志 ， 有 憂色 ， 是 非 反 而 何 ？ "" 明日 ， 智伯 以 絺疵 之 言 告 二 子 ， 二 子 曰 ： "" 此 夫 讒人 欲 為 趙氏 遊說 ， 使 主 疑 於 二 家 而 懈 於 攻 趙氏 也 。 不 然 ， 夫 二 家 豈 不 利 朝夕 分 趙氏 之 田 ， 而 欲 為 危難 不 可 成 之 事 乎 ！ "" 二 子 出 ， 絺疵 入 曰 ： "" 主 何 以 臣 之 言 告 二 子 也 ？ "" 智伯 曰 ： "" 子 何 以 知 之 ？ "" 對 曰 ： "" 臣 見 其 視 臣 端 而 趨 疾 ， 知 臣 得 其 情 故 也 。 "" 智伯 不 悛 ． 絺疵 請 使 於 齊 。",，。，，。，，，。，，。：今約勝趙而三分其地城不沒者三版人馬相食城降有日而二子無喜志有憂色是非反而何明日智伯以絺疵之言告二子二子曰此夫讒人欲為趙氏遊說使主疑於二家而懈於攻趙氏也不然夫二家豈不利朝夕分趙氏之田而欲為危難不可成之事乎二子出絺疵入曰主何以臣之言告二子也智伯曰子何以知之對曰臣見其視臣端而趨疾知臣得其情故也智伯不悛絺疵請使於齊。，，。，。，，、,0.0,0.07692307692307693,0.0,1.0,0.0
趙襄子使張孟談潛出見二子曰臣聞唇亡則齒寒今智伯帥韓魏以攻趙趙亡則韓魏為之次矣,"趙襄子 使 張孟談 潛 出 見 二 子 ， 曰 ： "" 臣 聞 唇 亡 則 齒 寒 。 今 智伯 帥 韓 、 魏 以 攻 趙 ， 趙 亡 則 韓 、 魏 為 之 次 矣 。 """,趙 襄子  使  張孟談潛    出  見  二  子  曰  臣聞    唇亡    則  齒  寒  今  智伯  帥  韓  魏  以  攻  趙  趙  亡  則韓    魏  為  之次矣  ,0.6885245901639345,0.0,0.6885245901639345,1.0,0.0
二子曰我心知其然也恐事未遂而謀洩則禍立至矣張孟談曰謀出二主之口入臣之耳何傷也二子乃潛與張孟談約為之期日而遣之,"二 子 曰 ： "" 我 心 知 其 然 也 ； 恐 事 未 遂 而 謀 洩 ， 則 禍 立 至 矣 。 "" 張孟談 曰 ： "" 謀 出 二 主 之 口 ， 入 臣 之 耳 ， 何 傷 也 ！ "" 二 子 乃 潛 與 張孟談 約 ， 為 之 期日 而 遣 之 。",二 子 曰 我 心 知 其 然 也 恐 事 未 遂 而謀  洩 則 禍 立 至 矣 張 孟談  曰謀  出 二 主 之 口 入 臣 之 耳 何 傷 也 二 子 乃潛  與 張 孟談  約 為 之 期 日 而遣  之,0.7835051546391752,0.0,0.7835051546391752,1.0,0.0
襄子夜使人殺守堤之吏而決水灌智伯軍智伯軍救水而亂韓魏翼而擊之襄子將卒犯其前大敗智伯之眾遂殺智伯盡滅智氏之族,襄子 夜 使 人 殺 守 堤 之 吏 ， 而 決 水 灌 智伯 軍 。 智伯 軍 救 水 而 亂 ， 韓 、 魏 翼 而 擊 之 ， 襄子 將 卒 犯 其 前 ， 大 敗 智伯 之 眾 ， 遂 殺 智伯 ， 盡 滅 智氏 之 族 。,，。，。，，，。，。：襄子夜使人殺守堤之吏而決水灌智伯軍智伯軍救水而亂韓魏翼而擊之襄子將卒犯其前大敗智伯之眾遂殺智伯盡滅智氏之族。，。,0.0,0.19999999999999998,0.0,1.0,0.0
唯輔果在,唯 輔果 在 。,唯 輔 果 在,0.5714285714285715,0.0,0.5714285714285715,1.0,0.0
三家分智氏之田趙襄子漆智伯之頭以為飲器,三 家 分 智氏 之 田 。 趙襄子 漆 智伯 之 頭 ， 以 為 飲器 。,，。，。：- 三家。- 分，。- 智氏之田，，。- ，趙襄子漆智伯之頭以為飲器（,0.11111111111111112,0.28571428571428575,0.0,1.0,0.03174603174603175
智伯之臣豫讓欲為之報仇乃詐為刑人挾匕首入襄子宮中塗廁,智伯 之 臣 豫讓 欲 為 之 報 仇 ， 乃 詐 為 刑人 ， 挾 匕首 ， 入 襄子 宮 中 塗 廁 。,智伯  之  臣  豫讓  欲  為  之  報仇  乃  詐  為  刑人  挾  匕首  入  襄子  宮中  塗  廁  。,0.8500000000000001,0.4,0.8500000000000001,1.0,0.3400000000000001
襄子如廁心動索之獲豫讓,襄子 如 廁 心 動 ， 索 之 ， 獲 豫讓 。,襄子 如 廁 心 動索之獲豫讓,0.5714285714285714,0.0,0.5714285714285714,1.0,0.0
左右欲殺之襄子曰智伯死無後而此人欲為報仇真義士也吾謹避之耳乃捨之,"左右 欲 殺 之 ， 襄子 曰 ： "" 智伯 死 無 後 ， 而 此 人 欲 為 報 仇 ， 真 義士 也 ， 吾 謹 避 之 耳 。 "" 乃 捨 之 。",左 右 欲 殺 之 襄 子 曰 智 伯 死 無 後 而此  人 欲 為 報仇  真 義 士 也 吾 謹 避 之 耳 乃捨  之,0.6315789473684211,0.0,0.6315789473684211,1.0,0.0
豫讓又漆身為癩吞炭為啞,豫讓 又 漆 身 為 癩 ， 吞 炭 為 啞 。,豫讓  又  漆  身  為  癩  吞  炭  為  啞  。,1.0,0.6666666666666666,1.0,1.0,0.6666666666666666
行乞於市其妻不識也行見其友其友識之為之泣曰以子之才臣事趙孟必得近幸子乃為所欲為顧不易邪,"行 乞 於 市 ， 其 妻 不 識 也 。 行 見 其 友 ， 其 友 識 之 ， 為 之 泣 曰 ： "" 以 子 之 才 ， 臣 事 趙孟 ， 必 得 近 幸 ， 子 乃 為 所 欲 為 ， 顧 不 易 邪 ？",行乞於市其妻不識也 行見其友 其友識之 為之泣曰 以子之才 臣事趙孟 必得近幸 子乃為所欲為 顧不易邪,0.0,0.0,0.0,1.0,0.0
何乃自苦如此求以報仇不亦難乎豫讓曰既已委質為臣而又求殺之是二心也凡吾所為者極難耳然所以為此者將以愧天下後世之為人臣懷二心者也襄子出豫讓伏於橋下襄子至橋馬驚索之得豫讓遂殺之,"何 乃 自 苦 如 此 ？ 求 以 報 仇 ， 不 亦 難 乎 ！ "" 豫讓 曰 ： "" 既 已 委質 為 臣 ， 而 又 求 殺 之 ， 是 二心 也 。 凡 吾 所 為 者 ， 極 難 耳 。 然 所 以 為 此 者 ， 將 以 愧 天下 後世 之 為 人臣 懷 二心 者 也 。 "" 襄子 出 ， 豫讓 伏 於 橋 下 。 襄子 至 橋 ， 馬 驚 ； 索 之 ， 得 豫讓 ， 遂 殺 之 。",何乃自苦如此 求以報仇 不亦難乎 豫讓曰 既已委質為臣 而又求殺之 是二心也 凡吾所為者 極難耳 然所以為此者 將以愧天下後世之為人臣 懷二心者也 襄子出 豫讓伏於橋下 襄子至橋 馬驚索之 得豫讓 遂殺之,0.0,0.0,0.0,1.0,0.0
襄子為伯魯之不立也有子五人不肯置後封伯魯之子於代曰代成君早卒立其子浣為趙氏後,襄子 為 伯魯 之 不 立 也 ， 有 子 五 人 ， 不 肯 置 後 。 封 伯魯 之 子 於 代 ， 曰 代成君 ， 早 卒 ； 立 其 子 浣 為 趙氏 後 。,，：襄子為伯魯之不立也有子五人不肯置後封伯魯之子於代曰代成君早卒立其子浣為趙氏後。，。。，，，。，，，,0.0,0.25,0.0,1.0,0.0
襄子卒弟桓子逐浣而自立一年卒趙氏之人曰桓子立非襄主意乃共殺其子復迎浣而立之是為獻子,"襄子 卒 ， 弟 桓子 逐 浣 而 自 立 ； 一 年 卒 。 趙氏 之 人 曰 ： "" 桓子 立 非 襄 主 意 。 "" 乃 共 殺 其 子 ， 復 迎 浣 而 立 之 ， 是 為 獻子 。",襄子 卒 弟 桓子 逐 浣 而 自 立 一 年 卒  趙氏 之 人 曰 桓子 立 非 襄 主 意  乃 共 殺 其 子 復 迎 浣 而 立 之  是 為 獻子 ,1.0,0.0,1.0,1.0,0.0
獻子生籍是為烈侯,獻子 生 籍 ， 是 為 烈侯 。,：。：獻子生籍是為烈侯。，。：- ：，（），。,0.0,0.6666666666666666,0.0,1.0,0.0
魏斯者魏桓子之孫也是為文侯,魏斯 者 ， 魏桓子 之 孫 也 ， 是 為 文侯 。,，：魏斯者魏桓子之孫也是為文侯。，。，，，，，。，,0.0,0.5,0.0,1.0,0.0
韓康子生武子武子生虔是為景侯,韓康子 生 武子 ； 武子 生 虔 ， 是 為 景侯 。,韓 康子 生 武子  武子 生虔   是 為 景侯 ,0.6666666666666666,0.0,0.6666666666666666,1.0,0.0
魏文侯以卜子夏田子方為師,魏文侯 以 卜子夏 、 田子方 為 師 。,"：，""魏文侯以卜子夏田子方為師""。，。：""""（）。",0.0,0.6666666666666666,0.0,1.0,0.0
每過段干木之廬必式,每 過 段干木 之 廬 必 式 。,每 過 段 干木 之廬  必 式,0.5714285714285714,0.0,0.5714285714285714,1.0,0.0
四方賢士多歸之,四方 賢 士 多 歸 之 。,四方 賢士 多歸  之,0.4,0.0,0.4,1.0,0.0
文侯與群臣飲酒樂而天雨命駕將適野左右曰今日飲酒樂天又雨君將安之文侯曰吾與虞人期獵雖樂豈可無一會期哉乃往身自罷之,"文侯 與 群 臣 飲 酒 ， 樂 ， 而 天 雨 ， 命 駕 將 適 野 。 左右 曰 ： "" 今日 飲 酒 樂 ， 天 又 雨 ， 君 將 安 之 ？ "" 文侯 曰 ： "" 吾 與 虞人 期 獵 ， 雖 樂 ， 豈 可 無 一 會 期 哉 ？ "" 乃 往 ， 身 自 罷 之 。",文侯與群臣飲酒樂而天雨命駕將適野左右曰今日飲酒樂天又雨君將安之文侯曰吾與虞人期獵雖樂豈可無一會期哉乃往身自罷之,0.0,0.0,0.0,1.0,0.0
韓借師於魏以伐趙文侯曰寡人與趙兄弟也不敢聞命趙借師於魏以伐韓文侯應之亦然二國皆怒而去已而知文侯以講於己也皆朝於魏,"韓 借 師 於 魏 以 伐 趙 ， 文侯 曰 ： "" 寡人 與 趙 ， 兄弟 也 ， 不 敢 聞 命 。 "" 趙 借 師 於 魏 以 伐 韓 ， 文侯 應 之 亦 然 。 二 國 皆 怒 而 去 。 已而 知 文侯 以 講 於 己 也 ， 皆 朝 於 魏 。",韓 借 師 於 魏 以 伐 趙 文 侯 曰 寡 人 與 趙 兄弟 也 ， 不 敢 聞 命 。 趙 借 師 於 魏 以 伐 韓 文 侯 應 之 亦 然 ， 二 國 皆 怒 而 去 。 已 而 知 文 侯 以 講 於 己 也 ， 皆 朝 於 魏 。,0.8571428571428572,0.625,0.8571428571428572,1.0,0.5357142857142858
魏於是始大於三晉諸侯莫能與之爭,魏 於是 始 大 於 三晉 ， 諸侯 莫 能 與 之 爭 。,魏          於是始大於  三  晉  諸侯  莫  能  與  之爭    。,0.4761904761904762,0.6666666666666666,0.4761904761904762,1.0,0.31746031746031744
使樂羊伐中山克之以封其子擊文侯問於群臣曰我何如主皆曰仁君任座曰君得中山不以封君之弟而以封君之子何謂仁君文侯怒任座趨出,"使 樂羊 伐 中山 ， 克 之 ； 以 封 其 子 擊 。 文侯 問 於 群 臣 曰 ： "" 我 何 如 主 ？ "" 皆 曰 ： "" 仁君 。 "" 任座 曰 ： "" 君 得 中山 ， 不 以 封 君 之 弟 而 以 封 君 之 子 ， 何 謂 仁君 ！ "" 文侯 怒 ， 任座 趨 出 。",使 樂羊 伐 中山 克 之  以 封 其 子  擊 文侯 問 於 群 臣 曰  我 何 如 主  皆 曰  仁 君  任 座 曰  君 得 中山  不 以 封 君 之 弟 而 以 封 君 之 子  何 謂 仁 君  文侯 怒  任 座 趨 出 ,0.8823529411764707,0.0,0.8823529411764707,1.0,0.0
次問翟璜對曰仁君文侯曰何以知之對曰臣聞君仁則臣直向者任座之言直臣是以知之文侯悅使翟璜召任座而反之親下堂迎之以為上客,"次 問 翟璜 ， 對 曰 ： "" 仁君 。 "" 文侯 曰 ： "" 何 以 知 之 ？ "" 對 曰 ： "" 臣 聞 君 仁 則 臣 直 。 向者 任座 之 言 直 ， 臣 是 以 知 之 。 "" 文侯 悅 ， 使 翟璜 召 任座 而 反 之 ， 親 下 堂 迎 之 ， 以 為 上客 。",次 問 翟璜 對 曰  仁 君 文侯 曰  何 以 知 之  對 曰  臣 聞  君 仁 則 臣 直  向 者  任 座 之 言  直 臣  是 以 知 之  文侯悅   使 翟璜 召 任 座 而 反 之  親 下 堂 迎 之  以 為 上 客 ,0.8200000000000001,0.0,0.8200000000000001,1.0,0.0
文侯與田子方飲文侯曰鐘聲不比乎,"文侯 與 田子方 飲 ， 文侯 曰 ： "" 鐘 聲 不 比 乎 ？",文侯與田子方飲文侯曰鐘聲不比乎,0.0,0.0,0.0,1.0,0.0
左高,"左 高 。 """,左 高,1.0,0.0,1.0,1.0,0.0
田子方笑文侯曰何笑子方曰臣聞之君明樂官不明樂音今君審於音臣恐其聾於官也,"田子方 笑 。 文侯 曰 ： "" 何 笑 ？ "" 子方 曰 ： "" 臣 聞 之 ， 君 明 樂 官 ， 不 明 樂 音 ， 今 君 審 於 音 ， 臣 恐 其 聾 於 官 也 。 """,田子方 笑 文侯 曰  何 笑  子方 曰  臣 聞 之  君 明 樂 官  不 明 樂 音  今 君 審 於 音  臣 恐 其 聾 於 官 也 ,1.0,0.0,1.0,1.0,0.0
文侯曰善,"文侯 曰 ： "" 善 。 """,，：文侯曰善。，。。，。，。,0.0,0.6666666666666666,0.0,1.0,0.0
子擊出遭田子方於道下車伏謁,子擊 出 ， 遭 田子方 於 道 ， 下 車 伏 謁 。,子擊出遭田子方於道下車伏謁,0.0,0.0,0.0,1.0,0.0
子方不為禮子擊怒謂子方曰富貴者驕人乎貧賤者驕人乎子方曰亦貧賤者驕人耳富貴者安敢驕人國君而驕人則失其國大夫而驕人則失其家失其國者未聞有以國待之者也失其家者未聞有以家待之者也夫士貧賤者言不用行不合則納履而去耳安往而不得貧賤哉子擊乃謝之,"子方 不 為 禮 。 子擊 怒 ， 謂 子方 曰 ： "" 富貴 者 驕 人 乎 ？ 貧賤 者 驕 人 乎 ？ "" 子方 曰 ： "" 亦 貧賤 者 驕 人 耳 ， 富貴 者 安 敢 驕 人 ！ 國君 而 驕 人 則 失 其 國 ， 大夫 而 驕 人 則 失 其 家 。 失 其 國 者 未 聞 有 以 國 待 之 者 也 ， 失 其 家 者 未 聞 有 以 家 待 之 者 也 。 夫 士 貧賤 者 ， 言 不 用 ， 行 不 合 則 納 履 而 去 耳 ， 安 往 而 不 得 貧賤 哉 ！ "" 子擊 乃 謝 之 。",子 方 不 為 禮子擊    怒 謂子   方 曰  富 貴者驕人    乎  貧 賤者驕人    乎子   方 曰  亦 貧 賤者驕人    耳  富 貴者  安 敢驕人國     君 而驕人   則失其國     大 夫 而驕人   則失其   家失其國者       未 聞 有 以國  待 之者  也失其    家者   未 聞 有 以 家 待 之者  也  夫 士  貧 賤者   言 不 用行不合則納履而去耳安往而不得貧賤哉子擊乃謝之 ,0.30379746835443033,0.0,0.30379746835443033,1.0,0.0
文侯謂李克曰先生嘗有言曰家貧思良妻國亂思良相今所置非成則璜二子何如,"文侯 謂 李克 曰 ： "" 先生 嘗 有 言 曰 ： 『 家 貧 思 良 妻 ， 國 亂 思 良 相 。 』 今 所 置 非 成 則 璜 ， 二 子 何 如 ？ """,文侯 謂 李克 曰 先生 嘗 有言  曰 家 貧 思 良妻 國亂  思 良相 今 所 置 非 成 則璜  二 子 何 如,0.7272727272727272,0.0,0.7272727272727272,1.0,0.0
對曰卑不謀尊疏不謀戚臣在闕門之外不敢當命,"對 曰 ： "" 卑 不 謀 尊 ， 疏 不 謀 戚 。 臣 在 闕門 之 外 ， 不 敢 當 命 。 ""","，。，""對曰""，""""，。""卑不謀尊疏不謀戚臣在闕門""""""，""""，""""，""""之外不敢當命",0.0,0.0,0.0,1.0,0.0
文侯曰先生臨事勿讓克曰君弗察故也居視其所親富視其所與達視其所舉窮視其所不為貧視其所不取五者足以定之矣何待克哉文侯曰先生就舍吾之相定矣,"文侯 曰 ： "" 先生 臨 事 勿 讓 ！ "" 克 曰 ： "" 君 弗 察 故 也 。 居 視 其 所 親 ， 富 視 其 所 與 ， 達 視 其 所 舉 ， 窮 視 其 所 不 為 ， 貧 視 其 所 不 取 ， 五 者 足 以 定 之 矣 ， 何 待 克 哉 ！ "" 文侯 曰 ： "" 先生 就 舍 ， 吾 之 相 定 矣 。 """,文侯 曰 先生 臨事 勿 讓  克 曰 君 弗 察 故 也  居 視 其 所 親  富 視 其 所 與  達 視 其 所舉窮    視 其 所 不 為  貧 視 其 所 不 取  五 者 足 以 定 之 矣  何 待 克 哉  文侯 曰 先生 就 舍  吾 之 相 定 矣 ,0.9421487603305785,0.0,0.9421487603305785,1.0,0.0
李克出見翟璜翟璜曰今者聞君召先生而卜相果誰為之克曰魏成翟璜忿然作色曰西河守吳起臣所進也,"李克 出 ， 見 翟璜 。 翟璜 曰 ： "" 今 者 聞 君 召 先生 而 卜 相 ， 果 誰 為 之 ？ "" 克 曰 ： "" 魏成 。 "" 翟璜 忿然 作色 曰 ： "" 西河 守 吳起 ， 臣 所 進 也 。","，。，""""""""。，""""，。，，，。，，。：""李克出見翟璜翟璜曰今者聞君召先生而卜相果誰為之克曰魏成翟璜忿然作色曰西河守吳起臣所進也",0.0,0.0,0.0,1.0,0.0
君內以鄴為憂臣進西門豹,君 內 以 鄴 為 憂 ， 臣 進 西門豹 。,君 內  以 鄴 為 憂 臣  進 西門  豹 ,0.8421052631578948,0.0,0.8421052631578948,1.0,0.0
君欲伐中山臣進樂羊中山已拔無使守之臣進先生君之子無傅臣進屈侯鮒,君 欲 伐 中山 ， 臣 進 樂羊 。 中山 已 拔 ， 無 使 守 之 ， 臣 進 先生 。 君 之 子 無 傅 ， 臣 進 屈侯鮒 。,君 欲伐  中山  臣進   樂 羊  中山 已 拔  無 使 守 之  臣進   先生  君 之 子  無 傅  臣進   屈 侯 鮒 ,0.6122448979591836,0.0,0.6122448979591836,1.0,0.0
以耳目之所睹記臣何負於魏成,"以 耳 目 之 所 睹 記 ， 臣 何 負 於 魏成 ！ """,，：以耳目之所睹記臣何負於魏成。，。。，。，。，，,0.0,0.0,0.0,1.0,0.0
李克曰子言克於子之君者豈將比周以求大官哉,"李克 曰 ： "" 子 言 克 於 子 之 君 者 ， 豈 將 比周 以 求 大官 哉 ？",李 克 曰 子 言 克 於 子 之 君 者 豈 將 比 周 以 求 大 官 哉,0.7567567567567567,0.0,0.7567567567567567,1.0,0.0
君問相於克克之對如是,君 問 相 於 克 ， 克 之 對 如 是 。,君 問 相 於 克  克 之 對 如 是 ,1.0,0.0,1.0,1.0,0.0
所以知君之必相魏成者魏成食祿千鐘什九在外什一在內是以東得卜子夏田子方段干木,所 以 知 君 之 必 相 魏成 者 ， 魏成 食祿 千 鐘 ， 什 九 在 外 ， 什 一 在 內 ； 是 以 東 得 卜子夏 、 田子方 、 段干木 。,所以 知 君 之 必 相 魏 成 者  魏 成 食祿  千 鐘 什 九 在 外 什 一 在 內  是 以 東 得 卜 子 夏 田 子 方 段 干 木 ,0.6666666666666665,0.0,0.6666666666666665,1.0,0.0
此三人者君皆師之子所進五人者君皆臣之子惡得與魏成比也,"此 三 人 者 ， 君 皆 師 之 ： 子 所 進 五 人 者 ， 君 皆 臣 之 。 子 惡 得 與 魏成 比 也 ！ """,，：此三人者君皆師之子所進五人者君皆臣之子惡得與魏成比也。，。，。，，，,0.0,0.0,0.0,1.0,0.0
翟璜逡巡再拜曰璜鄙人也失對願卒為弟子,"翟璜 逡巡 再 拜 曰 ： "" 璜 ， 鄙人 也 ， 失 對 ， 願 卒 為 弟子 。 """,，。，。：翟璜逡巡再拜曰璜鄙人也失對願卒為弟子。（）。、、、、、、、,0.0,0.33333333333333337,0.0,1.0,0.0
吳起者衛人仕於魯齊人伐魯魯人欲以為將起取齊女為妻魯人疑之起殺妻以求將大破齊師或譖之魯侯曰起始事曾參母死不奔喪曾參絕之今又殺妻以求為君將起殘忍薄行人也,"吳起 者 ， 衛 人 ， 仕 於 魯 。 齊 人 伐 魯 ， 魯 人 欲 以 為 將 ， 起 取 齊 女 為 妻 ， 魯 人 疑 之 ， 起 殺 妻 以 求 將 ， 大 破 齊 師 。 或 譖 之 魯侯 曰 ： "" 起 始 事 曾參 ， 母 死 不 奔喪 ， 曾參 絕 之 ； 今 又 殺 妻 以 求 為 君 將 。 起 ， 殘忍 薄行 人 也 ！",吳 起 者衛  人 仕 於 魯 齊 人 伐 魯 魯 人 欲 以 為 將 起 取齊  女 為 妻魯  人 疑 之 起殺  妻 以 求                                  將大破齊師或譖之魯侯曰 起始事曾參母死不奔喪曾參絕之今又殺妻以求為君將起 殘忍薄行人也  ,0.4646464646464647,0.0,0.4646464646464647,1.0,0.0
且以魯國區區而有勝敵之名則諸侯圖魯矣起恐得罪聞魏文侯賢乃往歸之文侯問諸李克李克曰起貪而好色然用兵司馬穰苴弗能過也,"且 以 魯國 區區 而 有 勝 敵 之 名 ， 則 諸侯 圖 魯 矣 。 "" 起 恐 得 罪 ， 聞 魏文侯 賢 ， 乃 往 歸 之 。 文侯 問 諸 李克 ， 李克 曰 ： "" 起 貪 而 好 色 ； 然 用 兵 ， 司馬穰苴 弗 能 過 也 。 """,且  以  魯國  區區  而  有  勝  敵  之  名  則  諸侯  圖  魯  矣  起  恐  得罪  聞  魏  文侯  賢  乃  往歸    之  文侯  問  諸  李克  李克  曰  起  貪  而  好  色  然  用兵  司馬穰苴弗能過也,0.7857142857142856,0.0,0.7857142857142856,1.0,0.0
於是文侯以為將擊秦拔五城,於是 文侯 以 為 將 ， 擊 秦 ， 拔 五 城 。,於 是 文侯  以 為 將  擊 秦  拔 五 城 ,0.8571428571428572,0.0,0.8571428571428572,1.0,0.0
起之為將與士卒最下者同衣食臥不設席行不騎乘親裹贏糧與士卒分勞苦卒有病疽者起為吮之,起 之 為 將 ， 與 士卒 最 下 者 同 衣食 ， 臥 不 設 席 ， 行 不 騎乘 ， 親 裹 贏 糧 ， 與 士卒 分 勞苦 。 卒 有 病 疽 者 ， 起 為 吮 之 。,起之為將與士卒最下者同衣食臥不設席行不騎乘親裹贏糧與士卒分勞苦卒有病疽者起為吮之,0.0,0.0,0.0,1.0,0.0
卒母聞而哭之人曰子卒也而將軍自吮其疽何哭為母曰非然也往年吳公吮其父疽其父戰不旋踵遂死於敵吳公今又吮其子妾不知其死所矣是以哭之,"卒 母 聞 而 哭 之 。 人 曰 ： "" 子 ， 卒 也 ， 而 將軍 自 吮 其 疽 ， 何 哭 為 ？ "" 母 曰 ： "" 非 然 也 。 往年 吳公 吮 其 父 疽 ， 其 父 戰 不 旋踵 ， 遂 死 於 敵 。 吳公 今 又 吮 其 子 ， 妾 不 知 其 死 所 矣 ， 是以 哭 之 。 """,卒 母 聞 而 哭 之  人 曰  子 卒 也  而 將軍 自 吮 其 疽  何 哭 為  母 曰  非 然 也  往年 吳公 吮 其 父疽   其 父 戰 不 旋踵  遂 死 於 敵  吳公 今 又 吮 其 子  妾 不 知 其 死 所 矣  是 以 哭 之 ,0.9464285714285714,0.0,0.9464285714285714,1.0,0.0
燕愍公薨子僖公立,燕愍公 薨 ， 子 僖公 立 。,燕愍公薨子僖公立，。，。，，。，，。,0.0,0.6666666666666666,0.0,1.0,0.0
王崩子安王驕立,王 崩 ， 子 安王 驕 立 。,，。，。，，。、。，王崩子安王驕立,0.0,0.0,0.0,1.0,0.0
盜殺楚聲王國人立其子悼王,盜 殺 楚聲王 ， 國人 立 其 子 悼王 。,，：盜殺楚聲王國人立其子悼王。，。。，，，。,0.0,0.6666666666666666,0.0,1.0,0.0
秦伐魏至陽孤,秦 伐 魏 ， 至 陽孤 。,秦伐   魏 至陽   孤  。,0.22222222222222224,0.6666666666666666,0.22222222222222224,1.0,0.14814814814814814
魏韓趙伐楚至桑丘,魏 、 韓 、 趙 伐 楚 ， 至 桑丘 。,"：，""魏韓趙伐楚至桑丘""。，。，。：- """" （），",0.0,0.4,0.0,1.0,0.0
鄭圍韓陽翟,鄭 圍 韓 陽翟 。,鄭圍韓陽翟。,0.0,1.0,0.0,1.0,0.0
韓景侯薨子烈侯取立,韓景侯 薨 ， 子 烈侯 取 立 。,"：，""韓景侯薨子烈侯取立""。，。：- ：（）- ：- ：（",0.0,0.6666666666666666,0.0,1.0,0.0
趙烈侯薨國人立其弟武侯,趙烈侯 薨 ， 國人 立 其 弟 武侯 。,，：趙烈侯薨國人立其弟武侯。，。。，，，。,0.0,0.6666666666666666,0.0,1.0,0.0
秦簡公薨子惠公立,秦簡公 薨 ， 子 惠公 立 。,秦簡公薨子惠公立，。，。，，。，、，,0.0,0.6666666666666666,0.0,1.0,0.0
王子定奔晉,王子定 奔 晉 。,王子，。，。，，。定奔晉，、,0.0,0.0,0.0,1.0,0.0
虢山崩壅河,虢山 崩 ， 壅 河 。,虢山崩壅河，。，。，，。，、，,0.0,0.6666666666666666,0.0,1.0,0.0
楚圍鄭鄭人殺其相駟子陽,楚 圍 鄭 。 鄭人 殺 其 相 駟子陽 。,楚圍鄭鄭人殺其相駟子陽，。，。，，。，、，。,0.0,0.6666666666666666,0.0,1.0,0.0
日有食之,日 有 食 之 。,，：日有食之。，。。，。，。？,0.0,1.0,0.0,1.0,0.0
三月盜殺韓相俠累俠累與濮陽嚴仲子有惡仲子聞軹人聶政之勇以黃金百溢為政母壽欲因以報仇,三月 ， 盜 殺 韓 相 俠累 。 俠累 與 濮陽 嚴仲子 有 惡 。 仲子 聞 軹人 聶政 之 勇 ， 以 黃金 百 溢 為 政 母 壽 ， 欲 因 以 報 仇 。,，。，。，，。，，。，。：三月盜殺韓相俠累俠累與濮陽嚴仲子有惡仲子聞軹人聶政之勇以黃金百溢為政母壽欲因以報仇,0.0,0.0,0.0,1.0,0.0
政不受曰老母在政身未敢以許人也及母卒仲子乃使政刺俠累,"政 不 受 ， 曰 ： "" 老母 在 ， 政 身 未 敢 以 許 人 也 ！ "" 及 母 卒 ， 仲子 乃 使 政 刺 俠累 。",，：政不受曰老母在政身未敢以許人也及母卒仲子乃使政刺俠累。，。。，，，。，，。,0.0,0.2857142857142857,0.0,1.0,0.0
俠累方坐府上兵衛甚眾聶政直入上階刺殺俠累因自皮面決眼自屠出腸韓人暴其屍於市購問莫能識其姊嫈聞而往哭之曰是軹深井里聶政也,"俠累 方 坐 府 上 ， 兵 衛 甚 眾 ， 聶政 直 入 上階 ， 刺 殺 俠累 ， 因 自 皮 面 決 眼 ， 自 屠 出 腸 。 韓人 暴 其 屍 於 市 ， 購 問 ， 莫 能 識 。 其 姊 嫈 聞 而 往 ， 哭 之 曰 ： "" 是 軹 深井里 聶政 也 ！",，。，。：俠累方坐府上兵衛甚眾聶政直入上階刺殺俠累因自皮面決眼自屠出腸韓人暴其屍於市購問莫能識其姊嫈聞而往哭之曰是軹深井里聶政也。，？。，。：,0.0,0.0,0.0,1.0,0.0
以妾尚在之故重自刑以絕從妾奈何畏歿身之誅終滅賢弟之名遂死於政屍之旁,"以 妾 尚 在 之 故 ， 重 自 刑 以 絕 從 。 妾 奈何 畏 歿 身 之 誅 ， 終 滅 賢 弟 之 名 ！ "" 遂 死 於 政 屍 之 旁 。","，。，。：以妾尚在之故重自刑以絕從妾奈何畏歿身之誅終滅賢弟之名遂死於政屍之旁。（""""），（""""），（""",0.0,0.33333333333333337,0.0,1.0,0.0
鄭駟子陽之黨弒繻公而立其弟乙是為康公,鄭 駟子陽 之 黨 弒 繻公 ， 而 立 其 弟 乙 ， 是 為 康公 。,鄭  駟子陽    之黨弒      繻公  而  立  其弟  乙  是  為  康公  。,0.7200000000000001,0.5,0.7200000000000001,1.0,0.36000000000000004
宋悼公薨子休公田立,宋悼公 薨 ， 子 休公田 立 。,宋悼公薨子休公田立，。，。，，。，、，,0.0,0.6666666666666666,0.0,1.0,0.0
齊伐魯取最,齊 伐 魯 ， 取 最 。,齊 伐 魯 取 最 。,1.0,0.6666666666666666,1.0,1.0,0.6666666666666666
鄭負黍叛復歸韓,鄭 負黍 叛 ， 復 歸 韓 。,鄭 負黍 叛 復歸  韓,0.7272727272727272,0.0,0.7272727272727272,1.0,0.0
魏伐鄭,魏 伐 鄭 。,魏 伐 鄭,1.0,0.0,1.0,1.0,0.0
晉烈公薨子孝公傾立,晉烈公 薨 ， 子 孝公 傾 立 。,"，。，。：- ""晉烈公薨子孝""：，""""，""公傾立""（），""",0.0,0.0,0.0,1.0,0.0
秦伐韓宜陽取六邑,秦 伐 韓 宜陽 ， 取 六 邑 。,秦伐  韓 宜陽 取 六 邑,0.7692307692307692,0.0,0.7692307692307692,1.0,0.0
初田常生襄子盤盤生莊子白白生太公和,初 ， 田常 生 襄子盤 ， 盤 生 莊子白 ， 白 生 太公和 。,初 田常 生 襄子 盤盤 生 莊子 白白 生 太公 和,0.47619047619047616,0.0,0.47619047619047616,1.0,0.0
是歲齊田和遷齊康公於海上使食一城以奉其先祀,是 歲 ， 齊 田和 遷 齊康公 於 海上 ， 使 食 一 城 ， 以 奉 其 先祀 。,是歲齊   田 和遷齊     康 公於   海 上  使  食 一 城  以奉   其 先 祀 ,0.3225806451612903,0.0,0.3225806451612903,1.0,0.0
秦晉戰於武城,秦 、 晉 戰 於 武城 。,秦晉戰於武城，。，。，，。，、，,0.0,0.6666666666666666,0.0,1.0,0.0
齊伐魏取襄陽,齊 伐 魏 ， 取 襄陽 。,齊 伐 魏 取 襄陽 。,1.0,0.6666666666666666,1.0,1.0,0.6666666666666666
魯敗齊師於平陸,魯 敗 齊師 於 平陸 。,魯敗  齊 師 於 平 陸 。,0.1818181818181818,1.0,0.1818181818181818,1.0,0.1818181818181818
秦侵晉,秦 侵 晉 。,秦 侵 晉,1.0,0.0,1.0,1.0,0.0
齊田和會魏文侯楚人衛人於濁澤求為諸侯魏文侯為之請於王及諸侯王許之,齊 田和 會 魏文侯 、 楚人 、 衛人 於 濁澤 ， 求 為 諸侯 。 魏文侯 為 之 請 於 王 及 諸侯 ， 王 許 之 。,齊  田和  會  魏  文侯  楚人  衛人  於  濁澤  求為    諸侯  魏  文侯為    之  請  於  王  及  諸侯  王  許  之  。,0.7727272727272727,0.2857142857142857,0.7727272727272727,1.0,0.22077922077922077
秦伐蜀取南鄭,秦 伐 蜀 ， 取 南鄭 。,秦伐   蜀 取  南 鄭,0.4000000000000001,0.0,0.4000000000000001,1.0,0.0
魏文侯薨太子擊立是為武侯,魏文侯 薨 ， 太子擊 立 ， 是 為 武侯 。,，：魏文侯薨太子擊立是為武侯。，。。，。，。。,0.0,0.5,0.0,1.0,0.0
武侯浮西河而下中流顧謂吳起曰美哉山河之固此魏國之寶也對曰在德不在險昔三苗氏左洞庭右彭蠡德義不修禹滅之,"武侯 浮 西河 而 下 ， 中流 顧 謂 吳起 曰 ： "" 美 哉 山河 之 固 ， 此 魏國 之 寶 也 ！ "" 對 曰 ： "" 在 德 不 在 險 。 昔 三苗氏 ， 左 洞庭 ， 右 彭蠡 ， 德 義 不 修 ， 禹 滅 之 。",武侯  浮  西河  而  下  中流  顧  謂  吳起  曰  美哉  山河  之  固  此  魏國  之  寶  也  對  曰  在  德  不  在  險  昔  三苗氏  左  洞庭  右  彭蠡  德義  不  修  禹  滅  之  。,0.9230769230769231,0.16666666666666669,0.9230769230769231,1.0,0.15384615384615388
夏桀之居左河濟右泰華伊闕在其南羊腸在其北修政不仁湯放之,夏桀 之 居 ， 左 河濟 ， 右 泰華 ， 伊闕 在 其 南 ， 羊腸 在 其 北 ； 修 政 不 仁 ， 湯 放 之 。,，。，。，，。，、，。，。：夏桀之居左河濟右泰華伊闕在其南羊腸在其北修政不仁湯放之,0.0,0.0,0.0,1.0,0.0
商紂之國左孟門右太行常山在其北大河經其南修政不德武王殺之,商紂 之 國 ， 左 孟門 ， 右 太行 ， 常山 在 其 北 ， 大河 經 其 南 ； 修 政 不 德 ， 武王 殺 之 。,，。：商紂之國左孟門右太行常山在其北大河經其南。，，，（），。，修政不德，武王殺之。,0.0,0.4,0.0,1.0,0.0
由此觀之在德不在險若君不修德舟中之人皆敵國也武侯曰善,"由 此 觀 之 ， 在 德 不 在 險 。 若 君 不 修 德 ， 舟 中 之 人 皆 敵國 也 ！ "" 武侯 曰 ： "" 善 。 ""","：，""由此觀之在德不在險若君不修德舟中之人皆敵國也武侯曰善""。，。：，（），，。""""。",0.0,0.2857142857142857,0.0,1.0,0.0
魏置相相田文,魏 置 相 ， 相 田文 。,魏置相相田文，。，。，，。，、，,0.0,0.6666666666666666,0.0,1.0,0.0
吳起不悅謂田文曰請與子論功可乎田文曰可起曰將三軍使士卒樂死敵國不敢謀子孰與起文曰不如子,"吳起 不 悅 ， 謂 田文 曰 ： "" 請 與 子 論 功 可 乎 ？ "" 田文 曰 ： "" 可 。 "" 起 曰 ： "" 將 三軍 ， 使 士卒 樂 死 ， 敵國 不 敢 謀 ， 子 孰 與 起 ？ "" 文 曰 ： "" 不 如 子 。 ""","，。，《》。""吳起不悅""，。""謂田文曰""，""""，""""，""""，""  ""。""請與子論功可乎田文曰""，，可起曰將三軍使士卒樂死敵國不敢謀子孰與起文曰不如子。""""",0.0,0.125,0.0,1.0,0.0
起曰治百官親萬民實府庫子孰與起文曰不如子,"起 曰 ： "" 治 百官 ， 親 萬民 ， 實 府庫 ， 子 孰 與 起 ？ "" 文 曰 ： "" 不 如 子 。 ""","，。，。""起曰""，""""（），""""。""治百官親萬民實府庫子孰與起文曰不如子""""""，""""，""""""""，，""""",0.0,0.0,0.0,1.0,0.0
起曰守西河秦兵不敢東鄉韓趙賓從子孰與起文曰不如子,"起 曰 ： "" 守 西河 ， 秦 兵 不 敢 東 鄉 ， 韓 、 趙 賓 從 ， 子 孰 與 起 ？ "" 文 曰 ： "" 不 如 子 。 ""","。，。：- ""起曰""，，（）。，""""，。- ""守西河秦兵不敢東鄉韓趙賓從子孰與起文曰不如子""，""""，""""",0.0,0.0,0.0,1.0,0.0
起曰此三者子皆出吾下而位居吾上何也文曰主少國疑大臣未附百姓不信方是之時屬之子乎屬之我乎,"起 曰 ： "" 此 三 者 子 皆 出 吾 下 ， 而 位 居 吾 上 ， 何 也 ？ "" 文 曰 ： "" 主 少 國 疑 ， 大臣 未 附 ， 百姓 不 信 ， 方 是 之 時 ， 屬 之 子 乎 ， 屬 之 我 乎 ？ """,起 曰 此 三 者 子 皆 出 吾 下 而  位居 吾 上 何 也 文 曰 主 少 國 疑 大 臣 未 附 百 姓 不 信 方 是 之 時 屬 之 子      乎屬之我乎 ？,0.810126582278481,0.16666666666666669,0.810126582278481,1.0,0.13502109704641352
起默然良久曰屬之子矣,"起 默然 良久 曰 ： "" 屬 之 子 矣 ！ """,，。，。：起默然良久曰屬之子矣。（）。、、，,0.0,0.0,0.0,1.0,0.0
久之魏相公叔尚主而害吳起,久之 ， 魏 相 公叔 尚 主 而 害 吳起 。,"：，""久之魏相公叔尚主而害吳起""。，。。""""，""""，。""""",0.0,0.6666666666666666,0.0,1.0,0.0
公叔之僕曰起易去也起為人剛勁自喜,"公叔 之 僕 曰 ： "" 起 易 去 也 。 起 為 人 剛勁 自 喜 。",公叔  之  僕  曰  起  易  去  也  起為    人剛勁      自    喜  。,0.7692307692307692,0.5,0.7692307692307692,1.0,0.3846153846153846
子先言於君曰吳起賢人也而君之國小臣恐起之無留心也君盍試延以女起無留心則必辭矣子因與起歸而使公主辱子起見公主之賤子也必辭則子之計中矣,"子 先 言 於 君 曰 ： 『 吳起 ， 賢 人 也 ， 而 君 之 國 小 ， 臣 恐 起 之 無 留 心 也 。 君 盍 試 延 以 女 ， 起 無 留 心 ， 則 必 辭 矣 。 』 子 因 與 起 歸 而 使 公主 辱 子 ， 起 見 公主 之 賤 子 也 ， 必 辭 ， 則 子 之 計 中 矣 。 """,子 先 言 於 君 曰  吳起 賢人 也  而 君 之 國 小  臣 恐 起 之 無 留 心 也  君 盍 試 延 以 女  起 無 留 心  則 必 辭 矣  子 因 與 起歸  而 使 公主 辱 子  起 見 公主 之 賤 子 也  必 辭  則 子 之 計 中矣 ,0.9256198347107438,0.0,0.9256198347107438,1.0,0.0
公叔從之吳起果辭公主魏武侯疑之而未信起懼誅遂奔楚,公叔 從 之 ， 吳起 果 辭 公主 。 魏武侯 疑 之 而 未 信 ， 起 懼 誅 ， 遂 奔 楚 。,，：公叔從之吳起果辭公主魏武侯疑之而未信起懼誅遂奔楚。，。。，。，。。，,0.0,0.33333333333333337,0.0,1.0,0.0
楚悼王素聞其賢至則任之為相起明法審令捐不急之官癈公族疏遠者以撫養戰鬥之士要在強兵破遊說之言從橫者,楚悼王 素 聞 其 賢 ， 至 則 任 之 為 相 。 起 明法 審令 ， 捐 不 急 之 官 ， 癈 公族 疏遠 者 ， 以 撫養 戰鬥 之 士 ， 要 在 強 兵 ， 破 遊說 之 言 從橫 者 。,楚  悼  王  素  聞  其  賢  至  則  任  之  為  相  起  明  法  審  令  捐  不  急  之  官  癈  公  族  疏  遠  者  以  撫  養  戰鬥    之  士  要  在  強  兵破遊說之言從橫者,0.6493506493506495,0.0,0.6493506493506495,1.0,0.0
於是南平百越北卻三晉西伐秦諸侯皆患楚之強而楚之貴戚大臣多怨吳起者,。 於是 南 平 百越 ， 北 卻 三晉 ， 西 伐 秦 ， 諸侯 皆 患 楚 之 強 ； 而 楚 之 貴戚 大臣 多 怨 吳起 者 。,於 是 南 平 百 越 北 卻 三 晉 西伐  秦 諸侯 皆 患 楚 之 強 而 楚 之 貴 戚 大 臣 多 怨 吳 起 者,0.6181818181818183,0.0,0.6181818181818183,1.0,0.0
秦惠公薨子出公立,秦惠公 薨 ， 子 出公 立 。,秦惠公薨子出公立，。，。，，。，、，,0.0,0.6666666666666666,0.0,1.0,0.0
趙武侯薨國人復立烈侯之太子章是為敬侯,趙武侯 薨 ， 國人 復 立 烈侯 之 太子 章 ， 是 為 敬侯 。,，。，。：- 趙武侯，（），。- 薨，，，。- 國人復立烈侯之太子章，是為敬侯,0.26666666666666666,0.3333333333333333,0.0,1.0,0.08888888888888888
韓烈侯薨子文侯立,韓烈侯 薨 ， 子 文侯 立 。,"：，""韓烈侯薨子文侯立""。，。：- ：（）- ：，- ：",0.0,0.6666666666666666,0.0,1.0,0.0
初命齊大夫田和為諸侯,初 命 齊 大夫 田和 為 諸侯 。,初 命 齊 大夫 田 和 為 諸侯,0.7999999999999999,0.0,0.7999999999999999,1.0,0.0
趙公子朝作亂奔魏與魏襲邯鄲不克,趙 公子 朝 作亂 ， 奔 魏 ； 與 魏 襲 邯鄲 ， 不 克 。,，。：趙公子朝作亂奔魏與魏襲邯鄲不克。：- ：，（），。- ：，。-,0.0,0.4,0.0,1.0,0.0
秦庶長改逆獻公於河西而立之殺出子及其母沈之淵旁,秦 庶長 改 逆 獻公 於 河西 而 立 之 ； 殺 出子 及 其 母 ， 沈 之 淵 旁 。,"，。，。：- ""秦庶長""，（""""），。- ""改逆獻公於河西而立之殺出子及其母沈之淵旁""。""""（），""",0.0,0.4,0.0,1.0,0.0
韓伐鄭取陽城伐宋執宋公,韓 伐 鄭 ， 取 陽城 ； 伐 宋 ， 執 宋公 。,"：，""韓伐鄭取陽城伐宋執宋公""。，。。""""（），。""""",0.0,0.4,0.0,1.0,0.0
齊太公薨子桓公午立,齊太公 薨 ， 子 桓公 午 立 。,"：，""齊太公薨子桓公午立""。，。。""""（），",0.0,0.6666666666666666,0.0,1.0,0.0
魏敗趙師於兔台,魏 敗 趙師 於 兔台 。,魏敗  趙 師 於 兔 台 。,0.1818181818181818,1.0,0.1818181818181818,1.0,0.1818181818181818
日有食之既,日 有 食 之 ， 既 。,，：日有食之既。，。，，，。。,0.0,0.6666666666666666,0.0,1.0,0.0
楚悼王薨貴戚大臣作亂攻吳起起走之王屍而伏之,楚悼王 薨 。 貴戚 大臣 作亂 ， 攻 吳起 ； 起 走 之 王屍 而 伏 之 。,楚悼王薨 貴戚大臣作亂攻 吳起 起走之王屍而伏之。,0.11111111111111112,0.4,0.11111111111111112,1.0,0.04444444444444445
擊起之徒因射刺起並中王屍,擊 起 之 徒 因 射 刺 起 ， 並 中 王 屍 。,"：，""擊起之徒因射刺起並中王屍""。，。。""""，。，",0.0,0.6666666666666666,0.0,1.0,0.0
既葬肅王即位使令尹盡誅為亂者坐起夷宗者七十餘家,既 葬 ， 肅王 即 位 ， 使 令尹 盡 誅 為 亂 者 ； 坐 起 夷 宗 者 七十餘 家 。,，。，。：- 既葬肅王即位使令尹盡誅為亂者坐起夷宗者七十餘家：，。，，，。-,0.0,0.4,0.0,1.0,0.0
齊伐燕取桑丘魏韓趙伐齊至桑丘,齊 伐 燕 ， 取 桑丘 。 魏 、 韓 、 趙 伐 齊 ， 至 桑丘 。,，。：齊伐燕取桑丘魏韓趙伐齊至桑丘。，、、，。，,0.0,0.2857142857142857,0.0,1.0,0.0
趙襲衛不克,趙 襲 衛 ， 不 克 。,趙 襲衛  不 克,0.6666666666666665,0.0,0.6666666666666665,1.0,0.0
齊康公薨無子田氏遂並齊而有之,齊康公 薨 ， 無 子 ， 田氏 遂 並 齊 而 有 之 。,齊 康公 薨 無 子 田 氏 遂 並 齊 而 有 之,0.7500000000000001,0.0,0.7500000000000001,1.0,0.0
狄敗魏師於澮,狄 敗 魏師 於 澮 。,狄敗  魏 師 於 澮,0.4000000000000001,0.0,0.4000000000000001,1.0,0.0
魏韓趙伐齊至靈丘,魏 、 韓 、 趙 伐 齊 ， 至 靈丘 。,，：魏韓趙伐齊至靈丘。，。。，。。,0.0,0.4,0.0,1.0,0.0
晉孝公薨子靖公俱酒立,晉孝公 薨 ， 子 靖公 俱酒 立 。,，：晉孝公薨子靖公俱酒立。，。，，。，，，,0.0,0.6666666666666666,0.0,1.0,0.0
蜀伐楚取茲方,蜀 伐 楚 ， 取 茲方 。,蜀伐楚取茲方。,0.0,0.6666666666666666,0.0,1.0,0.0
子思言苟變於衛侯曰其才可將五百乘,"子思 言 苟變 於 衛侯 曰 ： "" 其 才 可 將 五百 乘 。 """,，：子思言苟變於衛侯曰其才可將五百乘。，。。，，，。，,0.0,0.6666666666666666,0.0,1.0,0.0
公曰吾知其可將然變也嘗為吏賦於民而食人二雞子故弗用也子思曰夫聖人之官人猶匠之用木也取其所長棄其所短故杞梓連抱而有數尺之朽良工不棄今君處戰國之世選爪牙之士而以二卵棄干城之將此不可使聞於鄰國也公再拜曰謹受教矣,"公 曰 ： "" 吾 知 其 可 將 ； 然 變 也 嘗 為 吏 ， 賦 於 民 而 食 人 二 雞子 ， 故 弗 用 也 。 "" 子思 曰 ： "" 夫 聖人 之 官 人 ， 猶 匠 之 用 木 也 ， 取 其 所 長 ， 棄 其 所 短 ； 故 杞梓 連抱 而 有 數 尺 之 朽 ， 良 工 不 棄 。 今 君 處 戰國 之 世 ， 選 爪牙 之 士 ， 而 以 二 卵 棄 干 城 之 將 ， 此 不 可 使 聞 於 鄰國 也 。 "" 公 再 拜 曰 ： "" 謹 受教 矣 ！ """,公 曰 吾 知 其 可 將 然 變 也 嘗 為 吏 賦 於 民 而 食 人 二 雞 子 故 弗 用 也  子 思 曰  夫 聖 人之  官 人 猶 匠之  用 木 也  取 其 所 長棄   其 所 短  故 杞 梓 連 抱 而 有 數 尺之朽    良 工 不棄   今 君 處 戰 國之  世  選 爪 牙之  士  而 以 二 卵棄  干 城之  將  此 不 可 使聞於鄰國也公再拜曰謹受教矣  ,0.6744186046511628,0.0,0.6744186046511628,1.0,0.0
衛侯言計非是而群臣和者如出一口,衛侯 言 計 非 是 ， 而 群 臣 和 者 如 出 一 口 。,衛侯 言 計 非 是 而 群 臣 和 者 如 出 一 口,1.0,0.0,1.0,1.0,0.0
子思曰以吾觀衛所謂君不君臣不臣者也,"子思 曰 ： "" 以 吾 觀 衛 ， 所 謂 『 君 不 君 ， 臣 不 臣 』 者 也 ！ """,子 思 曰  以 吾 觀衛   所 謂 君 不 君 臣 不 臣 者 也 ,0.8125,0.0,0.8125,1.0,0.0
公丘懿子曰何乃若是,"公丘懿子 曰 ： "" 何 乃 若 是 ？ """,公丘懿子曰何乃若是。,0.0,0.0,0.0,1.0,0.0
子思曰人主自臧則眾謀不進,"子思 曰 ： "" 人主 自 臧 ， 則 眾 謀 不 進 。","，。，，《》。：- ""子思曰""，，（）。。- ""人主自臧則眾謀不進",0.0,0.0,0.0,1.0,0.0
事是而臧之猶卻眾謀況和非以長惡乎,事 是 而 臧 之 ， 猶 卻 眾 謀 ， 況 和 非 以 長 惡 乎 ！,事 是 而 臧 之 猶 卻 眾 謀況  和 非 以 長 惡  乎,0.9032258064516129,0.0,0.9032258064516129,1.0,0.0
夫不察事之是非而悅人讚己暗莫甚焉不度理之所在而阿諛求容諂莫甚焉,夫 不 察 事 之 是非 而 悅 人 讚 己 ， 暗 莫 甚 焉 ； 不 度 理 之 所 在 而 阿諛 求容 ， 諂 莫 甚 焉 。,夫 不 察 事 之 是 非 而悅  人讚  己 暗 莫甚 焉  不 度 理 之 所 在 而 阿 諛 求 容諂  莫甚 焉,0.5925925925925927,0.0,0.5925925925925927,1.0,0.0
君暗臣諂以居百姓之上民不與也若此不已國無類矣,"君 暗 臣 諂 ， 以 居 百姓 之 上 ， 民 不 與 也 。 若 此 不 已 ， 國 無 類 矣 ！ """,君 暗 臣 諂 以 居 百姓 之 上  民 不 與 也  若 此 不 已  國 無 類 矣 ,1.0,0.0,1.0,1.0,0.0
子思言於衛侯曰君之國事將日非矣公曰何故對曰有由然焉君出言自以為是而卿大夫莫敢矯其非卿大夫出言亦自以為是而士庶人莫敢矯其非君臣既自賢矣而群下同聲賢之賢之則順而有福矯之則逆而有禍如此則善安從生詩曰具曰予聖誰知烏之雌雄抑亦似君之君臣乎,"子思 言 於 衛侯 曰 ： "" 君 之 國事 將 日 非 矣 ！ "" 公 曰 ： "" 何 故 ？ "" 對 曰 ： "" 有 由 然 焉 。 君 出 言 自 以 為 是 ， 而 卿 大夫 莫 敢 矯 其 非 ； 卿 大夫 出 言 亦 自 以 為 是 ， 而 士 庶人 莫 敢 矯 其 非 。 君 臣 既 自 賢 矣 ， 而 群下 同 聲 賢 之 ， 賢 之 則 順 而 有 福 ， 矯 之 則 逆 而 有 禍 ， 如 此 則 善 安 從 生 ！ 詩 曰 ： 『 具 曰 予 聖 ， 誰 知 烏 之 雌 雄 ？ 』 抑 亦 似 君 之 君 臣 乎 ！ """,，。，，。：。，，；，，。，，。：子思言於衛侯曰君之國事將日非矣公曰何故對曰有由然焉君出言自以為是而卿大夫莫敢矯其非卿大夫出言亦自以為是而士庶人莫敢矯其非君臣既自賢矣而群下同聲賢之賢之則順而有福矯之則逆而有禍如此則善安從生詩曰具曰予聖誰知烏之雌雄抑亦似君之君臣乎。，。,0.0,0.0,0.0,1.0,0.0
魯穆公薨子共公奮立,魯穆公 薨 ， 子 共公 奮 立 。,"：，""魯穆公薨子共公奮立""。，。。""""（），",0.0,0.6666666666666666,0.0,1.0,0.0
韓文侯薨子哀侯立,韓文侯 薨 ， 子 哀侯 立 。,韓文侯薨子哀侯立，。，。，，。，、，,0.0,0.6666666666666666,0.0,1.0,0.0
王崩子烈王喜立,王 崩 ， 子 烈王 喜 立 。,王崩子烈王喜立，。，。，，。，、，,0.0,0.6666666666666666,0.0,1.0,0.0
魏韓趙共廢晉靖公為家人而分其地,魏 、 韓 、 趙 共 廢 晉靖公 為 家人 而 分 其 地 。,"，。，。：- ""魏韓趙""，（、、），，。- ""共廢晉靖公為家人而分其地""，",0.0,0.0,0.0,1.0,0.0
日有食之,日 有 食 之 。,，：日有食之。，。。，。，。？,0.0,1.0,0.0,1.0,0.0
韓滅鄭因徙都之,韓 滅 鄭 ， 因 徙 都 之 。,韓 滅 鄭 因 徙 都 之,1.0,0.0,1.0,1.0,0.0
趙敬侯薨子成侯種立,趙敬侯 薨 ， 子 成侯 種 立 。,"：，""趙敬侯薨子成侯種立""。，。：- """"：（），。- """"：，",0.0,0.6666666666666666,0.0,1.0,0.0
燕敗齊師於林狐,燕 敗 齊師 於 林狐 。,燕敗  齊 師 於 林 狐,0.1818181818181818,0.0,0.1818181818181818,1.0,0.0
魯伐齊入陽關,魯 伐 齊 ， 入 陽關 。,魯伐齊入陽關，。，。，，。，，,0.0,0.6666666666666666,0.0,1.0,0.0
魏伐齊至博陵,魏 伐 齊 ， 至 博陵 。,，：魏伐齊至博陵。，。，，，、、、、,0.0,0.6666666666666666,0.0,1.0,0.0
燕僖公薨子桓公立,燕僖公 薨 ， 子 桓公 立 。,燕僖公薨子桓公立，。，。，，。（）、（），,0.0,0.6666666666666666,0.0,1.0,0.0
宋休公薨子辟公立,宋休公 薨 ， 子 辟公 立 。,宋休公薨子辟公立，。，。，，。，、，,0.0,0.6666666666666666,0.0,1.0,0.0
衛慎公薨子聲公訓立,衛慎公 薨 ， 子 聲公 訓 立 。,"：，""衛慎公薨子聲公訓立""。，。：- """"：（），。- """"：，",0.0,0.6666666666666666,0.0,1.0,0.0
趙伐衛取都鄙七十三,趙 伐 衛 ， 取 都鄙 七十三 。,趙 伐衛  取 都 鄙 七十 三 ,0.30769230769230765,0.0,0.30769230769230765,1.0,0.0
魏敗趙師於北藺,魏 敗 趙師 於 北藺 。,魏敗   趙 師  於  北藺  。,0.4000000000000001,1.0,0.4000000000000001,1.0,0.4000000000000001
魏伐楚取魯陽,魏 伐 楚 ， 取 魯陽 。,魏 伐 楚 取 魯陽 。,1.0,0.6666666666666666,1.0,1.0,0.6666666666666666
韓嚴遂弒哀侯國人立其子懿侯初哀侯以韓廆為相而愛嚴遂二人甚相害也嚴遂令人刺韓廆於朝廆走哀侯哀侯抱之人刺韓廆兼及哀侯,韓 嚴遂 弒 哀侯 ， 國人 立 其 子 懿侯 。 初 ， 哀侯 以 韓廆 為 相 而 愛 嚴遂 ， 二 人 甚 相 害 也 。 嚴遂 令 人 刺 韓廆 於 朝 ， 廆 走 哀侯 ， 哀侯 抱 之 ； 人 刺 韓廆 ， 兼 及 哀侯 。,韓 嚴 遂 弒 哀侯 國人 立 其 子 懿侯 初 哀侯 以 韓廆為  相 而 愛 嚴 遂二  人甚  相 害 也 嚴 遂 令 人 刺 韓廆 於 朝廆  走 哀侯 哀侯 抱 之 人 刺 韓廆 兼 及 哀侯,0.7764705882352941,0.0,0.7764705882352941,1.0,0.0
魏武侯薨不立太子子罃與公中緩爭立國內亂,魏武侯 薨 ， 不 立 太子 ， 子罃 與 公中緩 爭 立 ， 國 內 亂 。,，。，。：- 魏武侯薨，，（），，。- 不立太子，子罃與公中緩爭立國內亂。,0.0,0.5714285714285715,0.0,1.0,0.0
齊威王來朝是時周室微弱諸侯莫朝而齊獨朝之天下以此益賢威王,齊威王 來 朝 。 是 時 周室 微弱 ， 諸侯 莫 朝 ， 而 齊 獨 朝 之 ， 天下 以 此 益 賢 威王 。,，。，。：齊威王來朝是時周室微弱諸侯莫朝而齊獨朝之天下以此益賢威王。，，，，。，,0.0,0.33333333333333337,0.0,1.0,0.0
趙伐齊至鄄,趙 伐 齊 ， 至 鄄 。,趙 伐 齊 至鄄  。,0.6666666666666665,0.6666666666666666,0.6666666666666665,1.0,0.4444444444444443
魏敗趙師於懷,魏 敗 趙師 於 懷 。,魏敗趙師於懷，。，。，，。，、，,0.0,1.0,0.0,1.0,0.0
齊威王召即墨大夫語之曰自子之居即墨也毀言日至,"齊威王 召 即墨 大夫 ， 語 之 曰 ： "" 自 子 之 居 即墨 也 ， 毀 言 日 至 。",齊 威王召  即墨 大夫 語 之 曰  自 子 之 居 即墨 也  毀言  日 至 ,0.787878787878788,0.0,0.787878787878788,1.0,0.0
然吾使人視即墨田野辟人民給官無事東方以寧是子不事吾左右以求助也封之萬家召阿大夫語之曰自子守阿譽言日至,"然 吾 使 人 視 即墨 ， 田野 辟 ， 人民 給 ， 官 無 事 ， 東方 以 寧 ； 是 子 不 事 吾 左右 以 求 助 也 ！ "" 封 之 萬 家 。 召 阿 大夫 ， 語 之 曰 ： "" 自 子 守 阿 ， 譽 言 日 至 。",然 吾  使  人  視  即墨  田野  辟  人民  給  官  無  事  東方  以  寧  是  子  不  事  吾  左右  以  求  助  也  封  之  萬家  召  阿  大夫  語  之  曰  自  子  守  阿譽    言  日至,0.8941176470588236,0.0,0.8941176470588236,1.0,0.0
吾使人視阿田野不辟人民貧餒昔日趙攻鄄子不救衛取薛陵子不知是子厚幣事吾左右以求譽也是日烹阿大夫及左右嘗譽者於是群臣聳懼莫敢飾詐務盡其情齊國大治強於天下,"吾 使 人 視 阿 ， 田野 不 辟 ， 人民 貧餒 。 昔日 趙 攻 鄄 ， 子 不 救 ； 衛 取 薛陵 ， 子 不 知 ； 是 子 厚 幣 事 吾 左右 以 求 譽 也 ！ "" 是 日 ， 烹 阿 大夫 及 左右 嘗 譽 者 。 於是 群 臣 聳懼 ， 莫 敢 飾 詐 ， 務 盡 其 情 ， 齊國 大治 ， 強 於 天下 。",吾使人視阿田野不辟人民貧餒昔日趙攻鄄子不救衛取薛陵子不知是子厚幣事吾左右以求譽也是日烹阿大夫及左右嘗譽者於是群臣聳懼莫敢飾詐務盡其情齊國大治強於天下,0.0,0.0,0.0,1.0,0.0
楚肅王薨無子立其弟良夫是為宣王,楚肅王 薨 ， 無 子 ， 立 其 弟 良夫 ， 是 為 宣王 。,楚 肅 王 薨 無 子 立 其 弟 良 夫 是為  宣 王 。,0.4799999999999999,0.4,0.4799999999999999,1.0,0.19199999999999998
宋辟公薨子剔成立,宋辟公 薨 ， 子 剔成 立 。,宋辟公薨子剔成立，。，。，，。，、，,0.0,0.6666666666666666,0.0,1.0,0.0
日有食之,日 有 食 之 。,，：日有食之。，。。，。，。？,0.0,1.0,0.0,1.0,0.0
王崩弟扁立是為顯王,王 崩 ， 弟 扁 立 ， 是 為 顯王 。,王 崩 弟 扁 立 是 為 顯 王 。,0.823529411764706,0.5,0.823529411764706,1.0,0.411764705882353
魏大夫王錯出奔韓,魏 大夫 王錯 出奔 韓 。,，。：魏大夫王錯出奔韓。，。。，（），。,0.0,1.0,0.0,1.0,0.0
公孫頎謂韓懿侯曰魏亂可取也,"公孫頎 謂 韓懿侯 曰 ： "" 魏 亂 ， 可 取 也 。 """,公 孫 頎 謂 韓 懿 侯 曰  魏 亂 可 取 也 ,0.6363636363636364,0.0,0.6363636363636364,1.0,0.0
懿侯乃與趙成侯合兵伐魏戰於濁澤大破之遂圍魏,懿侯 乃 與 趙成侯 合 兵 伐 魏 ， 戰 於 濁澤 ， 大 破 之 ， 遂 圍 魏 。,，。，。：懿侯乃與趙成侯合兵伐魏戰於濁澤大破之遂圍魏。，，《》。，。,0.0,0.4,0.0,1.0,0.0
成侯曰殺罃立公中緩割地而退我二國之利也懿侯曰不可殺魏君暴也割地而退貪也不如兩分之魏分為兩不強於宋衛則我終無魏患矣趙人不聽懿侯不悅以其兵夜去趙成侯亦去罃遂殺公中緩而立是為惠王,"成侯 曰 ： "" 殺 罃 ， 立 公中緩 ， 割 地 而 退 ， 我 二 國 之 利 也 。 "" 懿侯 曰 ： "" 不 可 。 殺 魏君 ， 暴 也 ； 割 地 而 退 ， 貪 也 。 不 如 兩 分 之 。 魏 分 為 兩 ， 不 強 於 宋 、 衛 ， 則 我 終 無 魏 患 矣 。 "" 趙人 不 聽 。 懿侯 不 悅 ， 以 其 兵 夜 去 。 趙成侯 亦 去 。 罃 遂 殺 公中緩 而 立 ， 是 為 惠王 。",成侯 曰 殺 罃 立 公 中 緩 割 地 而 退 我 二 國 之 利 也  懿侯 曰 不 可  殺 魏 君 暴 也  割 地 而 退 貪 也  不 如 兩 分 之  魏 分 為 兩  不 強 於 宋衛   則 我 終 無 魏 患 矣  趙 人 不聽   懿侯 不悅   以 其 兵 夜 去  趙 成侯 亦 去  罃 遂 殺 公 中 緩而立是為惠王 ,0.7891156462585033,0.0,0.7891156462585033,1.0,0.0
齊伐魏取觀津,齊 伐 魏 ， 取 觀津 。,齊 伐 魏 取 觀津 。,1.0,0.6666666666666666,1.0,1.0,0.6666666666666666
趙侵齊取長城,趙 侵 齊 ， 取 長城 。,趙侵齊取長城，。，。，，。，、，,0.0,0.6666666666666666,0.0,1.0,0.0
魏韓會於宅陽,魏 、 韓 會 於 宅陽 。,，：魏韓會於宅陽。，。，，。，。,0.0,0.6666666666666666,0.0,1.0,0.0
秦敗魏師韓師於洛陽,秦 敗 魏師 、 韓師 於 洛陽 。,秦敗  魏 師 韓 師 於 洛陽,0.30769230769230765,0.0,0.30769230769230765,1.0,0.0
四年丙辰魏伐宋,四年 （ 丙辰 ） 魏 伐 宋 。,四，。，。，，。，，年丙辰魏伐宋、,0.0,0.0,0.0,1.0,0.0
五年丁巳秦獻公敗三晉之師於石門斬首六萬王賜以黼黻之服,五年 （ 丁巳 ） 秦獻公 敗 三晉 之 師 於 石門 ， 斬 首 六萬 。 王 賜 以 黼黻 之 服 。,，。，。：五年，，。丁巳，，，。，秦獻公敗三晉之師於石門斬首六萬王賜以黼黻之服，，,0.0,0.0,0.0,1.0,0.0
七年己未魏敗韓師趙師於澮,七年 （ 己未 ） 魏 敗 韓師 、 趙師 於 澮 。,七，。，。，，。，，年己未魏敗韓師趙師於澮、。，,0.0,0.3333333333333333,0.0,1.0,0.0
秦魏戰於少梁魏師敗績獲魏公孫痤,秦 、 魏 戰 於 少梁 ， 魏師 敗績 ； 獲 魏 公孫痤 。,"，。，《》。：""秦魏戰於少梁""，。""魏師敗績""，。""獲魏公孫痤""，",0.0,0.0,0.0,1.0,0.0
衛聲公薨子成侯速立,衛聲公 薨 ， 子 成侯 速 立 。,"：，""衛聲公薨子成侯速立""。，。：- """"：（），。- """"：，",0.0,0.6666666666666666,0.0,1.0,0.0
燕桓公薨子文公立,燕桓公 薨 ， 子 文公 立 。,燕桓公薨子文公立，。，。，，。（）、（），,0.0,0.6666666666666666,0.0,1.0,0.0
秦獻公薨子孝公立,秦獻公 薨 ， 子 孝公 立 。,秦獻公薨子孝公立，。，。，，。，、，,0.0,0.6666666666666666,0.0,1.0,0.0
孝公生二十一年矣是時河山以東強國六淮泗之間小國十餘楚魏與秦接界魏築長城自鄭濱洛以北有上郡楚自漢中南有巴黔中皆以夷翟遇秦擯斥之不得與中國之會盟,孝公 生 二十一 年 矣 。 是 時 河 、 山 以 東 強國 六 ， 淮 、 泗 之 間 小國 十 餘 ， 楚 、 魏 與 秦 接 界 。 魏 築 長城 ， 自 鄭 濱洛 以 北 有 上郡 ； 楚 自 漢中 ， 南 有 巴 、 黔中 ： 皆 以 夷翟 遇 秦 ， 擯斥 之 ， 不 得 與 中國 之 會盟 。,孝公 生 二十一 年 矣 是 時 河 山 以東  強 國 六 淮 泗 之 間 小 國 十 餘 楚 魏 與 秦 接 界 魏 築 長 城 自 鄭濱  洛 以 北 有 上 郡 楚 自 漢 中 南 有 巴 黔 中 皆 以 夷翟  遇 秦 擯 斥 之 不 得 與 中 國 之 會 盟,0.7166666666666668,0.0,0.7166666666666668,1.0,0.0
於是孝公發憤布德修政欲以強秦,於是 孝公 發憤 ， 布 德 修 政 ， 欲 以 強 秦 。,於 是 孝 公 發憤  布 德 修 政 欲 以 強 秦,0.7500000000000001,0.0,0.7500000000000001,1.0,0.0
八年庚申孝公下令國中曰昔我穆公自岐雍之間修德行武東平晉亂以河為界西霸戎翟廣地千里天子致伯諸侯畢賀為後世開業甚光美會往者厲躁簡公出子之不寧國家內憂未遑外事三晉攻奪我先君河西地丑莫大焉,"八年 （ 庚申 ） 孝公 下 令 國 中 曰 ： "" 昔 我 穆公 ， 自 岐 、 雍 之 間 修 德 行 武 ， 東 平 晉 亂 ， 以 河 為 界 ， 西 霸 戎翟 ， 廣 地 千 里 ， 天子 致 伯 ， 諸侯 畢 賀 ， 為 後世 開 業 甚 光美 。 會 往 者 厲 、 躁 、 簡公 、 出 子 之 不 寧 ， 國家 內 憂 ， 未遑 外事 ， 三晉 攻 奪 我 先君 河西 地 ， 丑 莫 大 焉 。",八 年 庚申 孝公 下令 國 中 曰 昔 我 穆公 自 岐 雍之 間 修 德 行 武 東 平 晉亂 以 河 為 界 西 霸 戎 翟廣  地 千里 天子 致 伯 諸侯畢  賀 為 後世 開業 甚 光美 會 往者厲 躁簡 公 出子 之 不寧國  家 內憂  未遑  外事 三 晉 攻奪  我 先君 河西 地 丑 莫 大 焉,0.6376811594202898,0.0,0.6376811594202898,1.0,0.0
獻公即位鎮撫邊境徙治櫟陽且欲東伐復穆公之故地修穆公之政令寡人思念先君之意常痛於心賓客群臣有能出奇計強秦者吾且尊官與之分土,"獻公 即位 ， 鎮撫 邊境 ， 徙 治 櫟陽 ， 且 欲 東 伐 ， 復 穆公 之 故地 ， 修 穆公 之 政令 。 寡人 思念 先君 之 意 ， 常 痛 於 心 。 賓客 群 臣 有 能 出 奇 計 強 秦 者 ， 吾 且 尊 官 ， 與 之 分 土 。 """,獻公  即位  鎮撫邊  境  徙治  櫟陽  且  欲  東伐  復  穆公  之  故地  修  穆公  之  政令  寡人  思念  先君  之意  常  痛  於  心賓  客  群臣  有  能  出奇計  強秦  者  吾  且  尊官  與  之  分土  。,0.611764705882353,0.16666666666666669,0.611764705882353,1.0,0.1019607843137255
於是衛公孫鞅聞是令下乃西入秦,於是 衛 公孫鞅 聞 是 令 下 ， 乃 西 入 秦 。,於 是衛  公孫  鞅聞  是 令 下 乃 西 入 秦,0.6363636363636364,0.0,0.6363636363636364,1.0,0.0
公孫鞅者衛之庶孫也好刑名之學,公孫鞅 者 ， 衛 之 庶孫 也 。 好 刑名 之 學 。,公孫鞅 者衛  之 庶 孫 也 好 刑 名 之 學,0.5714285714285713,0.0,0.5714285714285713,1.0,0.0
事魏相公叔痤痤知其賢未及進會病魏惠王往問之曰公叔病如有不可諱將柰社稷何公叔曰痤之中庶子衛鞅年雖少有奇才願君舉國而聽之王嘿然公叔曰君即不聽用鞅必殺之無令出境王許諾而去,"事 魏 相 公叔痤 ， 痤 知 其 賢 ， 未 及 進 。 會 病 ， 魏惠王 往 問 之 曰 ： "" 公叔 病 如 有 不 可 諱 ， 將 柰 社稷 何 ？ "" 公叔 曰 ： "" 痤 之 中庶子 衛鞅 ， 年 雖 少 ， 有 奇 才 ， 願 君 舉 國 而 聽 之 ！ "" 王 嘿然 。 公叔 曰 ： "" 君 即 不 聽 用 鞅 ， 必 殺 之 ， 無 令 出 境 ！ "" 王 許諾 而 去 。",事 魏 相 公 叔痤痤    知 其 賢  未 及 進  會 病  魏 惠 王  往 問 之 曰  公 叔 病  如 有 不 可 諱  將柰  社 稷 何  公 叔 曰痤    之 中 庶 子衛  鞅  年雖  少  有 奇 才願   君 舉 國 而 聽 之  王 嘿 然  公 叔 曰  君 即 不 聽 用 鞅  必殺之無令出境王許諾而去 ,0.6015037593984963,0.0,0.6015037593984963,1.0,0.0
公叔召鞅謝曰吾先君而後臣故先為君謀後以告子,"公叔 召 鞅 謝 曰 ： "" 吾 先 君 而 後 臣 ， 故 先 為 君 謀 ， 後 以 告 子 。",公叔  召  鞅  謝  曰  吾  先君  而  後  臣  故  先  為  君謀    後  以  告  子  。,0.8421052631578948,0.4,0.8421052631578948,1.0,0.33684210526315794
子必速行矣鞅曰君不能用子之言任臣又安能用子之言殺臣乎卒不去,"子 必 速 行 矣 ！ "" 鞅 曰 ： "" 君 不 能 用 子 之 言 任 臣 ， 又 安 能 用 子 之 言 殺 臣 乎 ！ "" 卒 不 去 。","，。，""子必速行矣""，""鞅曰""（），""君不能用子之言任臣又安能用子之言殺臣乎""，""卒不去""。，。，，。，",0.0,0.22222222222222224,0.0,1.0,0.0
王出謂左右曰公叔病甚悲乎欲令寡人以國聽衛鞅也既又勸寡人殺之豈不悖哉,"王 出 ， 謂 左右 曰 ： "" 公叔 病 甚 ， 悲 乎 ， 欲 令 寡人 以 國 聽 衛鞅 也 ！ 既 又 勸 寡人 殺 之 ， 豈 不 悖 哉 ！ """,王 出 謂 左右 曰 公叔 病 甚 悲乎   欲 令 寡人 以 國 聽衛 鞅 也  既 又 勸 寡人 殺 之  豈 不 悖 哉 ,0.8727272727272727,0.0,0.8727272727272727,1.0,0.0
衛鞅既至秦因嬖臣景監以求見孝公說以富國強兵之術公大悅與議國事,衛鞅 既 至 秦 ， 因 嬖臣 景監 以 求 見 孝公 ， 說 以 富 國 強 兵 之 術 ； 公 大 悅 ， 與 議 國事 。,衛鞅 既 至 秦 因 嬖臣 景監 以 求 見 孝公 說 以 富國 強兵 之 術 公 大悅  與 議 國事 。,0.8085106382978724,0.33333333333333337,0.8085106382978724,1.0,0.26950354609929084
十年壬戌衛鞅欲變法秦人不悅衛鞅言於秦孝公曰夫民不可與慮始而可與樂成,"十年 （ 壬戌 ） 衛鞅 欲 變法 ， 秦 人 不 悅 。 衛鞅 言 於 秦孝公 曰 ： "" 夫 民 不 可 與 慮 始 ， 而 可 與 樂 成 。",十 年 壬 戌衛  鞅 欲 變 法 秦 人 不悅衛   鞅 言 於 秦 孝 公 曰  夫 民 不 可 與慮  始 而 可 與 樂 成 ,0.5818181818181819,0.0,0.5818181818181819,1.0,0.0
論至德者不和於俗成大功者不謀於眾是以聖人苟可以強國不法其故,"論 至 德 者 不 和 於 俗 ， 成 大 功 者 不 謀 於 眾 。 是以 聖人 苟 可 以 強 國 ， 不 法 其 故 。 ""","，。，《》。：論至德者不和於俗成大功者不謀於眾是以聖人苟可以強國不法其故。（""""）。，：- ",0.0,0.4,0.0,1.0,0.0
甘龍曰不然緣法而治者吏習而民安之,"甘龍 曰 ： "" 不 然 ， 緣 法 而 治 者 ， 吏 習 而 民 安 之 。 """,甘龍曰  不然緣    法  而  治  者  吏  習  而  民  安  之  。,0.7407407407407408,0.4,0.7407407407407408,1.0,0.29629629629629634
衛鞅曰常人安於故俗學者溺於所聞,"衛鞅 曰 ： "" 常人 安 於 故 俗 ， 學者 溺 於 所 聞 。",衛鞅 曰 常人 安 於 故俗 學者 溺 於 所 聞,0.8695652173913043,0.0,0.8695652173913043,1.0,0.0
以此兩者居官守法可也非所與論於法之外也智者作法愚者制焉賢者更禮不肖者拘焉,"以 此 兩 者 ， 居 官 守 法 可 也 ， 非 所 與 論 於 法 之 外 也 。 智 者 作 法 ， 愚 者 制 焉 ； 賢 者 更 禮 ， 不 肖 者 拘 焉 """,，。，，。：以此兩者居官守法可也非所與論於法之外也智者作法愚者制焉賢者更禮不肖者拘焉。，（），。，，。,0.0,0.0,0.0,1.0,0.0
公曰善以衛鞅為左庶長,"公 曰 ： "" 善 。 "" 以 衛鞅 為 左庶長 。","：。""公曰善以衛鞅為左庶長""，。：- """"：，，《》""",0.0,0.5,0.0,1.0,0.0
卒定變法之令令民為什伍而相收司連坐告奸者與斬敵首同賞不告奸者與降敵同罰,卒 定 變 法 之 令 。 令 民 為 什伍 而 相 收 司 、 連坐 ， 告 奸 者 與 斬 敵首 同 賞 ， 不 告 奸 者 與 降 敵 同 罰 。,卒 定 變法 之 令 令 民 為 什伍 而 相 收 司 連坐 告 奸 者 與 斬 敵 首 同 賞 不 告 奸 者 與 降 敵 同罰 ,0.8571428571428571,0.0,0.8571428571428571,1.0,0.0
有軍功者各以率受上爵為私鬥者各以輕重被刑大小僇力本業耕織致粟帛多者復其身事末利及怠而貧者舉以為收孥,有 軍功 者 ， 各 以 率 受 上爵 ； 為 私 鬥 者 ， 各 以 輕 重 被 刑 大 小 。 僇力 本業 ， 耕 織 致 粟 帛 多 者 ， 復 其 身 ； 事 末利 及 怠 而 貧 者 ， 舉 以 為 收 孥 。,，。，。，，。，，。，。：有軍功者各以率受上爵為私鬥者各以輕重被刑大小僇力本業耕織致粟帛多者復其身事末利及怠而貧者舉以為收孥,0.0,0.0,0.0,1.0,0.0
宗室非有軍功論不得為屬籍,宗室 非 有 軍功 論 ， 不 得 為 屬籍 。,"，。，。：""宗室""，，。""非""，""""""有軍功論不得為屬籍""，。""""，",0.0,0.4,0.0,1.0,0.0
明尊卑爵秩等級各以差次名田宅臣妾衣服有功者顯榮無功者雖富無所芬華,明 尊 卑 爵秩 等級 ， 各 以 差次 名 田宅 、 臣妾 、 衣服 。 有 功 者 顯 榮 ， 無 功 者 雖 富 無 所 芬華 。,明尊卑爵秩等級各以差次名田宅臣妾衣服有功者顯榮無功者雖富無所芬華。,0.0,0.2857142857142857,0.0,1.0,0.0
令既具未布恐民之不信乃立三丈之木於國都巿南門募民有能徙置北門者予十金,令 既 具 未 布 ， 恐 民 之 不 信 ， 乃 立 三 丈 之 木 於 國都 巿 南門 ， 募 民 有 能 徙 置 北門 者 予 十 金 。,令既具未布恐民之不信乃立三丈之木於國都巿南門募民有能徙置北門者予十金,0.0,0.0,0.0,1.0,0.0
民怪之莫敢徙復曰能徙者予五十金,"民 怪 之 ， 莫 敢 徙 。 復 曰 ： "" 能 徙 者 予 五十 金 。 """,民 怪 之  莫 敢 徙  復 曰  能 徙 者  予 五 十 金 ,0.896551724137931,0.0,0.896551724137931,1.0,0.0
有一人徙之輒予五十金,有 一 人 徙 之 ， 輒 予 五十 金 。,有 一 人 徙 之  輒 予 五 十 金 ,0.8421052631578948,0.0,0.8421052631578948,1.0,0.0
乃下令,乃 下 令 。,乃 下令 。,0.4,1.0,0.4,1.0,0.4
令行期年秦民之國都言新令之不便者以千數於是太子犯法衛鞅曰法之不行自上犯之太子君嗣也不可施刑刑其傅公子虔黥其師公孫賈,"令 行 期 年 ， 秦 民 之 國都 言 新 令 之 不 便 者 以 千 數 。 於是 太子 犯 法 。 衛鞅 曰 ： "" 法 之 不 行 ， 自 上 犯 之 。 太子 ， 君 嗣 也 ， 不 可 施 刑 ， 刑 其 傅 公子虔 ， 黥 其 師 公孫賈 。",令 行 期 年 秦 民 之 國 都 言 新 令 之 不 便 者 以 千 數於  是 太 子 犯 法衛鞅   曰 法 之 不 行 自 上 犯 之 太 子 君 嗣 也 ， 不 可 施 刑 ， 刑 其 傅 公 子虔  黥 其 師 公 孫 賈 。,0.7722772277227722,0.42857142857142855,0.7722772277227722,1.0,0.3309759547383309
明日秦人皆趨令,明日 ， 秦 人 皆 趨 令 。,明 日 秦 人  皆 趨  令 ,0.7692307692307692,0.0,0.7692307692307692,1.0,0.0
行之十年秦國道不拾遺山無盜賊民勇於公戰怯於私鬥鄉邑大治,行 之 十 年 ， 秦國 道 不 拾 遺 ， 山 無 盜賊 ， 民 勇 於 公 戰 ， 怯 於 私 鬥 ， 鄉邑 大治 。,，：行之十年秦國道不拾遺山無盜賊民勇於公戰怯於私鬥鄉邑大治。，。。，。，。：- ：,0.0,0.2857142857142857,0.0,1.0,0.0
秦民初言令不便者有來言令便衛鞅曰此皆亂法之民也盡遷之於邊其後民莫敢議令,"秦民 初 言 令 不 便 者 ， 有 來 言 令 便 。 衛鞅 曰 ： "" 此 皆 亂 法 之 民 也 ！ "" 盡 遷 之 於 邊 。 其 後 民 莫 敢 議 令 。",秦民初言令不便者有來言令便衛鞅曰此皆亂法之民也盡遷之於邊其後民莫敢議令,0.0,0.0,0.0,1.0,0.0
臣光曰夫信者人君之大寶也,臣 光 曰 ： 夫 信 者 ， 人君 之 大寶 也 。,，：臣光曰夫信者人君之大寶也。，。。，。，。：- ,0.0,0.5,0.0,1.0,0.0
國保於民民保於信非信無以使民非民無以守國是故古之王者不欺四海霸者不欺四鄰善為國者不欺其民善為家者不欺其親不善者反之欺其鄰國欺其百姓甚者欺其兄弟欺其父子上不信下下不信上上下離心以至於敗所利不能藥其所傷所獲不能補其所亡豈不哀哉昔齊桓公不背曹沫之盟晉文公不貪伐原之利魏文侯不棄虞人之期秦孝公不廢徙木之賞此四君者道非粹白而商君尤稱刻薄又處戰攻之世天下趨於詐力猶且不敢忘信以畜其民況為四海治平之政者哉,國 保 於 民 ， 民 保 於 信 ， 非 信 無 以 使 民 ， 非 民 無 以 守 國 。 是故 古 之 王 者 不 欺 四海 ， 霸 者 不 欺 四鄰 ， 善 為 國 者 不 欺 其 民 ， 善 為 家 者 不 欺 其 親 。 不 善 者 反 之 ， 欺 其 鄰國 ， 欺 其 百姓 ， 甚 者 欺 其 兄弟 ， 欺 其 父子 。 上 不 信 下 ， 下 不 信 上 ， 上下 離心 ， 以 至 於 敗 。 所 利 不 能 藥 其 所 傷 ， 所 獲 不 能 補 其 所 亡 ， 豈 不 哀 哉 ！ 昔 齊桓公 不 背 曹沫 之 盟 ， 晉文公 不 貪 伐 原 之 利 ， 魏文侯 不 棄 虞人 之 期 ， 秦孝公 不 廢 徙 木 之 賞 。 此 四 君 者 道 非 粹白 ， 而 商君 尤 稱 刻薄 ， 又 處 戰攻 之 世 ， 天下 趨 於 詐力 ， 猶 且 不 敢 忘 信 以 畜 其 民 ， 況 為 四海 治平 之 政 者 哉 ！,國 保 於民民    保 於 信  非 信 無 以 使民   非民  無 以 守 國  是 故  古之  王者不欺     四 海  霸者不欺     四 鄰  善 為 國者不欺其民        善 為 家者不欺其      親不   善者   反之欺其     鄰 國欺其    百 姓甚者欺其        兄 弟欺其    父 子  上不  信 下  下不  信 上  上 下 離 心  以 至 於 敗所   利  不能 藥其所    傷所   獲  不能 補其所    亡豈不    哀哉     昔 齊 桓 公不   背 曹 沫之  盟  晉 文 公不   貪伐  原之  利  魏 文 侯不   棄 虞 人之  期  秦孝公不廢徙木之賞此四君者道非粹白而商君尤稱刻薄又處戰攻之世天下趨於詐力猶且不敢忘信以畜其民況為四海治平之政者哉 ,0.2509803921568627,0.0,0.2509803921568627,1.0,0.0
韓懿侯薨子昭侯立,韓懿侯 薨 ， 子 昭侯 立 。,韓 懿侯 薨 子 昭侯 立,0.7272727272727272,0.0,0.7272727272727272,1.0,0.0
十一年癸亥秦敗韓師於西山,十一年 （ 癸亥 ） 秦 敗 韓師 於 西山 。,，：十一年癸亥秦敗韓師於西山。，。。，，，。，,0.0,0.5,0.0,1.0,0.0
十二年甲子魏韓會於鄗,十二年 （ 甲子 ） 魏 、 韓 會 於 鄗 。,十二年甲子魏韓會於鄗，。，。，，。，，。，,0.0,0.4,0.0,1.0,0.0
十三年乙丑趙燕會於阿,十三年 （ 乙丑 ） 趙 、 燕 會 於 阿 。,"：，""十三年乙丑趙燕會於阿""。，、。。- ："""" ，，。- ",0.0,0.4,0.0,1.0,0.0
趙齊宋會於平陸,趙 、 齊 、 宋 會 於 平陸 。,，：趙齊宋會於平陸。，。。，。？,0.0,0.5,0.0,1.0,0.0
十四年丙寅齊威王魏惠王會田於郊惠王曰齊亦有寶乎威王曰無有惠王曰寡人國雖小尚有徑寸之珠照車前後各十二乘者十枚,"十四年 （ 丙寅 ） 齊威王 、 魏惠王 會 田 於 郊 。 惠王 曰 ： "" 齊 亦 有 寶 乎 ？ "" 威王 曰 ： "" 無 有 。 "" 惠王 曰 ： "" 寡人 國 雖 小 ， 尚 有 徑寸 之 珠 ， 照 車 前 後 各 十二 乘 者 十 枚 。",十四 年 丙寅 齊 威王 魏 惠王 會 田 於郊  惠王 曰 齊 亦 有 寶  乎 威王 曰 無 有 惠王 曰 寡人 國 雖 小 尚 有 徑寸 之 珠 照車 前後 各 十二 乘 者 十 枚,0.775,0.0,0.775,1.0,0.0
豈以齊大國而無寶乎威王曰寡人之所以為寶者與王異吾臣有檀子者使守南城則楚人不敢為寇泗上十二諸侯皆來朝,"豈 以 齊 大 國 而 無 寶 乎 ？ "" 威王 曰 ： "" 寡人 之 所 以 為 寶 者 與 王 異 。 吾 臣 有 檀子 者 ， 使 守 南城 ， 則 楚 人 不 敢 為 寇 ， 泗上 十二 諸侯 皆 來 朝 。",豈以齊大國而無寶乎？威王曰 寡人之所以為寶者 與王異。吾臣有檀子者 使守南城 則楚人不敢為寇 泗上十二諸侯皆來朝。,0.0,0.6,0.0,1.0,0.0
吾臣有盼子者使守高唐則趙人不敢東漁於河,吾 臣 有 盼子 者 ， 使 守 高唐 ， 則 趙 人 不 敢 東 漁 於 河 。,吾 臣  有  盼  子  者  使  守  高唐  則  趙  人  不  敢  東  漁  於  河 ,0.9142857142857143,0.0,0.9142857142857143,1.0,0.0
吾吏有黔夫者使守徐州則燕人祭北門趙人祭西門徙而從者七千餘家吾臣有種首者使備盜賊則道不拾遺,吾 吏 有 黔夫 者 ， 使 守 徐州 ， 則 燕 人 祭 北門 ， 趙 人 祭 西門 ， 徙 而 從 者 七千餘 家 。 吾 臣 有 種首 者 ， 使 備 盜賊 ， 則 道 不 拾 遺 。,吾吏有黔夫者使守徐州則燕人祭北門趙人祭西門徙而從者七千餘家吾臣有種首者使備盜賊則道不拾遺,0.0,0.0,0.0,1.0,0.0
此四臣者將照千里豈特十二乘哉惠王有慚色,"此 四 臣 者 ， 將 照 千 里 ， 豈 特 十二 乘 哉 ！ "" 惠王 有 慚 色 。",此 四 臣 者 將 照 千里 豈 特 十二 乘 哉 惠王 有慚  色,0.8125,0.0,0.8125,1.0,0.0
秦孝公魏惠王會於杜平,秦孝公 、 魏惠王 會 於 杜平 。,"：，""秦孝公魏惠王會於杜平""。，。，。，：。""""",0.0,0.6666666666666666,0.0,1.0,0.0
魯共公薨子康公毛立,魯共公 薨 ， 子 康公 毛 立 。,"：，""魯共公薨子康公毛立""。，。。""""（），。""""",0.0,0.6666666666666666,0.0,1.0,0.0
十五年丁卯秦敗魏師於元裡斬首七千級取少梁,十五年 （ 丁卯 ） 秦 敗 魏師 於 元裡 ， 斬 首 七千 級 ， 取 少梁 。,十五年丁卯秦敗魏師於元裡斬，。，。首七千級取少梁，，。，，、、。，，,0.0,0.28571428571428575,0.0,1.0,0.0
魏惠王伐趙圍邯鄲楚王使景捨救趙,魏惠王 伐 趙 ， 圍 邯鄲 。 楚王 使 景捨 救 趙 。,，。：魏惠王伐趙圍邯鄲楚王使景捨救趙。，。，，、、。,0.0,0.5,0.0,1.0,0.0
十六年戊辰齊威王使田忌救趙,十六年 （ 戊辰 ） 齊威王 使 田忌 救 趙 。,，：十六年戊辰齊威王使田忌救趙。，。。，，，。，,0.0,0.5,0.0,1.0,0.0
初孫臏與龐涓俱學兵法龐涓仕魏為將軍自以能不及孫臏乃召之至則以法斷其兩足而黥之欲使終身廢棄齊使者至魏孫臏以刑徒陰見說齊使者齊使者竊載與之齊,初 ， 孫臏 與 龐涓 俱 學 兵法 ， 龐涓 仕 魏 為 將軍 ， 自 以 能 不 及 孫臏 ， 乃 召 之 ； 至 ， 則 以 法 斷 其 兩 足 而 黥 之 ， 欲 使 終身 廢棄 。 齊 使者 至 魏 ， 孫臏 以 刑徒 陰 見 ， 說 齊 使者 ， 齊 使者 竊 載 與 之 齊 。,初 孫臏 與 龐涓 俱 學 兵法 龐涓 仕 魏 為 將軍 自 以 能 不 及 孫臏 乃 召 之 至 則 以 法 斷 其 兩 足 而黥  之 欲 使 終身廢 棄 齊 使 者 至 魏 孫臏 以 刑徒 陰 見 說 齊 使 者 齊 使 者 竊 載 與 之 齊,0.8571428571428571,0.0,0.8571428571428571,1.0,0.0
田忌善而客待之進於威王威王問兵法遂以為師於是威王謀救趙以孫臏為將辭以刑餘之人不可乃以田忌為將而孫子為師居輜車中坐為計謀,田忌 善 而 客 待 之 ， 進 於 威王 。 威王 問 兵法 ， 遂 以 為 師 。 於是 威王 謀 救 趙 ， 以 孫臏 為 將 ； 辭 以 刑餘 之 人 不 可 ， 乃 以 田忌 為 將 而 孫子 為 師 ， 居 輜車 中 ， 坐 為 計謀 。,                    ，                ，            ，            ，                ，      田忌善而客待之進於威王威王問兵法遂以為師於是威王謀救趙以孫臏為    將辭以刑餘之人不可乃以田忌為將而孫子為師居輜車中坐為計謀  ，  ,0.0,0.0,0.0,1.0,0.0
田忌欲引兵之趙孫子曰夫解雜亂紛糾者不控拳救斗者不搏撠批亢搗虛形格勢禁則自為解耳,"田忌 欲 引 兵 之 趙 。 孫子 曰 ： "" 夫 解 雜亂 紛糾 者 不 控 拳 ， 救 斗 者 不 搏撠 ， 批 亢 搗 虛 ， 形 格 勢 禁 ， 則 自 為 解 耳 。",田 忌 欲 引 兵 之 趙  孫 子 曰  夫 解雜  亂 紛 糾 者  不 控 拳 救 斗 者  不 搏撠   批 亢搗虛   形 格 勢 禁  則 自為  解 耳 ,0.7058823529411765,0.0,0.7058823529411765,1.0,0.0
今梁趙相攻輕兵銳卒必竭於外老弱疲於內子不若引兵疾走魏都據其街路沖其方虛彼必釋趙以自救是我一舉解趙之圍而收弊於魏也田忌從之十月邯鄲降魏,"今 梁 、 趙 相 攻 ， 輕 兵 銳 卒 必 竭 於 外 ， 老 弱 疲 於 內 ； 子 不若 引 兵 疾 走 魏都 ， 據 其 街路 ， 沖 其 方 虛 ， 彼 必 釋 趙 以 自 救 ： 是 我 一 舉 解 趙 之 圍 而 收 弊 於 魏 也 。 "" 田忌 從 之 。 十月 ， 邯鄲 降 魏 。",今 梁 趙 相 攻 輕 兵 銳 卒 必 竭 於 外 老 弱 疲 於 內 子 不 若 引 兵 疾 走 魏 都 據 其 街 路沖  其 方 虛 彼 必 釋 趙 以 自 救 是 我 一 舉 解 趙 之圍  而 收 弊 於 魏 也 田忌  從 之 十 月 邯鄲 降 魏,0.8688524590163934,0.0,0.8688524590163934,1.0,0.0
魏師還與齊戰於桂陵魏師大敗,魏師 還 ， 與 齊 戰 於 桂陵 ， 魏師 大敗 。,，：魏師還與齊戰於桂陵魏師大敗。，。。，。，。：- ,0.0,0.5,0.0,1.0,0.0
韓伐東周取陵觀廩丘,韓 伐 東周 ， 取 陵觀 、 廩丘 。,"：，""韓伐東周取陵觀廩丘""。，。：- ：（）- ：（）- ：（）",0.0,0.5,0.0,1.0,0.0
楚昭奚恤為相江乙言於楚王曰人有愛其狗者狗嘗溺井其鄰人見欲入言之狗當門而噬之今昭奚恤常惡臣之見亦猶是也,"楚 昭奚恤 為 相 。 江乙 言 於 楚王 曰 ： "" 人 有 愛 其 狗 者 ， 狗 嘗 溺 井 ， 其 鄰人 見 ， 欲 入 言 之 ， 狗 當 門 而 噬 之 。 今 昭奚恤 常 惡 臣 之 見 ， 亦 猶 是 也 。",楚 昭奚恤 為 相 江乙 言 於 楚王 曰  人 有 愛 其 狗 者  狗 嘗 溺 井  其 鄰人 見  欲 入 言 之  狗 當 門 而噬  之  今 昭奚恤 常 惡 臣 之 見  亦 猶 是 也 ,0.9647058823529412,0.0,0.9647058823529412,1.0,0.0
且人有好揚人之善者王曰此君子也近之好揚人之惡者王曰此小人也遠之,且 人 有 好 揚 人 之 善 者 ， 王 曰 ： 『 此 君子 也 』 近 之 ； 好 揚 人 之 惡 者 ， 王 曰 ： 『 此 小人 也 ， 』 遠 之 。,且 人  有  好  揚  人  之  善  者  王  曰  此  君子  也  近  之  好  揚  人  之  惡  者  王  曰  此  小人  也  遠  之 ,1.0,0.0,1.0,1.0,0.0
然則且有子弒其父臣弒其主者而王終己不知也,然則 且 有 子 弒 其 父 、 臣 弒 其 主 者 ， 而 王 終 己 不 知 也 。,然 則 且 有 子 弒 其 父 臣 弒 其 主 者 而 王 終 己 不 知 也,0.9230769230769231,0.0,0.9230769230769231,1.0,0.0
何者以王好聞人之美而惡聞人之惡也王曰善寡人願兩聞之,"何者 ？ 以 王 好 聞 人 之 美 而 惡 聞 人 之 惡 也 。 "" 王 曰 ： "" 善 ， 寡人 願 兩 聞 之 。 ""","，。，""""，。：""何者以王好聞人之美而惡聞人之惡也""  ""王曰善寡人願兩聞之""。，（""""），（""",0.0,0.28571428571428575,0.0,1.0,0.0
十七年己巳秦大良造伐魏,十七年 （ 己巳 ） 秦 大良造 伐 魏 。,"：，""十七年己巳秦大良造伐魏""。，、。。""""（），。",0.0,0.5,0.0,1.0,0.0
諸侯圍魏襄陵,諸侯 圍 魏 襄陵 。,，：諸侯圍魏襄陵。，。。，。？,0.0,1.0,0.0,1.0,0.0
十八年庚午秦衛鞅圍魏固陽降之,十八年 （ 庚午 ） 秦 衛鞅 圍 魏 固陽 ， 降 之 。,"：，""十八年庚午秦衛鞅圍魏固陽降之""。，、。。""""，。""""，",0.0,0.4,0.0,1.0,0.0
魏人歸趙邯鄲,魏人 歸 趙 邯鄲 。,"，。""魏人歸趙""，，（""邯鄲""）。""""，。""""，",0.0,0.6666666666666666,0.0,1.0,0.0
與趙盟漳水上,與 趙 盟 漳水 上 。,與 趙 盟 漳水 上,1.0,0.0,1.0,1.0,0.0
韓昭侯以申不害為相,韓昭侯 以 申不害 為 相 。,韓 昭侯  以  申  不害  為  相  。,0.5,1.0,0.5,1.0,0.5
申不害者鄭之賤臣也學黃老刑名以干昭侯,申不害 者 ， 鄭 之 賤臣 也 ， 學 黃 、 老 、 刑名 ， 以 干 昭侯 。,申不害 者 鄭 之 賤 臣 也 學 黃老 刑 名 以 干 昭侯,0.6666666666666666,0.0,0.6666666666666666,1.0,0.0
昭侯用為相內修政教外應諸侯十五年終申子之身國治兵強,昭侯 用 為 相 ， 內 修 政教 ， 外 應 諸侯 ， 十五年 ， 終 申子 之 身 ， 國 治 兵 強 。,，。，。：昭侯用為相內修政教外應諸侯十五年終申子之身國治兵強。（），、，，。，,0.0,0.2857142857142857,0.0,1.0,0.0
申子嘗請仕其從兄昭侯不許申子有怨色昭侯曰所為學於子者欲以治國也,"申子 嘗 請 仕 其 從兄 ， 昭侯 不 許 ， 申子 有 怨色 。 昭侯 曰 ： "" 所 為 學 於 子 者 ， 欲 以 治 國 也 。",申子 嘗 請 仕 其 從 兄 昭侯 不 許  申子 有 怨 色  昭侯 曰  所 為 學 於 子 者 欲 以 治 國 也 ,0.8846153846153846,0.0,0.8846153846153846,1.0,0.0
今將聽子之謁而廢子之術乎已其行子之術而廢子之請乎子嘗教寡人修功勞視次第今有所私求我將奚聽乎申子乃辟舍請罪曰君真其人也,"今 將 聽 子 之 謁 而 廢 子 之 術 乎 ！ 已 其 行 子 之 術 而 廢 子 之 請 乎 ？ 子 嘗 教 寡人 修 功 勞 ， 視 次第 ； 今 有 所 私 求 ， 我 將 奚 聽 乎 ？ "" 申子 乃 辟 舍 請 罪 曰 ： "" 君 真 其 人 也 ！ """,今 將 聽 子 之謁  而 廢 子 之 術 乎 已 其 行 子 之 術 而 廢 子 之 請 乎 子 嘗 教 寡 人 修 功 勞視  次 第 今 有 所 私 求 我 將 奚 聽 乎 申 子 乃 辟 舍 請 罪 曰 君 真 其 人 也 。,0.8648648648648648,0.0,0.8648648648648648,1.0,0.0
昭侯有弊褲命藏之,昭侯 有 弊褲 ， 命 藏 之 。,昭侯有弊褲命藏之，。，。，，。，、，,0.0,0.6666666666666666,0.0,1.0,0.0
侍者曰君亦不仁者矣不賜左右而藏之昭侯曰吾聞明主愛一嚬一笑嚬有為嚬笑有為笑今褲豈特嚬笑哉吾必待有功者,"侍者 曰 ： "" 君 亦 不 仁 者 矣 ， 不 賜 左右 而 藏 之 ！ "" 昭侯 曰 ： "" 吾 聞 明主 愛 一 嚬 一 笑 ， 嚬 有 為 嚬 ， 笑 有 為 笑 。 今 褲 豈 特 嚬 笑 哉 ！ 吾 必 待 有 功 者 。 """,侍者 曰 君 亦 不 仁 者 矣  不 賜 左右 而 藏 之  昭侯 曰  吾聞  明 主 愛 一 嚬 一 笑  嚬 有 為  嚬 笑 有 為 笑  今褲  豈 特 嚬 笑 哉  吾 必 待 有 功 者 ,0.8988764044943819,0.0,0.8988764044943819,1.0,0.0
十九年辛未秦商鞅築冀闕宮庭於咸陽徙都之令民父子兄弟同室內息者為禁,十九年 （ 辛未 ） 秦 商鞅 築 冀闕 宮庭 於 咸陽 ， 徙 都 之 。 令 民 父子 、 兄弟 同 室 內 息 者 為 禁 。,十九年 辛未 秦 商鞅 築 冀闕 宮庭 於 咸陽 徙 都 之 令 民 父子 兄弟 同 室內息 者 為 禁,0.909090909090909,0.0,0.909090909090909,1.0,0.0
并諸小鄉聚集為一縣縣置令丞凡三十一縣廢井田開阡陌,并 諸 小 鄉 聚 ， 集 為 一 縣 ， 縣 置 令 、 丞 ， 凡 三十一 縣 。 廢 井田 ， 開 阡陌 。,并 諸 小 鄉聚集  為 一 縣 縣 置 令 丞 凡 三 十 一 縣 廢 井 田 開 阡 陌,0.6666666666666666,0.0,0.6666666666666666,1.0,0.0
平斗桶權衡丈尺,平 斗 、 桶 、 權 、 衡 、 丈 、 尺 。,平 斗 桶權  衡 丈 尺,0.7692307692307692,0.0,0.7692307692307692,1.0,0.0
秦魏遇於彤,秦 、 魏 遇 於 彤 。,秦魏遇於彤，。，。，，。，、,0.0,0.6666666666666666,0.0,1.0,0.0
趙成侯薨公子紲與太子爭立紲敗奔韓,趙成侯 薨 ， 公子紲 與 太子 爭立 ； 紲 敗 ， 奔 韓 。,"，。，。：- ""趙成侯薨公子紲與太子爭立紲敗奔韓""，，。""""，""""，。-",0.0,0.4,0.0,1.0,0.0
二十一年癸酉秦商鞅更為賦稅法行之,二十一年 （ 癸酉 ） 秦 商鞅 更 為 賦稅法 ， 行 之 。,二十一年  癸酉 秦 商鞅 更 為 賦稅 法 行 之,0.8421052631578948,0.0,0.8421052631578948,1.0,0.0
二十二年甲戌趙公子范襲邯鄲不勝而死,二十二年 （ 甲戌 ） 趙 公子范 襲 邯鄲 ， 不 勝 而 死 。,，。，。：二十二年甲戌，。，。，趙公子范襲邯鄲不勝而死,0.0,0.0,0.0,1.0,0.0
二十三年乙亥齊殺其大夫牟,二十三年 （ 乙亥 ） 齊 殺 其 大夫 牟 。,，。，。：二十三年乙亥，，（，）。，齊殺其大夫牟,0.0,0.0,0.0,1.0,0.0
魯康公薨子景公偃立,魯康公 薨 ， 子 景公 偃 立 。,"：，""魯康公薨子景公偃立""。，。。""""，",0.0,0.6666666666666666,0.0,1.0,0.0
衛更貶號曰侯服屬三晉,衛 更 貶 號 曰 侯 ， 服 屬 三晉 。,"：，""衛更貶號曰侯服屬三晉""。，。。""""（），。""",0.0,0.6666666666666666,0.0,1.0,0.0
二十五年丁丑諸侯會於京師,二十五年 （ 丁丑 ） 諸侯 會 於 京師 。,，：二十五年丁丑諸侯會於京師。，。。，。，。：- ,0.0,0.5,0.0,1.0,0.0
二十六年戊寅王致伯於秦諸侯皆賀秦秦孝公使公子少官帥師會諸侯於逢澤以朝王,二十六年 （ 戊寅 ） 王 致 伯 於 秦 ， 諸侯 皆 賀 秦 。 秦孝公 使 公子少官 帥 師 會 諸侯 於 逢澤 以 朝 王 。,，：二十六年戊寅王致伯於秦諸侯皆賀秦秦孝公使公子少官帥師會諸侯於逢澤以朝王。，。。，，。，，。,0.0,0.33333333333333337,0.0,1.0,0.0
二十八年庚辰魏龐涓伐韓韓請救於齊齊威王召大臣而謀曰蚤救孰與晚救成侯曰不如勿救,"二十八年 （ 庚辰 ） 魏 龐涓 伐 韓 。 韓 請 救 於 齊 。 齊威王 召 大臣 而 謀 曰 ： "" 蚤 救 孰 與 晚 救 ？ "" 成侯 曰 ： "" 不 如 勿 救 。 """,，。，，。：二十八年庚辰魏龐涓伐韓韓請救於齊齊威王召大臣而謀曰蚤救孰與晚救成侯曰不如勿救。，。。，：,0.0,0.2222222222222222,0.0,1.0,0.0
田忌曰弗救則韓且折而入於魏不如蚤救之孫臏曰夫韓魏之兵未弊而救之,"田忌 曰 ： "" 弗 救 則 韓 且 折 而 入 於 魏 ， 不 如 蚤 救 之 。 "" 孫臏 曰 ： "" 夫 韓 、 魏 之 兵 未 弊 而 救 之 。",田 忌 曰 弗 救 則 韓 且 折 而 入 於 魏 不 如 蚤 救 之 孫 臏 曰 夫 韓 魏 之 兵 未弊  而 救 之,0.847457627118644,0.0,0.847457627118644,1.0,0.0
是吾代韓受魏之兵顧反聽命於韓也且魏有破國之志韓見亡必東面而愬於齊矣,是 吾 代 韓 受 魏 之 兵 ， 顧反 聽 命 於 韓 也 。 且 魏 有 破 國 之 志 ， 韓 見 亡 ， 必 東 面 而 愬 於 齊 矣 。,是 吾 代 韓 受 魏 之 兵顧  反 聽 命 於 韓 也 ， 且 魏 有 破 國 之 志 ， 韓 見 亡 必 東 面 而 愬 於 齊 矣 。,0.9375,0.5,0.9375,1.0,0.46875
吾因深結韓之親而晚承魏之弊則可受重利而得尊名也王曰善乃陰許韓使而遣之,"吾 因 深 結 韓 之 親 而 晚 承 魏 之 弊 ， 則 可 受 重 利 而 得 尊名 也 。 "" 王 曰 ： "" 善 。 "" 乃 陰 許 韓 使 而 遣 之 。",吾 因 深 結 韓 之 親 而 晚 承 魏 之 弊 則 可 受 重 利 而 得 尊 名 也  王 曰  善  乃 陰 許 韓 使 而 遣 之 ,0.955223880597015,0.0,0.955223880597015,1.0,0.0
韓因恃齊五戰不勝而東委國於齊,韓 因 恃 齊 。 五 戰 不 勝 ， 而 東 委 國 於 齊 。,"，。，。：""韓""，（）。""因""，""""""""。""恃""，。""齊五戰不勝而東委國於齊""，。",0.0,0.28571428571428575,0.0,1.0,0.0
齊因起兵使田忌田嬰田盼將之,齊 因 起 兵 ， 使 田忌 、 田嬰 、 田盼 將 之 。,齊 因 起 兵  使 田忌 田嬰 田盼 將 之 ,1.0,0.0,1.0,1.0,0.0
孫子為師以救韓直走魏都,孫子 為 師 ， 以 救 韓 ， 直 走 魏都 。,孫子為師以救韓直走魏都，。，。，，。，、，。,0.0,0.5,0.0,1.0,0.0
龐涓聞之去韓而歸,龐涓 聞 之 ， 去 韓 而 歸 。,"：，""龐涓聞之去韓而歸""。，。。""""，。""",0.0,0.6666666666666666,0.0,1.0,0.0
魏人大發兵以太子申為將以御齊師孫子謂田忌曰彼三晉之兵素悍勇而輕齊齊號為怯善戰者因其勢而利導之兵法百里而趣利者蹶上將五十里而趣利者軍半至,"魏人 大 發 兵 ， 以 太子申 為 將 ， 以 御 齊師 。 孫子 謂 田忌 曰 ： "" 彼 三晉 之 兵 素 悍 勇 而 輕 齊 ， 齊 號 為 怯 ， 善 戰 者 因 其 勢 而 利 導 之 。 兵法 ： 『 百 里 而 趣 利 者 蹶 上將 ， 五十 里 而 趣 利 者 軍 半 至 。 』 """,魏人 大 發 兵 以 太子 申 為 將 以 御 齊 師 孫子 謂 田 忌 曰 彼 三 晉 之 兵 素悍  勇 而 輕 齊 齊號  為 怯 善 戰 者 因 其勢  而 利 導 之 兵 法 百 里 而 趣 利 者蹶  上 將 五 十 里 而 趣 利 者軍  半 至,0.689655172413793,0.0,0.689655172413793,1.0,0.0
乃使齊軍入魏地為十萬灶明日為五萬灶又明日為二萬灶龐涓行三日大喜曰我固知齊軍怯入吾地三日士卒亡者過半矣,"乃 使 齊軍 入 魏 地 為 十萬 灶 ， 明日 為 五萬 灶 ， 又 明日 為 二萬 灶 。 龐涓 行 三 日 ， 大 喜 曰 ： "" 我 固 知 齊 軍 怯 ， 入 吾 地 三 日 ， 士卒 亡 者 過 半 矣 ！ """,乃使齊軍入魏地為十萬灶 明日為五萬灶 又明日為二萬灶 龐涓行三日 大喜 曰 我固知齊軍怯 入吾地三日 士卒亡者過半矣。,0.0392156862745098,0.0,0.0392156862745098,1.0,0.0
乃棄其步軍與其輕銳倍日並行逐之,乃 棄 其 步軍 ， 與 其 輕銳 倍日 並 行 逐 之 。,乃棄  其 步 軍 與 其 輕 銳 倍 日並  行 逐 之,0.48000000000000004,0.0,0.48000000000000004,1.0,0.0
孫子度其行暮當至馬陵馬陵道陜而旁多阻隘可伏兵乃斫大樹白而書之曰龐涓死此樹下於是令齊師善射者萬弩夾道而伏期日暮見火舉而俱發龐涓果夜到斫木下見白書以火燭之讀未畢萬弩俱發魏師大亂相失龐涓自知智窮兵敗乃自剄曰遂成豎子之名,"孫子 度 其 行 ， 暮 當 至 馬陵 ， 馬陵 道 陜 而 旁 多 阻隘 ， 可 伏 兵 ， 乃 斫 大 樹 ， 白 而 書 之 曰 ： "" 龐涓 死 此 樹 下 ！ "" 於是 令 齊師 善 射 者 萬 弩 夾 道 而 伏 ， 期 日暮 見 火 舉 而 俱 發 。 龐涓 果 夜 到 斫 木 下 ， 見 白書 ， 以 火 燭 之 ， 讀 未 畢 ， 萬 弩 俱 發 ， 魏師 大亂 相 失 。 龐涓 自 知 智 窮 兵 敗 ， 乃 自 剄 ， 曰 ： "" 遂 成 豎子 之 名 ！ """,，。，，。，。，。。，。，孫子、度其行、暮當至。，馬陵馬陵道陜而旁多阻隘可伏兵乃，。斫大樹，，。白而書之曰龐涓死此樹下於是令齊師善射者，？，，，。，萬弩，。夾道而伏期日暮見火舉而俱發龐涓果夜到斫木下見白書以火燭之讀未畢萬弩俱發魏師大亂相失龐涓自知智窮兵敗乃自剄曰遂成豎子之名，,0.0,0.0,0.0,1.0,0.0
齊因乘勝大破魏師虜太子申,齊 因 乘 勝 大 破 魏師 ， 虜 太子申 。,"：，""齊因乘勝大破魏師虜太子申""。，。，。""""（），。",0.0,0.6666666666666666,0.0,1.0,0.0
成侯鄒忌惡田忌使人操十金卜於市曰我田忌之人也我為將三戰三勝欲行事可乎卜者出因使人執之田忌不能自明率其徒攻臨淄求成侯不克出奔楚,"成侯 鄒忌 惡 田忌 ， 使 人 操 十 金 ， 卜 於 市 ， 曰 ： "" 我 ， 田忌 之 人 也 。 我 為 將 三 戰 三 勝 ， 欲 行 事 ， 可 乎 ？ "" 卜 者 出 ， 因 使 人 執 之 。 田忌 不 能 自 明 ， 率 其 徒 攻 臨淄 ， 求 成侯 ； 不 克 ， 出奔 楚 。",成侯 鄒忌 惡  田忌  使  人  操  十金  卜  於  市  曰  我  田忌  之  人  也  我為    將  三戰  三勝  欲  行事  可      乎  卜  者  出  因  使  人執    之  田忌  不  能  自  明  率  其  徒  攻  臨淄求成侯不克出奔楚  ,0.7291666666666669,0.0,0.7291666666666669,1.0,0.0
二十九年辛巳衛鞅言於秦孝公曰秦之與魏譬若人有腹心之疾非魏並秦秦即並魏何者魏居嶺厄之西都安邑與秦界河而獨擅山東之利利則西侵秦病則東收地今以君之賢聖國賴以盛而魏往年大破於齊諸侯畔之可因此時伐魏魏不支秦必東徙然後秦據河山之固東鄉以制諸侯此帝王之業也公從之使衛鞅將兵伐魏魏使公子昂將而御之,"二十九年 （ 辛巳 ） 衛鞅 言 於 秦孝公 曰 ： "" 秦 之 與 魏 ， 譬若 人 有 腹 心 之 疾 ， 非 魏 並 秦 ， 秦 即 並 魏 。 何 者 ？ 魏 居 嶺厄 之 西 ， 都 安邑 ， 與 秦 界 河 ， 而 獨 擅 山 東 之 利 ， 利 則 西 侵 秦 ， 病 則 東 收 地 。 今 以 君 之 賢聖 ， 國 賴 以 盛 ； 而 魏 往年 大 破 於 齊 ， 諸侯 畔 之 ， 可 因 此 時 伐 魏 。 魏 不 支 秦 ， 必 東 徙 ， 然後 秦 據 河 、 山 之 固 ， 東 鄉 以 制 諸侯 ， 此 帝王 之 業 也 。 "" 公 從 之 ， 使 衛鞅 將 兵 伐 魏 。 魏 使 公子昂 將 而 御 之 。",二十九年 辛巳衛鞅   言 於秦  孝公 曰秦之    與魏譬   若 人 有 腹 心之  疾  非魏並秦秦      即並魏    何 者魏   居 嶺厄之   西  都 安邑  與秦  界 河 而 獨擅  山東之   利  利 則 西 侵秦   病 則東  收 地  今 以 君之賢   聖  國賴  以 盛  而魏  往年 大 破 於 齊  諸侯 畔之   可 因 此 時 伐魏魏    不 支秦   必東  徙  然後秦  據 河 山之  固東鄉    以 制 諸侯此帝王之業也公從之使衛鞅將兵伐魏魏使公子昂將而御之,0.43157894736842106,0.0,0.43157894736842106,1.0,0.0
軍既相距衛鞅遺公子昂書曰吾始與公子驩今俱為兩國將不忍相攻可與公子面相見盟樂飲而罷兵以安秦魏之民,"軍 既 相 距 ， 衛鞅 遺 公子昂 書 曰 ： "" 吾 始 與 公子驩 ； 今 俱 為 兩 國 將 ， 不 忍 相 攻 ， 可 與 公子 面 相 見 盟 ， 樂 飲 而 罷 兵 ， 以 安 秦 、 魏 之 民 。 """,軍既相距衛鞅遺公子昂書曰吾始與公子驩今俱為兩國將不忍相攻可與公子面相見盟樂飲而罷兵以安秦魏之民,0.0,0.0,0.0,1.0,0.0
公子昂以為然乃相與會盟已飲而衛鞅伏甲士襲虜公子昂因攻魏師大破之,公子昂 以 為 然 ， 乃 相 與 會 ； 盟 已 ， 飲 ， 而 衛鞅 伏 甲士 ， 襲 虜 公子昂 ， 因 攻 魏師 ， 大 破 之 。,，。，。，，、、。，，、。，，。：公子昂以為然乃相與會盟已飲而衛鞅伏甲士襲虜公子昂因攻魏師大破之,0.0,0.0,0.0,1.0,0.0
魏惠王恐使使獻河西之地於秦以和,魏惠王 恐 ， 使 使 獻 河西 之 地 於 秦 以 和 。,"：，""魏惠王恐使使獻河西之地於秦以和""。，。。""""（），。，",0.0,0.6666666666666666,0.0,1.0,0.0
因去安邑徙都大梁,因 去 安邑 ， 徙 都 大梁 。,因 去 安邑徙  都 大梁,0.7272727272727272,0.0,0.7272727272727272,1.0,0.0
乃歎曰吾恨不用公叔之言,"乃 歎 曰 ： "" 吾 恨 不 用 公叔 之 言 ！ """,：乃歎曰吾恨不用公叔之言。，。，，。，，。，,0.0,0.0,0.0,1.0,0.0
秦封衛鞅商於十五邑,秦 封 衛鞅 商於 十五 邑 。,秦 封衛  鞅 商 於 十五 邑,0.4615384615384615,0.0,0.4615384615384615,1.0,0.0
號曰商君,號 曰 商君 。,，，號曰商君。，。，，。。，,0.0,1.0,0.0,1.0,0.0
齊趙伐魏,齊 、 趙 伐 魏 。,齊 趙 伐 魏,1.0,0.0,1.0,1.0,0.0
楚宣王薨子威王商立,楚宣王 薨 ， 子 威王 商 立 。,"：，""楚宣王薨子威王商立""。，。：- """"：（），。- """"：，",0.0,0.6666666666666666,0.0,1.0,0.0
三十一年癸未秦孝公薨子惠文王立公子虔之徒告商君欲反發吏捕之商君亡之魏魏人不受復內之秦,三十一年 （ 癸未 ） 秦孝公 薨 ， 子 惠文王 立 。 公子虔 之 徒 告 商君 欲 反 ， 發 吏 捕 之 。 商君 亡 之 魏 ； 魏人 不 受 ， 復 內 之 秦 。,三十一年  癸未 秦孝公 薨 子 惠文王 立 公子虔  之 徒 告 商君 欲 反 發 吏 捕 之 商君 亡 之 魏 魏人 不 受 復 內 之 秦,1.0,0.0,1.0,1.0,0.0
商君乃與其徒之商於發兵北擊鄭秦人攻商君殺之車裂以徇盡滅其家,商君 乃 與 其 徒 之 商於 ， 發 兵 北 擊 鄭 ， 秦 人 攻 商君 ， 殺 之 ， 車 裂 以 徇 ， 盡 滅 其 家 。,商君 乃 與 其 徒 之 商 於 發 兵 北擊  鄭 秦 人 攻 商 君 殺 之 車 裂 以徇盡滅    其 家,0.7199999999999999,0.0,0.7199999999999999,1.0,0.0
初商君相秦用法嚴酷嘗臨渭論囚渭水盡赤,初 ， 商君 相 秦 ， 用 法 嚴酷 ， 嘗 臨 渭 論 囚 ， 渭水 盡 赤 。,初 商君 相 秦  用 法 嚴 酷  嘗 臨 渭 論 囚  渭 水盡  赤 ,0.7741935483870969,0.0,0.7741935483870969,1.0,0.0
為相十年人多怨之,為 相 十 年 ， 人 多 怨 之 。,為 相 十 年 人 多 怨 之,1.0,0.0,1.0,1.0,0.0
趙良見商君商君問曰子觀我治秦孰與五羖大夫賢,"趙良 見 商君 ， 商君 問 曰 ： "" 子 觀 我 治 秦 ， 孰 與 五羖大夫 賢 ？ """,，：趙良見商君商君問曰子觀我治秦孰與五羖大夫賢。，。。，，。，，，。,0.0,0.0,0.0,1.0,0.0
趙良曰千人之諾諾不如一士之諤諤,"趙良 曰 ： "" 千 人 之 諾諾 ， 不 如 一 士 之 諤諤 。",趙 良 曰  千人  之諾諾      不如  一  士  之  諤  諤  。,0.34782608695652173,0.5,0.34782608695652173,1.0,0.17391304347826086
僕請終日正言而無誅可乎商君曰諾趙良曰五羖大夫荊之鄙人也穆公舉之牛口之下而加之百姓之上秦國莫敢望焉相秦六七年而東伐鄭三置晉君一救荊禍,"僕 請 終日 正言 而 無 誅 ， 可 乎 ？ "" 商君 曰 ： "" 諾 。 "" 趙良 曰 ： "" 五羖大夫 ， 荊 之 鄙人 也 ， 穆公 舉 之 牛口 之 下 ： 而 加 之 百姓 之 上 ， 秦國 莫 敢 望 焉 。 相 秦 六 七 年 而 東 伐 鄭 ， 三 置 晉君 ， 一 救 荊 禍 。",，。，，。，，，。，，。：僕請終日正言而無誅可乎商君曰諾趙良曰五羖大夫荊之鄙人也穆公舉之牛口之下而加之百姓之上秦國莫敢望焉相秦六七年而東伐鄭三置晉君一救荊禍。,0.0,0.14285714285714288,0.0,1.0,0.0
其為相也勞不坐乘暑不張蓋,其 為 相 也 ， 勞 不 坐 乘 ， 暑 不 張 蓋 。,其 為 相 也 勞 不 坐 乘 暑 不 張 蓋,1.0,0.0,1.0,1.0,0.0
行於國中不從車乘不操干戈,行 於 國 中 ， 不 從 車 乘 ， 不 操 干戈 。,，：行於國中不從車乘不操干戈。，。。，。，。：- ,0.0,0.5,0.0,1.0,0.0
五羖大夫死秦國男女流弟童子不歌謠舂者不相杵,五羖大夫 死 ， 秦國 男 女 流 弟 ， 童子 不 歌謠 ， 舂 者 不 相 杵 。,，。，。，，。，、，。，。：五羖大夫死秦國男女流弟童子不歌謠舂者不相杵,0.0,0.0,0.0,1.0,0.0
今君之見也因嬖人景監以為主其從政也淩轢公族殘傷百姓,今 君 之 見 也 ， 因 嬖人 景監 以 為 主 ； 其 從 政 也 ， 淩轢 公族 ， 殘 傷 百姓 。,，：今君之見也因嬖人景監以為主其從政也淩轢公族殘傷百姓。，。，。，，， ,0.0,0.33333333333333337,0.0,1.0,0.0
公子虔杜門不出已八年矣君又殺祝懽而黥公孫賈,公子虔 杜 門 不 出 已 八 年 矣 。 君 又 殺 祝懽 而 黥 公孫賈 。,公 子虔  杜 門 不 出 已 八 年 矣 君 又 殺 祝懽  而黥  公 孫 賈,0.7058823529411765,0.0,0.7058823529411765,1.0,0.0
詩曰得人者興失人者崩此數者非所以得人也君之出也後車載甲多力而駢脅者為驂乘持矛而操闟戟者旁車而趨,詩 曰 ： 『 得 人 者 興 ， 失 人 者 崩 。 』 此 數 者 ， 非 所 以 得 人 也 。 君 之 出 也 ， 後 車 載 甲 ， 多 力 而 駢脅 者 為 驂乘 ， 持 矛 而 操 闟戟 者 旁 車 而 趨 。,詩 曰 得 人 者 興 失 人 者 崩 此 數 者 非 所 以 得 人 也 君 之 出 也 後 車 載 甲 多 力 而 駢 脅 者 為 驂 乘 持 矛 而 操 闟 戟 者 旁 車 而 趨,0.9010989010989012,0.0,0.9010989010989012,1.0,0.0
此一物不具君固不出書曰恃德者昌恃力者亡此數者非恃德也君之危若朝露而尚貪商於之富寵秦國之政畜百姓之怨,此 一 物 不 具 ， 君 固 不 出 。 書 曰 ： 『 恃 德 者 昌 ， 恃 力 者 亡 。 』 此 數 者 ， 非 恃 德 也 。 君 之 危 若 朝露 ， 而 尚 貪 商於 之 富 ， 寵 秦國 之 政 ， 畜 百姓 之 怨 。,此 一 物 不 具 君 固 不 出 書 曰 恃 德 者 昌 恃 力 者 亡 此 數 者 非 恃 德 也 君 之 危 若 朝 露 而 尚 貪 商 於 之 富寵  秦 國 之 政 畜 百 姓 之 怨,0.8387096774193549,0.0,0.8387096774193549,1.0,0.0
秦王一旦捐賓客而不立朝秦國之所以收君者豈其微哉,"秦王 一 旦 捐 賓客 而 不 立 朝 ， 秦國 之 所 以 收 君 者 豈 其 微 哉 ！ """,秦 王  一旦    捐賓    客  而  不  立  朝  秦國  之  所以  收  君  者  豈  其  微  哉 ,0.6666666666666667,0.0,0.6666666666666667,1.0,0.0
商君弗從居五月而難作,商君 弗 從 。 居 五 月 而 難 作 。,商君 弗 從 居 五 月 而 難 作,1.0,0.0,1.0,1.0,0.0
三十二年甲申韓申不害卒,三十二年 （ 甲申 ） 韓 申不害 卒 。,"：，""三十二年甲申韓申不害卒""。，、。，：、、、。- """"：",0.0,0.5,0.0,1.0,0.0
三十三年乙酉宋太丘社亡,三十三年 （ 乙酉 ） 宋 太丘社 亡 。,，：三十三年乙酉宋太丘社亡。，。。，，，，,0.0,0.5,0.0,1.0,0.0
鄒人孟軻見魏惠王王曰叟不遠千里而來亦有以利吾國乎孟子曰君何必曰利仁義而已矣,"鄒人 孟軻 見 魏惠王 ， 王 曰 ： "" 叟 ， 不 遠 千 里 而 來 ， 亦 有 以 利 吾 國 乎 ？ "" 孟子 曰 ： "" 君 何 必 曰 利 ， 仁義 而 已 矣 ！","鄒，。，""人孟軻見魏惠王""，""""（），""""，""""。""王曰叟不遠千里而來亦有以利吾國乎""""""，""""（孟子曰君何必曰），""""""利仁義而已矣",0.0,0.0,0.0,1.0,0.0
君曰何以利吾國大夫曰何以利吾家士庶人曰何以利吾身上下交征利而國危矣未有仁而遺其親者也未有義而後其君者也,"君 曰 何 以 利 吾 國 ， 大夫 曰 何 以 利 吾 家 ， 士 庶人 曰 何 以 利 吾 身 ， 上下 交 征 利 而 國 危 矣 。 未 有 仁 而 遺 其 親 者 也 ， 未 有 義 而 後 其 君 者 也 。 """,君 曰  何 以  利  吾 國  大 夫  曰  何 以  利  吾 家  士 庶 人  曰  何 以  利  吾 身  上 下  交 征  利  而  國 危 矣  未 有  仁  而遺   其 親  者 也  未 有  義  而 後  其 君  者也,0.845360824742268,0.0,0.845360824742268,1.0,0.0
王曰善,"王 曰 ： "" 善 。 """,王 曰 善 。,1.0,0.6666666666666666,1.0,1.0,0.6666666666666666
初孟子師子思嘗問牧民之道何先子思曰先利之孟子曰君子所以教民者亦仁義而已矣何必利子思曰仁義固所以利之也上不仁則下不得其所上不義則下樂為詐也此為不利大矣故易曰利者義之和也又曰利用安身以崇德也此皆利之大者也,"初 ， 孟子 師 子思 ， 嘗 問 牧 民 之 道 何 先 。 子思 曰 ： "" 先 利 之 。 "" 孟子 曰 ： "" 君子 所 以 教 民 者 ， 亦 仁義 而 已 矣 ， 何 必 利 ！ "" 子思 曰 ： "" 仁義 固 所 以 利 之 也 ， 上 不 仁 則 下 不 得 其 所 。 上 不 義 則 下 樂 為 詐 也 ， 此 為 不 利 大 矣 。 故 易 曰 ： 『 利 者 ， 義 之 和 也 。 』 又 曰 ： 『 利 用 安 身 ， 以 崇 德 也 。 』 此 皆 利 之 大 者 也 。 """,，。，，。，，，，。，，。：初孟子師子思嘗問牧民之道何先子思曰先利之孟子曰君子所以教民者亦仁義而已矣何必利子思曰仁義固所以利之也上不仁則下不得其所上不義則下樂為詐也此為不利大矣故易曰利者義之和也又曰利用安身以崇德也此皆利之大者也。,0.0,0.0909090909090909,0.0,1.0,0.0
臣光曰子思孟子之言一也夫唯仁者為知仁義之為利不仁者不知也,臣 光 曰 ： 子思 、 孟子 之 言 ， 一 也 。 夫 唯 仁 者 為 知 仁義 之 為 利 ， 不 仁 者 不 知 也 。,，：臣光曰子思孟子之言一也夫唯仁者為知仁義之為利不仁者不知也。，。。，，。。,0.0,0.2857142857142857,0.0,1.0,0.0
故孟子對梁王直以仁義而不及利者所與言之人異故也,故 孟子 對 梁王 直 以 仁義 而 不 及 利 者 ， 所 與 言 之 人 異 故 也 。,故 孟子 對 梁王 直 以 仁義 而 不 及 利 者 所 與 言 之 人 異 故 也,1.0,0.0,1.0,1.0,0.0
三十四年丙戌秦伐韓拔宜陽,三十四年 （ 丙戌 ） 秦 伐 韓 ， 拔 宜陽 。,，：三十四年丙戌秦伐韓拔宜陽。，。。，，。，,0.0,0.4,0.0,1.0,0.0
三十五年丁亥齊王魏王會於徐州以相王,三十五年 （ 丁亥 ） 齊王 、 魏王 會 於 徐州 以 相 王 。,，。，、。：- 三十五年，，。- 丁亥，（），。- 齊王魏王會於徐州以相王,0.30769230769230765,0.0,0.0,1.0,0.0
韓昭侯作高門屈宜臼曰君必不出此門,"韓昭侯 作 高 門 ， 屈宜臼 曰 ： "" 君 必 不 出 此 門 。",韓 昭侯  作 高門  屈宜臼  曰  君  必 不  出  此  門 ,0.75,0.0,0.75,1.0,0.0
何也不時吾所謂時者非時日也夫人固有利不利時,何 也 ？ 不 時 。 吾 所 謂 時 者 ， 非 時日 也 。 夫 人 固 有 利 、 不 利 時 。,何也  不  時  吾  所謂  時  者  非  時日  也  夫人  固  有  利  不利  時 ,0.6666666666666665,0.0,0.6666666666666665,1.0,0.0
往者君嘗利矣不作高門前年秦拔宜陽今年旱君不以此時恤民之急而顧益奢此所謂時詘舉贏者也,往 者 君 嘗 利 矣 ， 不 作 高門 。 前年 秦 拔 宜陽 ， 今年 旱 ， 君 不 以 此 時 恤 民 之 急 而 顧 益 奢 ， 此 所 謂 時 詘舉 贏 者 也 。,往 者 君 嘗 利 矣 不 作 高 門 前 年 秦 拔 宜陽  今 年 旱 君 不 以 此 時 恤 民 之 急 而顧  益 奢 此 所 謂 時詘舉贏    者 也,0.7777777777777778,0.0,0.7777777777777778,1.0,0.0
故曰不時,"故 曰 不 時 。 """,，。：故曰不時，    。。。，,0.0,1.0,0.0,1.0,0.0
越王無彊伐齊,越王無彊 伐 齊 。,越王無彊伐齊，。，。，，。，、，,0.0,1.0,0.0,1.0,0.0
齊王使人說之以伐齊不如伐楚之利,齊王 使 人 說 之 以 伐 齊 不 如 伐 楚 之 利 。,齊 王  使  人  說  之  以  伐  齊  不如  伐  楚  之  利  。,0.7857142857142857,1.0,0.7857142857142857,1.0,0.7857142857142857
越王遂伐楚楚人大敗之乘勝盡取吳故地東至於浙江越以此散諸公族爭立或為王或為君濱於海上朝服於楚,越王 遂 伐 楚 。 楚 人 大 敗 之 ， 乘勝 盡 取 吳 故地 ， 東 至 於 浙江 。 越 以 此 散 ， 諸 公族 爭 立 ， 或 為 王 ， 或 為 君 ， 濱 於 海上 ， 朝服 於 楚 。,越王 遂伐  楚  楚人 大敗  之  乘 勝盡  取 吳 故 地  東 至 於 浙江  越 以 此 散  諸 公族爭立    或為王或為  君濱   於 海上  朝 服 於 楚 ,0.5294117647058824,0.0,0.5294117647058824,1.0,0.0
三十六年戊子楚王伐齊圍徐州,三十六年 （ 戊子 ） 楚王 伐 齊 ， 圍 徐州 。,，：三十六年戊子楚王伐齊圍徐州。，。。，，。，,0.0,0.4,0.0,1.0,0.0
韓高門成昭侯薨子宣惠王立,韓 高門 成 。 昭侯 薨 ， 子 宣惠王 立 。,，：韓高門成昭侯薨子宣惠王立。，。。，，。，,0.0,0.5,0.0,1.0,0.0
初洛陽人蘇秦說秦王以兼天下之術秦王不用其言蘇秦乃去說燕文公曰燕之所以不犯寇被甲兵者以趙之為蔽其南也,"初 ， 洛陽 人 蘇秦 說 秦王 以 兼 天下 之 術 ， 秦王 不 用 其 言 。 蘇秦 乃 去 ， 說 燕文公 曰 ： "" 燕 之所以 不 犯 寇 被 甲兵 者 ， 以 趙 之 為 蔽 其 南 也 。",初 洛陽 人 蘇秦 說 秦王 以 兼 天下 之 術  秦王 不用 其 言蘇  秦 乃 去 說 燕 文公 曰  燕 之 所以 不 犯 寇 被 甲兵 者  以 趙 之 為 蔽 其 南 也 ,0.8311688311688312,0.0,0.8311688311688312,1.0,0.0
且秦之攻燕也戰於千里之外趙之攻燕也戰於百里之,且 秦 之 攻 燕 也 ， 戰 於 千 里 之 外 ； 趙 之 攻 燕 也 ， 戰 於 百 里 之 。,且 秦 之 攻 燕 也戰  於 千 里 之 外 趙 之 攻 燕 也戰  於 百 里 之,0.8571428571428572,0.0,0.8571428571428572,1.0,0.0
夫不憂百里之患而重千里之外計無過於此者,夫 不 憂 百 里 之 患 而 重 千 里 之 外 ， 計 無 過 於 此 者 。,夫 不 憂 百里 之 患 而 重 千里 之 外 計 無 過 於 此 者,0.8333333333333333,0.0,0.8333333333333333,1.0,0.0
願大王與趙從親天下為一則燕國必無患矣,"願 大王 與 趙 從 親 ， 天下 為 一 ， 則 燕國 必 無 患 矣 。 """,，。，。：願大王與趙從親天下為一則燕國必無患矣。（）（），。、、、、,0.0,0.5,0.0,1.0,0.0
文公從之資蘇秦車馬以說趙肅侯曰當今之時山東之建國莫強於趙秦之所害亦莫如趙然而秦不敢舉兵伐趙者畏韓魏之議其後也秦之攻韓魏也無有名山大川之限稍蠶食之傅國都而止,"文公 從 之 ， 資 蘇秦 車馬 ， 以 說 趙肅侯 曰 ： "" 當 今 之 時 ， 山東 之 建 國 莫 強 於 趙 ， 秦 之 所 害 亦 莫 如 趙 。 然而 秦 不 敢 舉 兵 伐 趙 者 ， 畏 韓 、 魏 之 議 其 後 也 。 秦 之 攻 韓 、 魏 也 ， 無 有 名 山 大 川 之 限 ， 稍 蠶 食 之 ， 傅 國都 而 止 。",文公 從 之 資蘇 秦 車 馬 以 說 趙肅 侯 曰 當今 之 時 山東 之 建國 莫 強 於 趙 秦 之 所 害 亦 莫 如 趙 然 而 秦 不 敢舉  兵 伐 趙 者 畏韓  魏 之議  其 後 也 秦 之 攻韓  魏 也 無 有 名 山 大 川 之 限 稍蠶  食 之 傅 國 都 而 止,0.725925925925926,0.0,0.725925925925926,1.0,0.0
韓魏不能支秦必入臣於秦秦無韓魏之規則禍中於趙矣,韓 、 魏 不 能 支 秦 ， 必 入 臣 於 秦 ； 秦 無 韓 、 魏 之 規 則 禍 中 於 趙 矣 。,韓 魏 不 能 支 秦 必 入 臣 於 秦  秦 無 韓 魏 之 規 則禍   中 於 趙 矣 ,0.9333333333333332,0.0,0.9333333333333332,1.0,0.0
臣以天下地圖案之諸侯之地五倍於秦料度諸侯之卒十倍於秦,臣 以 天下 地 圖 案 之 ， 諸侯 之 地 五 倍 於 秦 ， 料 度 諸侯 之 卒 十 倍 於 秦 。,臣 以 天下 地圖 案 之 諸侯 之 地 五 倍 於 秦 料 度 諸侯 之 卒 十 倍 於 秦,0.9333333333333332,0.0,0.9333333333333332,1.0,0.0
六國為一併力西鄉而攻秦秦必破矣夫衡人者皆欲割諸侯之地以與秦秦成則其身富榮國被秦患而不與其憂是以衡人日夜務以秦權恐愒諸侯以求割地,六 國 為 一 ， 併 力 西 鄉 而 攻 秦 ， 秦 必 破 矣 。 夫 衡人 者 皆 欲 割 諸侯 之 地 以 與 秦 ， 秦 成 則 其 身 富榮 ， 國 被 秦 患 而 不 與 其 憂 ， 是以 衡人 日夜 務 以 秦 權 恐愒 諸侯 ， 以 求 割 地 。,六國 為 一併  力 西鄉  而 攻 秦  秦 必 破 矣  夫 衡 人 者  皆 欲 割 諸侯 之 地  以 與 秦  秦 成  則 其 身 富 榮  國 被 秦 患  而 不 與 其 憂  是 以 衡 人 日夜 務 以 秦 權 恐愒 諸侯  以 求 割 地 ,0.8108108108108109,0.0,0.8108108108108109,1.0,0.0
故願大王熟計之也竊為大王計莫如一韓魏齊楚燕趙為從親以畔秦令天下之將相會於洹水之上通質結盟約曰秦攻一國五國各出銳師或橈秦或救之有不如約者五國共伐之諸侯從親以擯秦秦甲必不敢出於函谷以害山東矣,"故 願 大王 熟 計 之 也 ！ 竊 為 大王 計 ， 莫 如 一 韓 、 魏 、 齊 、 楚 、 燕 、 趙 為 從 親 以 畔 秦 ， 令 天下 之 將 相會 於 洹水 之 上 ， 通 質 結 盟 ， 約 曰 ： 『 秦 攻 一 國 ， 五 國 各 出 銳 師 ， 或 橈 秦 ， 或 救 之 。 有 不 如 約 者 ， 五 國 共 伐 之 ！ 』 諸侯 從 親 以 擯 秦 ， 秦 甲 必 不 敢 出 於 函谷 以 害 山東 矣 。 """,，。，，。，，，。，，。：故願大王熟計之也竊為大王計莫如一韓魏齊楚燕趙為從親以畔秦令天下之將相會於洹水之上通質結盟約曰秦攻一國五國各出銳師或橈秦或救之有不如約者五國共伐之諸侯從親以擯秦秦甲必不敢出於函谷以害山東矣。，,0.0,0.1,0.0,1.0,0.0
肅侯大說厚待蘇秦尊寵賜賚之以約於諸侯,肅侯 大 說 ， 厚 待 蘇秦 。 尊 寵 賜 賚 之 ， 以 約 於 諸侯 。,肅侯大說厚待蘇秦尊寵賜賚之以約於諸侯，。，。，，。，，。，，,0.0,0.4,0.0,1.0,0.0
會秦使犀首伐魏大敗其師四萬餘人禽將龍賈取雕陰且欲東兵,會 秦 使 犀首 伐 魏 ， 大 敗 其 師 四萬 餘 人 ， 禽 將 龍賈 ， 取 雕陰 ， 且 欲 東 兵 。,，。，。：會秦使犀首伐魏大敗其師四萬餘人禽將龍賈取雕陰且欲東兵。，，，，。，,0.0,0.33333333333333337,0.0,1.0,0.0
蘇秦恐秦兵至趙而敗從約念莫可使用於秦者乃激怒張儀入之於秦,蘇秦 恐 秦 兵 至 趙 而 敗 從 約 ， 念 莫 可 使 用 於 秦 者 ， 乃 激怒 張儀 ， 入 之 於 秦 。,，。，。：蘇秦恐秦兵至趙而敗從約念莫可使用於秦者乃激怒張儀入之於秦。，，。（、）、（,0.0,0.4,0.0,1.0,0.0
張儀者魏人與蘇秦俱事鬼谷先生學縱橫之術蘇秦自以為不及也儀游諸侯無所遇困於楚蘇秦故召而辱之儀恐念諸侯獨秦能苦趙遂入秦蘇秦陰遣其舍人繼金幣資儀儀得見秦王秦王說之以為客卿,張儀 者 ， 魏人 ， 與 蘇秦 俱 事 鬼谷先生 ， 學 縱橫 之 術 ， 蘇秦 自 以為 不及 也 。 儀 游 諸侯 無 所 遇 ， 困 於 楚 ， 蘇秦 故 召 而 辱 之 。 儀 恐 ， 念 諸侯 獨 秦 能 苦 趙 ， 遂 入 秦 。 蘇秦 陰 遣 其 舍人 繼 金幣 資 儀 ， 儀 得 見 秦王 。 秦王 說 之 ， 以 為 客卿 。,張儀  者  魏  人  ，  與蘇秦      俱  事  鬼  谷  先生  學  縱  橫  之術蘇秦    ，      自  以  為  不及  也儀  ，    游  諸侯  無  所  遇  困  於  楚蘇秦  ，      故  召  而  辱  之儀  ，    恐  念  諸侯  獨秦    能  苦  趙  ，  遂入秦蘇秦陰遣其舍人繼金幣資儀儀得見秦王秦王說之以為客卿  ,0.4660194174757281,0.19047619047619044,0.4660194174757281,1.0,0.0887656033287101
舍人辭去曰蘇君憂秦伐趙敗從約以為非君莫能得秦柄故激怒君使臣陰奉給君資盡蘇君之計謀也張儀曰嗟乎此吾在術中而不悟吾不及蘇君明矣為吾謝蘇君蘇君之時儀何敢言,"舍人 辭 去 ， 曰 ： "" 蘇君 憂 秦 伐 趙 敗 從 約 ， 以為 非 君 莫 能 得 秦 柄 ； 故 激怒 君 ， 使臣 陰 奉 給 君 資 ， 盡 蘇君 之 計謀 也 。 "" 張儀 曰 ： "" 嗟乎 ， 此 吾 在 術 中 而 不 悟 ， 吾 不 及 蘇君 明 矣 。 為 吾 謝 蘇君 ， 蘇君 之 時 ， 儀 何 敢 言 ！ """,舍人 辭 去 曰 蘇 君憂  秦伐  趙 敗 從 約 以 為 非 君 莫 能 得 秦 柄 故 激 怒 君 使 臣陰  奉 給 君 資盡蘇   君 之 計謀  也張儀   曰嗟  乎 此 吾 在 術 中 而 不 悟 吾 不 及蘇  君 明 矣 為 吾 謝蘇  君蘇  君 之 時儀  何 敢 言,0.6557377049180327,0.0,0.6557377049180327,1.0,0.0
於是蘇秦說韓宣惠王曰韓地方九百餘里帶甲數十萬天下之強弓勁弩利劍皆從韓出韓卒超足而射百發不暇止以韓卒之勇被堅甲跖勁弩帶利劍一人當百不足言也大王事秦秦必求宜陽成皋今茲效之明年復求割地,"於是 蘇秦 說 韓 宣惠王 曰 ： "" 韓 地方 九百 餘 里 ， 帶 甲 數 十萬 ， 天下 之 強 弓 、 勁 弩 、 利 劍 皆 從 韓 出 。 韓 卒 超 足 而 射 ， 百 發 不 暇止 。 以 韓 卒 之 勇 ， 被 堅 甲 ， 跖 勁 弩 ， 帶 利 劍 ， 一 人 當 百 ， 不 足 言 也 。 大王 事 秦 ， 秦 必 求 宜陽 、 成皋 ； 今 茲 效 之 ， 明年 復 求 割 地 。",於 是 蘇 秦 說 韓 宣 惠 王 曰韓   地 方 九 百 餘 里 帶 甲 數 十 萬  天下 之 強 弓勁  弩 利劍  皆 從韓  出韓   卒 超 足 而 射 百 發 不 暇 止  以韓  卒 之 勇 被堅  甲 跖勁  弩帶  利劍   一 人 當 百 不 足 言 也  大 王 事 秦  秦 必 求 宜陽  成 皋  今茲效之明年復求割地 ,0.5277777777777778,0.0,0.5277777777777778,1.0,0.0
與則無地以給之不與則棄前功受後禍且大王之地有盡而秦求無已以有盡之地逆無已之求此所謂市怨結禍者也,與 則 無 地 以 給 之 ； 不 與 則 棄 前 功 ， 受 後 禍 。 且 大王 之 地 有 盡 而 秦 求 無 已 ， 以 有 盡 之 地 逆 無 已 之 求 ， 此 所 謂 市 怨 結 禍 者 也 。,與 則 無 地 以 給 之 不 與 則 棄 前 功 受 後 禍 且 大 王 之 地 有盡  而 秦 求 無 已 以 有盡  之 地逆  無 已 之 求 此 所 謂 市 怨 結 禍 者 也,0.8666666666666666,0.0,0.8666666666666666,1.0,0.0
不戰而地已削矣鄙諺曰寧為雞口無為牛後夫以大王之賢挾強韓之兵而有牛後之名臣竊為大王羞之,"不 戰 而 地 已 削 矣 。 鄙 諺 曰 ： 『 寧 為 雞 口 ， 無 為 牛 後 。 』 夫 以 大王 之 賢 ， 挾 強 韓 之 兵 ， 而 有 牛 後 之 名 ， 臣 竊 為 大王 羞 之 ！ """,不戰  而 地 已 削 矣  鄙 諺 曰  寧 為 雞 口  無 為 牛 後  夫 以 大 王 之 賢挾   強韓  之 兵  而 有 牛 後 之 名  臣竊  為 大 王 羞 之 ,0.7692307692307692,0.0,0.7692307692307692,1.0,0.0
韓王從其言,韓王 從 其 言 。,，：韓王從其言。，。。，。，。？,0.0,1.0,0.0,1.0,0.0
蘇秦說魏王曰大王之地方千里地名雖小然而田舍廬廡之數曾無所芻牧,"蘇秦 說 魏王 曰 ： "" 大王 之 地方 千 里 ， 地名 雖 小 ， 然而 田舍 廬廡 之 數 ， 曾 無 所 芻 牧 。",蘇秦 說 魏王 曰 大王 之 地 方 千里 地 名雖  小 然而 田舍 廬廡 之 數 曾 無 所 芻 牧,0.7727272727272727,0.0,0.7727272727272727,1.0,0.0
人民之眾車馬之多日夜行不絕輷輷殷殷若有三軍之眾,人民 之 眾 ， 車馬 之 多 ， 日夜 行 不 絕 ， 輷輷 殷殷 ， 若 有 三 軍 之 眾 。,人 民 之 眾 車 馬 之 多 日 夜 行 不 絕 輷 輷 殷 殷 若 有 三軍  之 眾,0.55,0.0,0.55,1.0,0.0
臣竊量大王之國不下楚,臣 竊 量 大王 之 國 不 下 楚 。,，。，。：臣竊量大王之國不下楚。。。，,0.0,1.0,0.0,1.0,0.0
今竊聞大王之卒武士二十萬蒼頭二十萬奮擊二十萬廝徒十萬車六百乘騎五千匹乃聽於群臣之說而欲臣事秦,今 竊 聞 大王 之 卒 ， 武士 二十萬 ， 蒼頭 二十萬 ， 奮擊 二十萬 ， 廝徒 十萬 ； 車 六百 乘 ， 騎 五千 匹 ； 乃 聽 於 群臣 之 說 ， 而 欲 臣 事 秦 ！,今 竊 聞 大王 之 卒 武士二 十萬 蒼頭二 十萬 奮擊二 十萬 廝徒 十萬 車 六百乘 騎 五千 匹 乃 聽 於 群臣 之 說 而 欲 臣事 秦,0.7,0.0,0.7,1.0,0.0
故敝邑趙王使臣效愚計奉明約在大王之詔詔之魏王聽之,"故 敝邑 趙王 使 臣 效 愚 計 ， 奉 明約 ， 在 大王 之 詔 詔 之 。 "" 魏王 聽 之 。","，。，。""故敝邑趙王""，""""（""""），""""（""""），""""。""使臣效愚計奉明約在大王之詔詔之魏王聽之""，""""，""",0.0,0.0,0.0,1.0,0.0
蘇秦說齊王曰齊四塞之國地方二千餘里帶甲數十萬粟如丘山三軍之良五家之兵進如鋒矢戰如雷霆解如風雨即有軍役未嘗倍泰山絕清河涉渤海者也,"蘇秦 說 齊王 曰 ： "" 齊 四塞 之 國 ， 地方 二千 餘 里 ， 帶 甲 數 十萬 ， 粟 如 丘山 。 三 軍 之 良 ， 五 家 之 兵 ， 進 如 鋒矢 ， 戰 如 雷霆 ， 解 如 風雨 ， 即 有 軍役 ， 未嘗 倍 泰山 、 絕 清河 、 涉 渤海 者 也 。",蘇秦 說 齊王 曰  齊 四 塞 之 國   地方二  千 餘 里  帶 甲 數 十 萬  粟 如 丘 山  三                           軍之良五家之兵進如鋒矢戰如雷霆解如風雨即有軍役   未 嘗 倍 泰 山  絕 清 河  涉 渤 海 者 也 ,0.47058823529411764,0.0,0.47058823529411764,1.0,0.0
臨淄之中七萬戶臣竊度之不下戶三男子不待發於遠縣而臨淄之卒固已二十一萬矣臨淄甚富而實其民無不鬥雞走狗六博闒鞠,臨淄 之 中 七萬 戶 ， 臣 竊 度 之 ， 不 下 戶 三 男子 ， 不 待 發 於 遠 縣 ， 而 臨淄 之 卒 固 已 二十一萬 矣 。 臨淄 甚 富 而 實 ， 其 民 無 不 鬥 雞 、 走 狗 、 六 博 、 闒 鞠 。,臨 淄  之 中  七 萬 戶  臣竊   度  之  不 下  戶  三  男 子  不 待 發  於 遠縣   而  臨 淄  之 卒  固 已  二 十 一 萬  矣  ，  臨 淄  甚 富  而 實  其 民  無  不鬥   雞  走 狗  六博闒鞠 ,0.6304347826086957,0.0,0.6304347826086957,1.0,0.0
臨淄之塗車轂擊人肩摩連衽成帷揮汗成雨夫韓魏之所以重畏秦者為與秦接境壤也,臨淄 之 塗 ， 車 轂 擊 ， 人 肩 摩 ， 連 衽 成 帷 ， 揮 汗 成 雨 。 夫 韓 、 魏 之所以 重 畏 秦 者 ， 為 ； 與 秦 接 境壤 也 。,"，。，（）。：  ""臨淄之塗車轂擊人肩摩連衽成帷揮汗成雨夫韓魏之所以重畏秦者為與秦接境壤也""  ，，，，",0.0,0.0,0.0,1.0,0.0
兵出而相當不十日而戰勝存亡之機決矣,兵 出 而 相 當 ， 不 十 日 而 戰 ， 勝 存 亡 之 機 決 矣 。,兵 出 而 相當 不 十 日 而 戰 勝 存 亡 之 機 決 矣,0.9090909090909091,0.0,0.9090909090909091,1.0,0.0
韓魏戰而勝秦則兵半折四境不守戰而不勝則國已危亡隨其後是故韓魏之所以重與秦戰而輕為之臣也今秦之攻齊則不然倍韓魏之地過衛陽晉之道經乎亢父之險車不得方軌騎不得比行百秦人守險千人不敢過也秦雖欲深入則狼顧恐韓魏之議其後也是故恫疑虛喝驕矜而不敢進則秦之不能害齊亦明矣夫不深料秦之無柰齊何而欲西面而事之是群臣之計過也,韓 、 魏 戰 而 勝 秦 ， 則 兵 半 折 ， 四 境 不 守 ； 戰 而 不 勝 ， 則 國 已 危亡 隨 其 後 ； 是故 韓 、 魏 之所以 重 與 秦 戰 而 輕 為 之 臣 也 。 今 秦 之 攻 齊 則 不 然 ， 倍 韓 、 魏 之 地 ， 過 衛 陽晉 之 道 ， 經 乎 亢父 之 險 ， 車 不 得 方軌 ， 騎 不 得 比行 ， 百 秦 人 守 險 ， 千 人 不 敢 過 也 。 秦 雖 欲 深 入 則 狼顧 ， 恐 韓 、 魏 之 議 其 後 也 ， 是故 恫疑 、 虛喝 、 驕矜 而 不 敢 進 ， 則 秦 之 不 能 害 齊 亦 明 矣 ， 夫 不 深 料 秦 之 無 柰 齊 何 ， 而 欲 西 面 而 事 之 ， 是 群臣 之 計 過 也 。,韓魏  戰而  勝秦則   兵 半 折 四 境不  守                       戰而不勝則國已危亡隨                                                                   其 後  是 故韓魏之所以重與秦戰而輕為之臣也今秦之攻齊則不然倍韓魏之地過衛陽晉之道經乎亢父之險車不得方軌騎不得比行百秦人守險千人不         敢過也秦雖欲深入則狼顧恐韓魏之議其後也是故恫疑虛喝驕矜而不敢 進則秦之    不能害齊亦明矣夫不深料秦之無柰齊何而欲西面而事之是群臣之計過也 ,0.09090909090909091,0.0,0.09090909090909091,1.0,0.0
今無臣事秦之名而有強國之實臣是故願大王少留意計之齊王許之,"今 無 臣 事 秦 之 名 而 有 強 國 之 實 ， 臣 是故 願 大王 少 留意 計 之 ！ "" 齊王 許 之 。",今 無 臣 事 秦 之 名 而 有 強 國 之 實 臣 是 故願  大 王 少 留 意 計 之 齊 王 許 之 。,0.7450980392156864,0.5,0.7450980392156864,1.0,0.3725490196078432
乃西南說楚威王曰楚天下之強國也地方六千餘里帶甲百萬車千乘騎萬匹粟支十年此霸王之資也秦之所害莫如楚楚強則秦弱秦強則楚弱其勢不兩立故為大王計莫如從親以孤秦,"乃 西南 說 楚威王 曰 ： "" 楚 ， 天下 之 強 國 也 ， 地方 六千 餘 里 ， 帶 甲 百萬 ， 車 千 乘 ， 騎 萬 匹 ， 粟 支 十 年 ， 此 霸王 之 資 也 。 秦 之 所 害 莫 如 楚 ， 楚 強 則 秦 弱 ， 秦 強 則 楚 弱 ， 其 勢 不 兩 立 。 故 為 大王 計 ， 莫 如 從 親 以 孤 秦 。",乃 西南說  楚 威王 曰  楚 天下 之 強國 也  地方 六 千 餘里  帶甲 百萬  車 千 乘  騎 萬 匹  粟 支 十年  此 霸王 之 資 也  秦 之 所 害 莫 如 楚  楚 強 則 秦 弱  秦 強 則 楚 弱  其勢  不 兩 立  故 為 大王 計  莫 如 從 親  以 孤 秦,0.8125,0.0,0.8125,1.0,0.0
臣請令山東之國奉四時之獻以承大王之明詔委社稷奉宗廟練士厲兵在大王之所用之故從親則諸侯割地以事楚衡合則楚割地以事秦此兩策者相去遠矣大王何居焉楚王亦許之,"臣 請 令 山東 之 國 ， 奉 四 時 之 獻 ， 以 承 大王 之 明詔 ； 委 社稷 ， 奉 宗廟 ， 練 士 厲 兵 ， 在 大王 之 所 用 之 。 故 從 親 則 諸侯 割 地 以 事 楚 ， 衡 合 則 楚 割 地 以 事 秦 ， 此 兩 策 者 相 去 遠 矣 ， 大王 何 居 焉 ？ "" 楚王 亦 許 之 。",臣 請  令 山東  之 國 奉 四 時  之獻  以 承 大 王  之 明 詔 委 社 稷 奉 宗 廟 練 士 厲 兵 在 大 王  之 所 用 之 故 從 親 則 諸侯 割 地 以 事 楚 衡 合 則 楚 割 地 以 事 秦 此 兩 策  者 相 去 遠 矣  大 王 何 居 焉楚王亦許之  ,0.7938931297709925,0.0,0.7938931297709925,1.0,0.0
於是蘇秦為從約長並相六國北報趙車騎輜重擬於王者,於是 蘇秦 為 從約長 ， 並 相 六 國 ， 北 報 趙 ， 車騎 輜重 擬 於 王 者 。,"於，。是蘇，""""""""。，""秦為從約長並相六國北報趙車騎輜重擬於王者""，。，（），",0.0,0.28571428571428575,0.0,1.0,0.0
齊威王薨子宣王辟強立知成侯賣田忌乃召而復之,齊威王 薨 ， 子 宣王辟強 立 ； 知 成侯 賣 田忌 ， 乃 召 而 復 之 。,，。，。：齊威王薨子宣王辟強立知成侯賣田忌乃召而復之。，。。，，,0.0,0.4,0.0,1.0,0.0
燕文公薨子易王立,燕文公 薨 ， 子 易王 立 。,燕，。，。，，。，文公薨子易王立，。,0.0,0.5,0.0,1.0,0.0
衛成侯薨子平侯立,衛成侯 薨 ， 子 平侯 立 。,衛 成 侯 薨 子 平 侯 立,0.4615384615384615,0.0,0.4615384615384615,1.0,0.0
三十七年己丑秦惠王使犀首欺齊魏與共伐趙以敗從約趙肅侯讓蘇秦蘇秦恐請使燕必報齊蘇秦去趙而從約皆解趙人決河水以灌齊魏之師齊魏之師乃去,三十七年 （ 己丑 ） 秦惠王 使 犀首 欺 齊 、 魏 ， 與 共 伐 趙 ， 以 敗 從 約 ， 趙肅侯 讓 蘇秦 ， 蘇秦 恐 ， 請 使 燕 ， 必 報 齊 。 蘇秦 去 趙 而 從 約 皆 解 。 趙人 決 河水 以 灌 齊 、 魏 之 師 ， 齊 魏 之 師 乃 去 。,，。，，。，，，，。，，。：三十七年己丑秦惠王使犀首欺齊魏與共伐趙以敗從約趙肅侯讓蘇秦蘇秦恐請使燕必報齊蘇秦去趙而從約皆解趙人決河水以灌齊魏之師齊魏之師乃去,0.0,0.0,0.0,1.0,0.0
魏以陰晉為和於秦實華陰,魏 以 陰晉 為 和 於 秦 ， 實 華陰 。,"：，""魏以陰晉為和於秦實華陰""。，。，：（），。，",0.0,0.6666666666666666,0.0,1.0,0.0
齊王伐燕取十城已而復歸之,齊王 伐 燕 ， 取 十 城 ； 已而 復 歸 之 。,"：，""齊王伐燕取十城已而復歸之""。，。。""""（），。""",0.0,0.5,0.0,1.0,0.0
三十九年辛卯秦伐魏圍焦曲沃,三十九年 （ 辛卯 ） 秦 伐 魏 ， 圍 焦 、 曲沃 。,"，。，""""""""。（），；。：，。：""三十九年辛卯秦伐魏圍焦曲沃",0.0,0.0,0.0,1.0,0.0
魏入少梁河西地於秦,魏 入 少梁 、 河西 地 於 秦 。,魏 入 少梁 河西 地 於 秦,1.0,0.0,1.0,1.0,0.0
四十年壬辰秦伐魏渡河取汾陰皮氏拔焦,四十年 （ 壬辰 ） 秦 伐 魏 ， 渡 河 ， 取 汾陰 、 皮氏 ， 拔 焦 。,四十年 壬辰 秦伐  魏 渡 河 取 汾陰 皮氏 拔 焦,0.8695652173913043,0.0,0.8695652173913043,1.0,0.0
楚威王薨子懷王槐立,楚威王 薨 ， 子 懷王槐 立 。,"：，""楚威王薨子懷王槐立""。，。：- """" （），。- """" （），",0.0,0.6666666666666666,0.0,1.0,0.0
宋公剔成之弟偃襲攻剔成剔成奔齊偃自立為君,宋公 剔成 之 弟 偃襲 攻 剔成 ； 剔成 奔 齊 ， 偃 自 立 為 君 。,，。，。，，。，、，。，。：宋公剔成之弟偃襲攻剔成剔成奔齊偃自立為君,0.0,0.0,0.0,1.0,0.0
四十一年癸巳秦公子華張儀帥師圍魏蒲陽取之,四十一年 （ 癸巳 ） 秦 公子華 、 張儀 帥 師 圍 魏 蒲陽 ， 取 之 。,，。，。：四十一年癸巳，，（）。，秦公子華，張儀，。帥師圍魏蒲陽取之,0.0,0.0,0.0,1.0,0.0
張儀言於秦王請以蒲陽復與魏而使公子繇質於魏,張儀 言 於 秦王 ， 請 以 蒲陽 復 與 魏 ， 而 使 公子繇 質 於 魏 。,張儀 言 於 秦 王  請 以 蒲陽 復 與 魏  而 使 公子 繇 質 於 魏 ,0.823529411764706,0.0,0.823529411764706,1.0,0.0
儀因說魏王曰秦之遇魏甚厚魏不可以無禮於秦魏因盡入上郡十五縣以謝焉,"儀 因 說 魏王 曰 ： "" 秦 之 遇 魏 甚 厚 ， 魏 不 可以 無禮 於 秦 。 "" 魏 因 盡 入 上郡 十五 縣 以 謝 焉 。",儀 因 說 魏 王 曰  秦 之 遇 魏甚  厚  魏 不 可 以 無禮  於 秦  魏 因盡  入 上 郡 十 五縣   以 謝 焉 ,0.6545454545454545,0.0,0.6545454545454545,1.0,0.0
張儀歸而相秦,張儀 歸 而 相 秦 。,"，。""張儀歸而相秦"" ，。。："""" ，。 """,0.0,1.0,0.0,1.0,0.0
四十二年甲午秦縣義渠以其君為臣,四十二年 （ 甲午 ） 秦 縣 義渠 ， 以 其 君 為 臣 。,"：，""四十二年甲午秦縣義渠以其君為臣""。，。。""""（），。，",0.0,0.4,0.0,1.0,0.0
秦歸焦曲沃於魏,秦 歸 焦 、 曲沃 於 魏 。,秦歸  焦 曲沃 於 魏,0.7272727272727272,0.0,0.7272727272727272,1.0,0.0
四十三年乙未趙肅侯薨子武靈王立置博聞師三人左右司過三人先問先君貴臣肥義加其秩,四十三年 （ 乙未 ） 趙肅侯 薨 ： 子 武靈王 立 ； 置博 聞 師 三 人 ， 左 、 右 司過 三 人 ， 先 問 先君 貴臣 肥義 ， 加 其 秩 。,，：四十三年乙未趙肅侯薨子武靈王立置博聞師三人左右司過三人先問先君貴臣肥義加其秩。，。。，，。，，，。,0.0,0.19999999999999998,0.0,1.0,0.0
四十四年丙申夏四月戊午秦初稱王,四十四年 （ 丙申 ） 夏 ， 四月 ， 戊午 ， 秦 初 稱 王 。,"：，""四十四年丙申夏四月戊午秦初稱王""。，。，：、、。- """"，，",0.0,0.2857142857142857,0.0,1.0,0.0
衛平侯薨子嗣君立,衛平侯 薨 ， 子 嗣君 立 。,衛平侯 薨 子 嗣君 立,1.0,0.0,1.0,1.0,0.0
衛有胥靡亡之魏因為魏王之後治病,衛 有 胥靡 亡 之 魏 ， 因 為 魏王 之 後 治 病 。,"衛有，。，胥靡亡之魏因為，魏王之後（""治病""）。，。。，。",0.0,0.3333333333333333,0.0,1.0,0.0
嗣君聞之請以五十金買之五反魏不與乃以左氏易之左右諫曰夫以一都買一胥靡可乎,"嗣君 聞 之 ， 請 以 五十 金 買 之 。 五 反 ， 魏 不 與 ， 乃 以 左氏 易 之 。 左右 諫 曰 ： "" 夫 以 一 都 買 一 胥靡 ， 可 乎 ？ """,，：嗣君聞之請以五十金買之五反魏不與乃以左氏易之左右諫曰夫以一都買一胥靡可乎。，。。，，，。，，，,0.0,0.0,0.0,1.0,0.0
嗣君曰非子所知也夫治無小亂無大,"嗣君 曰 ： "" 非 子 所 知 也 ！ 夫 治 無 小 ， 亂 無 大 。","，。，。""嗣君曰""，""""，""""，。""非子所知也夫治無小亂無大""""""，""""，""""",0.0,0.0,0.0,1.0,0.0
法不立誅不必雖有十左氏無益也法立誅必失十左氏無害也魏王聞之曰人主之欲不聽之不祥因載而往徒獻之,"法 不 立 ， 誅 不 必 ， 雖 有 十 左氏 ， 無 益 也 。 法 立 ， 誅 必 ， 失 十左氏 ， 無 害 也 。 "" 魏王 聞 之 曰 ： "" 人主 之 欲 ， 不 聽 之 不 祥 。 "" 因 載 而 往 ， 徒 獻 之 。",法 不 立 誅                                        不必雖有十左氏無益也法立誅必失十左氏無害也魏王聞  之曰人主            之欲不聽之不祥因載而往徒獻之 ,0.16666666666666669,0.0,0.16666666666666669,1.0,0.0
四十五年丁酉秦張儀帥師伐魏取陜,四十五年 （ 丁酉 ） 秦 張儀 帥 師 伐 魏 ， 取 陜 。,"：，""四十五年丁酉秦張儀帥師伐魏取陜""。，、。。，，（），。",0.0,0.4,0.0,1.0,0.0
蘇秦通於燕文公之夫人易王知之蘇秦恐乃說易王曰臣居燕不能使燕重而在齊則燕重易王許之,"蘇秦 通 於 燕文公 之 夫人 ， 易王 知 之 。 蘇秦 恐 ， 乃 說 易王 曰 ： "" 臣 居 燕 不 能 使 燕 重 ， 而 在 齊 則 燕 重 。 "" 易王 許 之 。",蘇秦 通 於 燕 文公 之 夫人 易王 知 之 蘇秦 恐 乃 說 易王 曰 臣 居 燕 不 能 使 燕 重 而 在 齊 則 燕 重 易王 許 之,0.9538461538461539,0.0,0.9538461538461539,1.0,0.0
乃偽得罪於燕而奔齊齊宣王以為客卿蘇秦說齊王高宮室大苑囿以明得意欲以敝齊而為燕,乃 偽 得 罪 於 燕 而 奔 齊 ， 齊宣王 以 為 客卿 。 蘇秦 說 齊王 高 宮室 ， 大 苑囿 ， 以 明 得意 ， 欲 以 敝 齊 而 為 燕 。,乃 偽 得 罪 於 燕 而 奔 齊 齊 宣 王 以 為 客 卿蘇  秦說  齊 王 高 宮 室 大 苑囿  以 明 得 意 欲 以 敝 齊 而為  燕,0.65625,0.0,0.65625,1.0,0.0
四十六年戊戌秦張儀及齊楚之相會嚙桑,四十六年 （ 戊戌 ） 秦 張儀 及 齊 、 楚 之 相 會 嚙桑 。,，。，、。：- 四十六年，，。- 戊戌，（），。- 秦張儀及齊楚之相會嚙桑,0.28571428571428575,0.0,0.0,1.0,0.0
韓燕皆稱王趙武靈王獨不肯曰無其實敢處其名乎令國人謂己曰君,"韓 、 燕 皆 稱 王 。 趙武靈王 獨 不 肯 ， 曰 ： "" 無 其 實 ， 敢 處 其 名 乎 ？ "" 令 國人 謂 己 曰 君 。",，。，。：韓燕皆稱王趙武靈王獨不肯曰無其實敢處其名乎令國人謂己曰君。、，，。，，。，，,0.0,0.25,0.0,1.0,0.0
四十七年己亥秦張儀自嚙桑還而免相相魏,四十七年 （ 己亥 ） 秦 張儀 自 嚙桑 還 而 免 相 ， 相 魏 。,四十七年己亥秦張儀自嚙桑還，。，。，，。，、，而免相相魏。，。：,0.0,0.3333333333333333,0.0,1.0,0.0
欲令魏先事秦而諸侯效之魏王不聽秦王伐魏取曲沃平周復陰厚張儀益甚,欲 令 魏 先 事 秦 而 諸侯 效 之 ； 魏王 不 聽 。 秦王 伐 魏 ， 取 曲沃 、 平周 ， 復 陰 厚 張儀 益 甚 。,欲 令 魏 先 事 秦 而 諸侯 效 之  魏 王 不聽   秦 王 伐 魏 取 曲沃 平 周  復陰  厚 張儀 益甚   ,0.64,0.0,0.64,1.0,0.0
四十八年庚子王崩子慎靚王定立,四十八年 （ 庚子 ） 王 崩 ， 子 慎靚王 定 立 。,"，。，。：- ""四十八年""，（），。- ""庚子王崩子慎靚王定立""，""""",0.2,0.0,0.0,1.0,0.0
燕易王薨子噲立,燕易王 薨 ， 子 噲 立 。,燕易王薨子噲立，。，。，，。，，、,0.0,0.6666666666666666,0.0,1.0,0.0
齊王封田嬰於薛號曰靖郭君,齊王 封 田嬰 於 薛 ， 號 曰 靖郭君 。,，：齊王封田嬰於薛號曰靖郭君。，。。，，，。,0.0,0.6666666666666666,0.0,1.0,0.0
靖郭君言於齊王曰五官之計不可不日聽而數覽也,"靖郭君 言 於 齊王 曰 ： "" 五 官 之 計 。 不 可 不 日 聽 而 數 覽 也 。 """,靖郭君 言 於 齊 王 曰  五 官 之 計 不 可 不 日聽  而 數覽  也 ,0.7428571428571428,0.0,0.7428571428571428,1.0,0.0
王從之已而厭之悉以委靖郭君靖郭君由是得專齊之權,王 從 之 ； 已而 厭 之 ， 悉 以 委 靖郭君 。 靖郭君 由是 得 專 齊 之 權 。,王從之已而厭之悉以委靖郭君靖郭君由是得專齊之權。,0.0,0.4,0.0,1.0,0.0
靖郭君欲城薛客謂靖郭君曰君不聞海大魚乎網不能止鉤不能牽蕩而失水則螻蟻制焉今夫齊亦君之水也,"靖郭君 欲 城 薛 ， 客 謂 靖郭君 曰 ： "" 君 不 聞 海 大 魚 乎 ？ 網 不 能 止 ， 鉤 不 能 牽 ， 蕩 而 失 水 ， 則 螻蟻 制 焉 。 今 夫 齊 ， 亦 君 之 水 也 。",靖郭君 欲 城 薛 客謂  靖郭君 曰 君 不聞  海 大 魚乎  網 不能 止 鉤 不能牽  蕩 而 失 水 則 螻蟻 制 焉 今 夫 齊 亦 君 之 水 也 。,0.7777777777777778,0.19999999999999998,0.7777777777777778,1.0,0.15555555555555556
君長有齊奚以薛為苟為失齊雖隆薛之城到於天庸足恃乎乃不果城,"君 長 有 齊 ， 奚 以 薛 為 ！ 苟 為 失 齊 ， 雖 隆 薛 之 城 到 於 天 ， 庸 足 恃 乎 ！ "" 乃 不 果 城 。",，。，。：君長有齊奚以薛為苟為失齊雖隆薛之城到於天庸足恃乎乃不果城。，，，？，，。,0.0,0.2857142857142857,0.0,1.0,0.0
靖郭君有子四十人其賤妾之子曰文文通儻饒智略說靖郭君以散財養士靖郭君使文主家待賓客賓客爭譽其美皆請靖郭君以文為嗣靖郭君卒文嗣為薛公號曰孟嘗君,靖郭君 有 子 四十 人 ， 其 賤妾 之 子 曰 文 。 文 通 儻 饒 智略 ， 說 靖郭君 以 散 財 養 士 。 靖郭君 使 文主 家 待 賓客 ， 賓客 爭 譽 其 美 ， 皆 請 靖郭君 以 文 為 嗣 。 靖郭君 卒 ， 文嗣 為 薛公 ， 號 曰 孟嘗君 。,，。，，。：。，，；，，。，，。：靖郭君有子四十人其賤妾之子曰文文通儻饒智略說靖郭君以散財養士靖郭君使文主家待賓客賓客爭譽其美皆請靖郭君以文為嗣靖郭君卒文嗣為薛公號曰孟嘗君,0.0,0.0,0.0,1.0,0.0
孟嘗君招致諸侯游士及有罪亡人皆捨業厚遇之存救其親戚食客常數千人各自以為孟嘗君親己由是孟嘗君之名重天下,孟嘗君 招 致 諸侯 游士 及 有罪 亡人 ， 皆 捨 業 厚 遇 之 ， 存 救 其 親戚 ， 食客 常 數 千 人 ， 各 自 以 為 孟嘗君 親 己 ， 由是 孟嘗君 之 名 重 天下 。,孟嘗君  招致  諸侯  游士  及  有罪  亡人  皆捨業    厚遇  之  存救  其  親戚  食客  常  數  千  人  各自  以  為  孟嘗君  親己  由  是  孟嘗君  之  名  重  天下  。,0.6666666666666666,0.2857142857142857,0.6666666666666666,1.0,0.19047619047619047
臣光曰君子之養士以為民也易曰聖人養賢以及萬民,"臣 光 曰 ： 君子 之 養士 ， 以 為 民 也 。 易 曰 ： "" 聖人 養 賢 ， 以 及 萬 民 。 """,，。，。，，。，、，。，。：臣光曰君子之養士以為民也易曰聖人養賢以及萬民,0.0,0.0,0.0,1.0,0.0
夫賢者其德足以敦化正俗其才足以頓綱振紀其明足以燭微慮遠其強足以結仁固義大則利天下小則利一國是以君子豐祿以富之隆爵以尊之養一人而及萬人者養賢之道也今孟嘗君之養士也不恤智愚不擇臧否盜其君之祿以立私黨張虛譽上以侮其君下以蠹其民是奸人之雄也烏足尚哉書曰受為天下逋逃主萃淵藪此之謂也,"夫 賢 者 ， 其 德 足 以 敦 化 正 俗 ， 其 才 足 以 頓 綱 振 紀 ． 其 明 足 以 燭 微 慮 遠 ， 其 強 足 以 結 仁 固 義 ； 大 則 利 天下 ， 小 則 利 一 國 。 是以 君子 豐 祿 以 富 之 ， 隆 爵 以 尊 之 ； 養 一 人 而 及 萬 人 者 ， 養 賢 之 道 也 。 今 孟嘗君 之 養 士 也 ， 不 恤 智 愚 ， 不 擇 臧 否 ， 盜 其 君 之 祿 ， 以 立 私 黨 ， 張 虛 譽 ， 上 以 侮 其 君 ， 下 以 蠹 其 民 ， 是 奸人 之 雄 也 ， 烏 足 尚 哉 ！ 書 曰 ： "" 受 為 天下 逋 逃 主 、 萃 淵藪 。 "" 此 之 謂 也 。",夫 賢者其  德足以      敦化 正俗其   才足以      頓綱 振紀其   明足以      燭微慮 遠其   強足以      結仁 固義  大 則 利 天下  小 則 利 一國  是以  君子豐  祿以  富之   隆 爵以  尊之   養 一 人 而 及 萬人  者  養 賢之  道  也  今 孟嘗君之   養士 也  不 恤 智愚  不 擇 臧否  盜其君之祿以       立 私黨  張 虛譽  上以  侮其君    下以蠹其    民是奸人之雄也烏足尚哉書曰受為天下逋逃主萃淵藪此之謂也 ,0.2887700534759358,0.0,0.2887700534759358,1.0,0.0
孟嘗君聘於楚楚王遺之象床登徒直送之不欲行謂孟嘗君門人公孫戌曰象床之直千金苟傷之毫髮則賣妻子不足償也足下能使僕無行者有先人之寶劍願獻之公孫戌許諾入見孟嘗君曰小國所以皆致相印於君者以君能振達貧窮存亡繼絕故莫不悅君之義慕君之廉也今始至楚而受象床則未至之國將何以待君哉孟嘗君曰善遂不受公孫戌趨去未至中閨孟嘗君召而反之曰子何足之高志之揚也公孫戌以實對孟嘗君乃書門版曰有能揚文之名止文之過私得寶於外者疾入諫,"孟嘗君 聘 於 楚 ， 楚王 遺 之 象床 。 登徒 直 送 之 ， 不 欲 行 ， 謂 孟嘗君 門人 公孫戌 曰 ： "" 象床 之 直 千 金 ， 苟 傷 之 毫髮 ， 則 賣 妻 子 不 足 償 也 。 足下 能 使 僕 無 行 者 ， 有 先人 之 寶劍 ， 願 獻 之 。 "" 公孫戌 許諾 ， 入 見 孟嘗君 曰 ： "" 小 國 所 以 皆 致 相印 於 君 者 ， 以 君 能 振達 貧窮 ， 存 亡 繼絕 ， 故 莫 不 悅 君 之 義 ， 慕 君 之 廉 也 。 今 始 至 楚 而 受 象床 ， 則 未 至 之 國 將 何 以 待 君 哉 ！ "" 孟嘗君 曰 ： "" 善 。 "" 遂 不 受 。 公孫戌 趨 去 ， 未 至 中閨 ， 孟嘗君 召 而 反 之 ， 曰 ： "" 子 何 足 之 高 ， 志 之 揚 也 ？ "" 公孫戌 以 實 對 。 孟嘗君 乃 書 門版 曰 ： "" 有 能 揚 文 之 名 ， 止 文 之 過 ， 私 得 寶 於 外 者 ， 疾 入 諫 ！ """,，。，。，，，。，（），，。，：，、，，。：孟嘗君聘於楚楚王遺之象床登徒直送之不欲行謂孟嘗君門人公孫戌曰，。，。，，；，。，，。，，。，，。，象床之直千金苟傷之毫髮則賣妻子不足償也足下，；能使僕無行者，。有先人之寶劍願獻之公孫戌許諾入見孟嘗君，。，曰小國所以皆致相印於君者以君能振達貧窮存亡繼絕故莫不悅君之義慕君之廉也今始至楚而受象床則未至之國將何以待君哉孟嘗君、曰善遂不受公孫戌趨去未至中閨孟嘗君召而反之曰子何足之高志之揚也公孫戌以實對孟嘗君乃書門版曰有能揚文之名止文之過私得寶於外者疾入諫，，。,0.0,0.0,0.0,1.0,0.0
元年辛丑衛更貶號曰君,元年 （ 辛丑 ） 衛 更 貶 號 曰 君 。,，：元年辛丑衛更貶號曰君。。，。，，，。，,0.0,0.5,0.0,1.0,0.0
二年壬寅秦伐韓取鄢,二年 （ 壬寅 ） 秦 伐 韓 ， 取 鄢 。,二 年 壬寅 秦伐  韓 取 鄢,0.5714285714285714,0.0,0.5714285714285714,1.0,0.0
魏惠王薨子襄王立,魏惠王 薨 ， 子 襄王 立 。,"：，""魏惠王薨子襄王立""。，。。""""（），。""",0.0,0.6666666666666666,0.0,1.0,0.0
孟子入見而出語人曰望之不似人君就之而不見所畏焉,"孟子 入 見 而 出 ， 語 人 曰 : "" 望 之 不 似 人君 ， 就 之 而 不 見 所 畏 焉 。",孟子 入 見 而 出 語 人 曰  望 之 不 似 人 君  就 之 而 不 見 所 畏 焉 ,0.9302325581395349,0.0,0.9302325581395349,1.0,0.0
卒然問曰天下惡乎定吾對曰定於一孰能一之對曰不嗜殺人者能一之孰能與之對曰天下莫不與也王知夫苗乎,卒然 問 曰 ： 『 天下 惡 乎 定 ？ 』 吾 對 曰 ： 『 定 於 一 。 』 『 孰 能 一 之 ？ 』 對 曰 ： 『 不 嗜 殺 人 者 能 一 之 。 』 『 孰 能 與 之 ？ 』 對 曰 ： 『 天下 莫 不 與 也 。 王 知 夫 苗 乎 ？,，。。，《》。：卒然問曰天下惡乎定吾對曰定於一孰能一之對曰不嗜殺人者能一之孰能與之對曰天下莫不與也王知夫苗乎。，，。。，，,0.0,0.0,0.0,1.0,0.0
七八月之間旱則苗槁矣,七 、 八 月 之 間 旱 ， 則 苗 槁 矣 。,七八月之間 旱 則 苗槁  矣,0.4,0.0,0.4,1.0,0.0
天油然作云沛然下雨則苗浡然興之矣,天 油 然 作 云 ， 沛 然 下 雨 ， 則 苗 浡 然 興 之 矣 。,天 油然  作 云 沛然  下 雨 則 苗浡 然  興 之 矣 ,0.6896551724137931,0.0,0.6896551724137931,1.0,0.0
其如是孰能御之,"其 如 是 ， 孰 能 御 之 ？ 』 """,其 如 是 孰 能御  之,0.7692307692307692,0.0,0.7692307692307692,1.0,0.0
三年癸卯楚趙魏韓燕同伐秦攻函谷關,三年 （ 癸卯 ） 楚 、 趙 、 魏 、 韓 、 燕 同 伐 秦 ， 攻 函谷關 。,，。：三年癸卯楚趙魏韓燕同伐秦攻函谷關。（），（、、、、），。，。，，,0.0,0.2222222222222222,0.0,1.0,0.0
秦人出兵逆之五國之師皆敗走,秦 人 出 兵 逆 之 ， 五 國 之 師 皆 敗 走 。,"，。，。：""秦人""，（），""出兵""。""逆之五國""，""""，""之師皆敗走""",0.0,0.0,0.0,1.0,0.0
宋初稱王,宋 初 稱 王 。,宋初稱王，。，，。，（）、，-:、。，,0.0,1.0,0.0,1.0,0.0
四年甲辰秦敗韓師於修魚斬首八萬級虜其將魚叟申差於濁澤,四年 （ 甲辰 ） 秦 敗 韓師 於 修魚 ， 斬 首 八萬 級 ， 虜 其 將 〈 魚叟 〉 、 申差 於 濁澤 。,"，。，。""四年甲辰""，""""，""""，""""（）。""秦敗韓師於修魚斬首八萬級虜其將魚叟申差""，""""，""""""""，""""，""於濁澤""",0.0,0.0,0.0,1.0,0.0
諸侯振恐,諸侯 振恐 。,諸侯 振 恐,0.4,0.0,0.4,1.0,0.0
齊大夫與蘇秦爭寵使人刺秦殺之,齊 大夫 與 蘇秦 爭寵 ， 使 人 刺 秦 ， 殺 之 。,，：齊大夫與蘇秦爭寵使人刺秦殺之。，。。，。，。，，,0.0,0.5,0.0,1.0,0.0
張儀說魏襄王曰梁地方不至千里卒不過三十萬地四平無名山大川之限卒戍楚韓齊趙之境守亭障者不過十萬梁之地勢固戰場也夫諸侯之約從盟於洹水之上結為兄弟以相堅也,"張儀 說 魏襄王 曰 ： "" 梁 地方 不 至 千 里 ， 卒 不 過 三十萬 ， 地 四 平 ， 無 名山 大川 之 限 ， 卒 戍 楚 、 韓 、 齊 、 趙 之 境 ， 守 亭 、 障 者 不 過 十萬 ， 梁 之 地勢 固 戰場 也 。 夫 諸侯 之 約 從 ， 盟 於 洹水 之 上 ， 結 為 兄弟 以 相 堅 也 。",張儀 說 魏襄王 曰 梁 地 方 不 至 千里 卒 不過三 十萬 地 四平 無 名 山 大 川 之 限 卒 戍 楚 韓 齊 趙 之 境 守 亭障 者 不過 十萬 梁 之 地勢 固 戰場 也 夫 諸侯 之 約 從 盟 於 洹水 之上 結 為 兄弟 以 相 堅 也,0.7521367521367521,0.0,0.7521367521367521,1.0,0.0
今親兄弟同父母尚有爭錢財相殺傷而欲恃反覆蘇秦之餘謀其不可成亦明矣大王不事秦秦下兵攻河外據卷衍酸棗劫衛取陽晉則趙不南趙不南則梁不北梁不北則從道絕從道絕則大王之國欲毋危不可得也,今 親兄弟 同 父母 ， 尚 有 爭 錢財 相 殺 傷 ， 而 欲 恃 反 覆 蘇秦 之 餘 謀 ， 其 不 可 成 亦 明 矣 ？ 大王 不 事 秦 ， 秦 下 兵 攻 河 外 ， 據 卷衍 、 酸棗 ， 劫 衛 ， 取 陽晉 ， 則 趙 不 南 ， 趙 不 南 則 梁 不 北 ， 梁 不 北 則 從 道 絕 ， 從 道 絕 則 大王 之 國 欲 毋 危 不 可 得 也 。,今 親 兄弟 同 父母 尚 有爭錢財 相 殺傷  而 欲 恃 反覆蘇 秦 之 餘謀  其 不可 成 亦 明 矣 大王 不 事 秦 秦 下 兵 攻 河外 據 卷衍  酸棗 劫 衛 取陽晉  則 趙 不 南 趙 不 南 則 梁 不 北 梁 不 北 則 從 道 絕 從 道 絕 則 大王 之 國 欲 毋 危 不 可 得 也,0.8137931034482757,0.0,0.8137931034482757,1.0,0.0
故願大王審定計議且賜骸骨,"故 願 大王 審 定 計議 ， 且 賜 骸骨 。 """,故願大王審定計議且賜骸骨,0.0,0.0,0.0,1.0,0.0
魏王乃倍從約而因儀以請成於秦張儀歸復相秦,魏王 乃 倍 從 約 ， 而 因 儀 以 請成 於 秦 。 張儀 歸 ， 復 相 秦 。,魏 王 乃 倍 從 約 而 因儀  以 請 成 於 秦 張儀歸復    相 秦,0.6060606060606061,0.0,0.6060606060606061,1.0,0.0
魯景公薨子平公旅立,魯景公 薨 ， 子 平公旅 立 。,"：，""魯景公薨子平公旅立""。，。。""""，（），",0.0,0.6666666666666666,0.0,1.0,0.0
五年乙巳巴蜀相攻擊俱告急於秦秦惠王欲伐蜀以為道險陜難至而韓又來侵猶豫未能決,五年 （ 乙巳 ） 巴 、 蜀 相 攻擊 ， 俱 告 急 於 秦 。 秦惠王 欲 伐 蜀 ， 以 為 道 險 陜 難 至 ， 而 韓 又 來 侵 ， 猶豫 未 能 決 。,"，。，""""""""。，""""、""""、""""。，，。，，，。：""五年乙巳巴蜀相攻擊俱告急於秦秦惠王欲伐蜀以為道險陜難至而韓又來侵猶豫未能決",0.0,0.0,0.0,1.0,0.0
司馬錯請伐蜀,司馬錯 請 伐 蜀 。,司馬錯請伐蜀。,0.0,1.0,0.0,1.0,0.0
張儀曰不如伐韓王曰請聞其說儀曰親魏善楚下兵三川攻新城宜陽以臨二周之郊據九鼎按圖籍挾天子以令於天下天下莫敢不聽此王業也臣聞爭名者於朝爭利者於市今三川周室天下之朝市也而王不爭焉顧爭於戎翟去王業遠矣,"張儀 曰 ： "" 不如 伐 韓 。 "" 王 曰 ： "" 請 聞 其 說 。 "" 儀 曰 ： "" 親 魏 ， 善 楚 ， 下 兵 三 川 ， 攻 新城 、 宜陽 ， 以 臨 二 周 之 郊 ， 據 九 鼎 ， 按 圖籍 ， 挾 天子 以 令 於 天下 ， 天下 莫 敢 不 聽 ， 此 王 業 也 。 臣 聞 爭 名 者 於 朝 ， 爭 利 者 於 市 。 今 三 川 、 周室 ， 天下 之 朝市 也 ， 而 王 不 爭 焉 ， 顧 爭 於 戎翟 ， 去 王業 遠 矣 。 """,，。，，。，。，（）、，-:、。，。，，。：張儀曰不如伐韓王曰請聞其說儀曰親魏善楚下兵三川攻新城宜陽以臨二周之郊據九鼎按圖籍挾天子以令於天下天下莫敢不聽此王業也臣聞爭名者於朝爭利者於市今三川周室天下之朝市也而王不爭焉顧爭於戎翟去王業遠矣。,0.0,0.07999999999999999,0.0,1.0,0.0
司馬錯曰不然臣聞欲富國者務廣其地欲強兵者務富其民欲王者務博其德三資者備而王隨之矣今王地小民貧故臣願先從事於易,"司馬錯 曰 ： "" 不 然 。 臣 聞 欲 富 國 者 務 廣 其 地 ， 欲 強 兵 者 務 富 其 民 ， 欲 王 者 務 博 其 德 ， 三 資 者 備 而 王 隨 之 矣 。 今 王 地 小 民 貧 ， 故 臣 願 先 從 事 於 易 。",司馬錯 曰 不 然 臣 聞 欲 富 國 者 務廣  其 地 欲 強 兵 者 務 富 其 民 欲 王 者 務 博 其 德 三 資 者 備 而 王 隨 之 矣 今 王 地 小 民貧  故 臣願  先 從 事 於 易,0.9108910891089108,0.0,0.9108910891089108,1.0,0.0
夫蜀西僻之國而戎翟之長也有桀紂之亂以秦攻之譬如使豺狼逐群羊得其地足以廣國取其財足以富民繕兵不傷眾而彼已服焉,夫 蜀 ， 西 僻 之 國 而 戎翟 之 長 也 ， 有 桀 、 紂 之 亂 ； 以 秦 攻 之 ， 譬如 使 豺狼 逐 群 羊 ； 得 其 地 足以 廣 國 ， 取 其 財 足以 富 民 ， 繕 兵 不 傷 眾 而 彼 已 服 焉 。,夫 蜀 西 僻 之 國 而 戎翟  之 長 也  有 桀 紂 之 亂  以 秦 攻 之  譬如  使 豺 狼 逐 群 羊  得 其 地足  以廣   國  取 其 財足  以  富 民  繕 兵  不 傷眾   而 彼 已 服 焉 ,0.8421052631578947,0.0,0.8421052631578947,1.0,0.0
拔一國而天下不以為暴利盡四海而天下不以為貪是我一舉而名實附也而又有禁暴止亂之名今攻韓劫天子惡名也而未必利也又有不義之名而攻天下所不欲危矣臣請論其故周天下之宗室也,拔 一 國 而 天下 不 以 為 暴 ， 利 盡 四海 而 天下 不 以 為 貪 ， 是 我 一 舉 而 名 實 附 也 ， 而 又 有 禁 暴 止 亂 之 名 。 今 攻 韓 ， 劫 天子 ， 惡名 也 ， 而 未 必 利 也 ； 又 有 不 義 之 名 ， 而 攻 天下 所 不 欲 ， 危 矣 。 臣 請 論 其 故 ： 周 ， 天下 之 宗室 也 。,拔 一 國 而 天下 不 以 為 暴 利盡  四 海 而 天下 不 以 為 貪 是 我 一舉  而 名 實 附 也 而 又 有 禁 暴 止亂  之 名 今 攻 韓 劫 天子 惡 名 也 而 未 必 利 也 又 有 不 義 之 名 而 攻 天下 所 不 欲 危 矣 臣 請 論 其 故 周 天下 之 宗室 也,0.8951048951048951,0.0,0.8951048951048951,1.0,0.0
齊韓之與國也,齊 ， 韓 之 與 國 也 。,齊 韓 之 與 國 也,1.0,0.0,1.0,1.0,0.0
周自知失九鼎韓自知亡三川將二國併力合謀以因乎齊趙而求解乎楚魏以鼎與楚以地與魏王弗能止也此臣之所謂危也不如伐蜀完,"周 自 知 失 九 鼎 ， 韓 自 知 亡 三 川 ， 將 二 國 併 力 合 謀 ， 以 因 乎 齊 、 趙 而 求 解 乎 楚 、 魏 ， 以 鼎 與 楚 ， 以 地 與 魏 ， 王 弗 能 止 也 。 此 臣 之 所 謂 危 也 。 不如 伐 蜀 完 。 """,周 自 知 失 九 鼎 韓 自 知 亡 三 川 將 二 國併  力 合 謀 以 因 乎 齊 趙 而 求 解 乎 楚 魏 以 鼎 與 楚 以 地 與 魏 王 弗 能 止 也  此 臣 之 所 謂 危 也  不 如 伐 蜀 完 ,0.9444444444444444,0.0,0.9444444444444444,1.0,0.0
王從錯計起兵伐蜀十月取之,王 從 錯 計 ， 起 兵 伐 蜀 ： 十月 取 之 。,"：，""王從錯計起兵伐蜀十月取之""。，。。""""（），。""",0.0,0.5,0.0,1.0,0.0
貶蜀王更號為侯而使陳莊相蜀,貶 蜀王 ， 更 號 為 侯 ； 而 使 陳莊 相 蜀 。,貶 蜀 王 更 號 為 侯 而  使  陳莊  相 蜀 ,0.8695652173913043,0.0,0.8695652173913043,1.0,0.0
蜀既屬秦秦以益強富厚輕諸侯,蜀 既 屬 秦 ， 秦 以 益 強 ， 富厚 ， 輕 諸侯 。,，。，。：蜀既屬秦秦以益強富厚輕諸侯。，。。，。,0.0,0.4,0.0,1.0,0.0
蘇秦既死秦弟代厲亦以遊說顯於諸侯,蘇秦 既 死 ， 秦弟 代 、 厲 亦 以 遊說 顯 於 諸侯 。,蘇 秦 既 死 秦 弟 代 厲 亦 以 遊 說顯  於 諸侯,0.6153846153846153,0.0,0.6153846153846153,1.0,0.0
燕相子之與蘇代婚欲得燕權蘇代使於齊而還燕王噲問曰齊王其霸乎,"燕 相 子之 與 蘇代 婚 ， 欲 得 燕 權 。 蘇代 使 於 齊 而 還 ， 燕王噲 問 曰 ： "" 齊王 其 霸 乎 ？ """,燕 相 子之 與 蘇代 婚 欲 得 燕 權 蘇代 使 於 齊 而 還 燕 王噲  問 曰 齊 王 其 霸 乎,0.8749999999999999,0.0,0.8749999999999999,1.0,0.0
對曰不能王曰何故對曰不信其臣於是燕王專任子之鹿毛壽謂燕王曰人之謂堯賢者以其能讓天下也今王以國讓子之是王與堯同名也燕王因屬國於子之子之大重或曰禹薦益而以啟人為吏及老而以啟為不足任天下傳之於益啟與交黨攻益奪之天下謂禹名傳天下於益而實令啟自取之,"對 曰 ： "" 不 能 。 "" 王 曰 ： "" 何 故 ？ "" 對 曰 ： "" 不 信 其 臣 。 "" 於是 燕王 專 任 子之 。 鹿毛壽 謂 燕王 曰 ： 人 之 謂 堯 賢 者 ， 以 其 能 讓 天下 也 。 今 王 以 國 讓 子之 ， 是 王 與 堯 同 名 也 。 燕王 因 屬 國 於 子之 ， 子之 大 重 。 或 曰 ： "" 禹 薦 益 而 以 啟 人 為 吏 ， 及 老 而 以 啟 為 不 足 任 天下 ， 傳 之 於 益 。 啟 與 交 黨 攻 益 ， 奪 之 ， 天下 謂 禹 名 傳 天下 於 益 而 實 令 啟 自 取 之 。",，。，，。：。，，；，，，。，，。：對曰不能王曰何故對曰不信其臣於是燕王專任子之鹿毛壽謂燕王曰人之謂堯賢者以其能讓天下也今王以國讓子之是王與堯同名也燕王因屬國於子之子之大重或曰禹薦益而以啟人為吏及老而以啟為不足任天下傳之於益啟與交黨攻益奪之天下謂禹名傳天下於益而實令啟自取之。，、,0.0,0.0909090909090909,0.0,1.0,0.0
今王言屬國於子之而吏無非太子人者是名屬子之而實太子用事也王因收印綬自三百石吏已上而效之子之,"今 王 言 屬 國 於 子之 而 吏 無 非 太子 人 者 ， 是 名 屬 子之 而 實 太子 用 事 也 。 "" 王 因 收 印綬 ， 自 三百 石 吏 已 上 而 效 之 子之 。",今 王 言 屬 國 於 子 之 而 吏 無 非 太 子 人 者 是 名 屬 子 之 而 實 太 子 用事  也 王 因 收 印 綬 自 三 百 石 吏 已 上 而 效 之 子 之,0.7073170731707317,0.0,0.7073170731707317,1.0,0.0
子之南面行王事而噲老不聽政顧為臣國事皆決於子之,子之 南 面 行 王事 ， 而 噲 老 ， 不 聽政 ， 顧 為 臣 ， 國事 皆 決 於 子之 。,"，。，。：子之南面行王事而噲老不聽政顧為臣國事皆決於子之。""""（），""""（）",0.0,0.33333333333333337,0.0,1.0,0.0
六年丙午王崩子赧王延立,六年 （ 丙午 ） 王 崩 ， 子 赧王 延 立 。,，：六年丙午王崩子赧王延立。，。。，，，。，,0.0,0.4,0.0,1.0,0.0
赧王上元年丁未秦人侵義渠得二十五城,赧王 上 元年 （ 丁未 ） 秦 人 侵 義渠 ， 得 二十五 城 。,，。，。：- 赧王上元年：，，。，。- 丁未秦人侵義渠得二十五城：,0.0,0.0,0.0,1.0,0.0
魏人叛秦秦人伐魏取曲沃而歸其人又敗韓於岸門韓太子倉入質於秦以和,魏人 叛 秦 ， 秦 人 伐 魏 ， 取 曲沃 而 歸 其 人 。 又 敗 韓 於 岸門 ， 韓 太子倉 入 質 於 秦 以 和 。,魏人叛秦 秦人伐魏取曲沃而歸其人 又敗韓於岸門 韓太子倉入質於秦以和。,0.0,0.33333333333333337,0.0,1.0,0.0
燕子之為王三年國內大亂將軍市被與太子平謀攻子之齊王令人謂太子曰寡人聞太子將飭君臣之義明父子之位寡人之國唯太子所以令之,"燕子 之 為 王 三 年 ， 國 內 大亂 。 將軍 市被 與 太子平 謀 攻 子之 。 齊王 令 人 謂 太子 曰 ： "" 寡人 聞 太子 將 飭 君 臣 之 義 ， 明 父 子 之 位 ， 寡人 之 國 ， 唯 太子 所以 令 之 。 """,燕子之為王三年國內大亂將軍市被與太子平謀攻子之齊王令人謂太子曰寡人聞太子將飭君臣之義明父子之位 寡人之國唯太子所以令之。,0.0,0.2222222222222222,0.0,1.0,0.0
太子因要黨聚眾使市被攻子之不克市被反攻太子構難數月死者數萬人百姓恫恐,太子 因 要 黨 聚 眾 ， 使 市被 攻 子之 ， 不 克 。 市被 反 攻 太子 。 構難 數 月 ， 死 者 數 萬 人 ， 百姓 恫恐 。,，。，。，，。，，。，。：太子因要黨聚眾使市被攻子之不克市被反攻太子構難數月死者數萬人百姓恫恐,0.0,0.0,0.0,1.0,0.0
齊王令章子將五都之兵因北地之眾以伐燕,齊王 令 章子 將 五 都 之 兵 ， 因 北地 之 眾 以 伐 燕 。,"齊，。，王令章子將。""五都之兵因""，""北地之眾以伐燕""。：（） （）",0.0,0.3333333333333333,0.0,1.0,0.0
燕士卒不戰城門不閉齊人取子之醢之遂殺燕王噲,燕 士卒 不 戰 ， 城門 不 閉 。 齊人 取 子之 ， 醢 之 ， 遂 殺 燕王噲 。,燕 士 卒 不戰  城 門 不 閉 齊 人 取 子 之醢  之  遂 殺 燕 王噲 ,0.42424242424242425,0.0,0.42424242424242425,1.0,0.0
齊王問孟子曰或謂寡人勿取燕或謂寡人取之以萬乘之國伐萬乘之國五旬而舉之人力不至於此不取必有天殃,"齊王 問 孟子 曰 ： "" 或 謂 寡人 勿 取 燕 ， 或 謂 寡人 取 之 。 以 萬 乘 之 國 伐 萬 乘 之 國 ， 五 旬 而 舉 之 ， 人 力 不 至 於 此 ； 不 取 ， 必 有 天殃 。",齊 王 問 孟子 曰 或 謂 寡人 勿 取 燕 或 謂 寡人 取 之 以 萬乘 之 國伐  萬乘 之 國 五旬 而舉  之 人 力 不 至於 此 不 取 必 有 天殃 。,0.7272727272727273,0.2222222222222222,0.7272727272727273,1.0,0.1616161616161616
取之何如孟子對曰取之而燕民悅則取之古之人有行之者武王是也取之而燕民不悅則勿取古之人有行之者文王是也以萬乘之國伐萬乘之國簞食壺漿以迎王師豈有他哉避水火也如水益深如火益熱亦運而已矣,"取 之 何如 ？ "" 孟子 對 曰 ： "" 取 之 而 燕 民 悅 則 取 之 ， 古 之 人 有 行 之 者 ， 武王 是 也 。 取 之 而 燕 民 不 悅 則 勿 取 ， 古 之 人 有 行 之 者 ， 文王 是 也 。 以 萬 乘 之 國 伐 萬 乘 之 國 ， 簞食 壺漿 以 迎 王師 ， 豈 有 他 哉 ？ 避 水 火 也 。 如 水 益 深 ， 如 火 益 熱 ， 亦 運 而已 矣 ！ """,取之  何如  孟子  對  曰取之    而  燕民悅    則取之    古之    人  有  行之  者  武王  是  也取之    而  燕民  不悅    則  勿取    古之    人  有  行之  者  文王  是  也  以  萬乘之    國  伐  萬乘之    國簞    食  壺  漿  以  迎  王師  豈  有他哉避水火也如水益深如火益熱亦運而已矣 ,0.3902439024390244,0.0,0.3902439024390244,1.0,0.0
諸侯將謀救燕齊王謂孟子曰諸侯多謀伐寡人者何以待之對曰臣聞七十里為政於天下者湯是也未聞以千里畏人者也書曰徯我後後來其蘇今燕虐其民王往而征之民以為將拯己於水火之中也簞食壺漿以迎王師若殺其父兄係累其子弟毀其宗廟遷其重器,"諸侯 將 謀 救 燕 ， 齊王 謂 孟子 曰 ： "" 諸侯 多 謀 伐 寡人 者 ， 何 以 待 之 ？ "" 對 曰 ： "" 臣 聞 七十 里 為 政 於 天下 者 ， 湯 是 也 ； 未 聞 以 千 里 畏 人 者 也 。 書 曰 ： 『 徯 我 後 ， 後 來 其 蘇 。 』 今 燕 虐 其 民 ， 王 往 而 征 之 ， 民 以 為 將 拯 己 於 水火 之 中 也 ， 簞食 壺漿 以 迎 王師 。 若 殺 其 父 兄 ， 係 累 其 子 弟 ， 毀 其 宗廟 ， 遷 其 重 器 。",，。，，。，，，，。，，。：諸侯將謀救燕齊王謂孟子曰諸侯多謀伐寡人者何以待之對曰臣聞七十里為政於天下者湯是也未聞以千里畏人者也書曰徯我後後來其蘇今燕虐其民王往而征之民以為將拯己於水火之中也簞食壺漿以迎王師若殺其父兄係累其子弟毀其宗廟遷其重器。，《》,0.0,0.1,0.0,1.0,0.0
如之何其可也天下固畏齊之強也今又倍地而不行仁政是動天下之兵也王速出令反其旄倪止其重器謀於燕眾置君而後去之則猶可及止也齊王不聽,"如 之 何 其 可 也 ！ 天下 固 畏 齊 之 強 也 ， 今 又 倍 地 而 不 行 仁政 ， 是 動 天下 之 兵 也 。 王 速 出 令 。 反 其 旄倪 ， 止 其 重 器 ， 謀 於 燕 眾 ， 置 君 而 後 去 之 ， 則 猶 可 及 止 也 。 "" 齊王 不 聽 。",如 之    何  其  可  也  天下  固  畏  齊  之  強  也  今  又  倍  地  而  不  行  仁政  是  動  天下  之  兵  也  王  速  出  令  反  其  旄倪  止  其  重  器謀    於  燕  眾  置  君  而  後去之則猶可及止也齊王不聽  ,0.8431372549019609,0.0,0.8431372549019609,1.0,0.0
已而燕人叛,已而 燕人 叛 。,已 而 燕 人 叛 。,0.25,1.0,0.25,1.0,0.25
王曰吾甚慚於孟子陳賈曰王無患焉乃見孟子曰周公何人也曰古聖人也陳賈曰周公使管叔監商管叔以商畔也周公知其將畔而使之與,"王 曰 ： "" 吾 甚 慚 於 孟子 。 "" 陳賈 曰 ： "" 王 無 患 焉 。 "" 乃 見 孟子 ， 曰 ： "" 周公 何 人 也 ？ "" 曰 ： "" 古 聖人 也 。 "" 陳賈 曰 ： "" 周公 使 管叔 監 商 ， 管叔 以 商 畔 也 。 周公 知 其 將 畔 而 使 之 與 ？ """,王 曰 吾甚慚   於 孟子陳  賈 曰 王 無 患 焉  乃 見 孟子 曰 周公  何 人 也  曰 古聖 人 也陳  賈 曰 周公  使 管叔 監 商  管叔 以 商 畔 也  周公 知 其 將 畔 而使 之與  ,0.75,0.0,0.75,1.0,0.0
曰不知也陳賈曰然則聖人亦有過與曰周公弟也管叔兄也周公之過不亦宜乎且古之君子過則改之今之君子過則順之古之君子其過也如日月之食民皆見之及其更也民皆仰之今之君子豈徒順之又從為之辭,"曰 ： "" 不 知 也 。 "" 陳賈 曰 ： "" 然 則 聖人 亦 有 過 與 ？ "" 曰 ： "" 周公 ， 弟 也 ， 管叔 ， 兄 也 ， 周公 之 過 不 亦 宜 乎 ！ 且 古 之 君子 ， 過 則 改 之 ； 今 之 君子 ， 過 則 順 之 。 古 之 君子 ， 其 過 也 如 日月 之 食 ， 民 皆 見 之 ； 及 其 更 也 ， 民 皆 仰 之 。 今 之 君子 ， 豈 徒 順 之 ， 又 從 為 之 辭 ！ """,曰 不知也  陳賈  曰  然則  聖人  亦  有過    與  曰  周公  弟也    管叔  兄也    周公之過      不亦    宜    乎  且  古之    君子過    則  改之    今之    君子過    則  順之    古之    君子  其過也      如  日月之    食  民  皆  見之    及其更也民皆仰之今之君子豈徒順之又從為之辭,0.33628318584070793,0.0,0.33628318584070793,1.0,0.0
是歲齊宣王薨子閔王地立,是 歲 ， 齊宣王 薨 ， 子 閔王地 立 。,，：是歲齊宣王薨子閔王地立。，。， 。，，，,0.0,0.5,0.0,1.0,0.0
二年戊申秦右更疾伐趙拔藺虜其將莊豹,二年 （ 戊申 ） 秦 右更 疾 伐 趙 ， 拔 藺 ， 虜 其 將 莊豹 。,二 年 戊申 秦 右 更 疾 伐 趙 拔 藺虜  其 將莊  豹,0.5185185185185186,0.0,0.5185185185185186,1.0,0.0
秦王欲伐齊患齊楚之從親乃使張儀至楚說楚王曰大王誠能聽臣閉關絕約於齊臣請獻商於之地六百里使秦女得為大王箕帚之妾秦楚嫁女娶婦長為兄弟之國楚王說而許之,"秦王 欲 伐 齊 ， 患 齊 、 楚 之 從 親 ， 乃 使 張儀 至 楚 ， 說 楚王 曰 ： "" 大王 誠 能 聽 臣 ， 閉 關 絕 約 於 齊 ， 臣 請 獻 商於 之 地 六百 里 ， 使 秦女 得 為 大王 箕帚 之 妾 ， 秦 、 楚 嫁 女 娶 婦 ， 長 為 兄弟 之 國 。 "" 楚王 說 而 許 之 。",秦王 欲伐  齊 患 齊 楚 之 從 親 乃 使 張儀 至 楚 說 楚 王 曰 大王誠  能 聽 臣閉關絕    約 於 齊 臣 請獻  商 於 之 地 六 百 里 使 秦 女 得為  大王 箕帚 之妾  秦 楚 嫁 女 娶婦  長為  兄弟 之 國 楚 王 說 而 許 之,0.6495726495726496,0.0,0.6495726495726496,1.0,0.0
群臣皆賀陳軫獨吊,群 臣 皆 賀 ， 陳軫 獨 吊 。,群臣皆賀陳軫獨吊，。，。，，。，、，,0.0,0.6666666666666666,0.0,1.0,0.0
王怒曰寡人不興師而得六百里地何吊也對曰不然以臣觀之商於之地不可得而齊秦合齊秦合則患必至矣王曰有說乎對曰夫秦之所以重楚者以其有齊也,"王 怒 曰 ： "" 寡人 不 興 師 而 得 六百 里 地 ， 何 吊 也 ？ "" 對 曰 ： "" 不 然 。 以 臣 觀 之 ， 商於 之 地 不 可 得 而 齊 、 秦 合 ， 齊 、 秦 合 則 患 必 至 矣 。 "" 王 曰 ： "" 有 說 乎 ？ "" 對 曰 ： "" 夫 秦 之所以 重 楚 者 ， 以 其 有 齊 也 。",王 怒 曰  寡人 不 興 師 而 得 六 百 里 地  何 吊 也  對 曰  不 然  以 臣 觀 之  商 於 之 地  不 可 得 而 齊 秦 合  齊 秦 合 則 患 必 至 矣  王 曰  有 說 乎  對 曰  夫 秦 之 所 以 重 楚 者  以 其 有 齊 也 ,0.9180327868852458,0.0,0.9180327868852458,1.0,0.0
今閉關絕約於齊則楚孤秦奚貪夫孤國而與之商於之地六百里張儀至秦必負王是王北絕齊交西生患於秦也兩國之兵必俱至為王計者不若陰合而陽絕於齊使人隨張儀苟與吾地絕齊未晚也王曰願陳子閉口毋復言以待寡人得地,"今 閉 關 絕 約 於 齊 則 楚 孤 ， 秦 奚 貪 夫 孤 國 而 與 之 商於 之 地 六百 里 ！ 張儀 至 秦 ， 必 負 王 。 是 王 北 絕 齊 交 ， 西 生 患 於 秦 也 ， 兩 國 之 兵 必 俱 至 。 為 王 計 者 ， 不 若 陰 合 而 陽 絕 於 齊 ， 使 人 隨 張儀 ， 苟 與 吾 地 ， 絕 齊 未 晚 也 。 "" 王 曰 ： "" 願 陳子 閉 口 ， 毋 復 言 ， 以 待 寡人 得 地 ！ """,今 閉關 絕 約 於 齊 則 楚 孤 秦 奚 貪 夫 孤 國 而 與 之 商 於 之 地 六 百 里 張儀 至 秦 必 負 王 是 王 北絕  齊 交 西 生 患 於 秦 也 兩 國 之 兵 必 俱 至 為 王 計 者 不 若 陰 合 而陽絕   於 齊 使 人 隨 張儀 苟 與 吾 地絕  齊 未 晚 也 王 曰願  陳子 閉 口 毋復  言 以待寡人得地,0.8165680473372781,0.0,0.8165680473372781,1.0,0.0
乃以相印授張儀厚賜之遂閉關絕約於齊使一將軍隨張儀至秦,乃 以 相印 授 張儀 ， 厚 賜 之 。 遂 閉 關 絕 約 於 齊 ， 使 一 將軍 隨 張儀 至 秦 。,，。，。：乃以相印授張儀厚賜之遂閉關絕約於齊使一將軍隨張儀至秦。（），，，。,0.0,0.4,0.0,1.0,0.0
張儀詳墮車不朝三月,張儀 詳 墮 車 ， 不 朝 三月 。,"：，""張儀詳墮車不朝三月""。，。。""""（），。""""",0.0,0.6666666666666666,0.0,1.0,0.0
楚王聞之曰儀以寡人絕齊未甚邪,"楚王 聞 之 ， 曰 ： "" 儀 以 寡人 絕 齊 未 甚 邪 ？ """,，。，。：楚王聞之曰儀以寡人絕齊未甚邪。。、、、、、、、,0.0,0.0,0.0,1.0,0.0
乃使勇士宋遺借宋之符北罵齊王,乃 使 勇士 宋遺 借 宋 之 符 ， 北 罵 齊王 。,，：乃使勇士宋遺借宋之符北罵齊王。，。。，，，。,0.0,0.6666666666666666,0.0,1.0,0.0
齊王大怒折節以事秦齊秦之交合,齊王 大 怒 ， 折 節 以 事 秦 ， 齊 、 秦 之 交 合 。,齊 王 大 怒 折 節 以 事 秦 齊 秦 之 交 合,0.888888888888889,0.0,0.888888888888889,1.0,0.0
張儀乃朝見楚使者曰子何不受地從某至某廣袤六里,"張儀 乃 朝 ， 見 楚 使者 曰 ： "" 子 何 不 受 地 ？ 從 某 至 某 ， 廣袤 六 里 。 """,，。，。，，。，、，。，。：張儀乃朝見楚使者曰子何不受地從某至某廣袤六里,0.0,0.0,0.0,1.0,0.0
使者怒還報楚王,使者 怒 ， 還 報 楚王 。,使者怒還報楚王，。，。，，。，、，,0.0,0.6666666666666666,0.0,1.0,0.0
楚王大怒欲發兵而攻秦陳軫曰軫可發口言乎攻之不如因賂之以一名都與之併力而攻齊是我亡地於秦取償於齊也,"楚王 大 怒 ， 欲 發 兵 而 攻 秦 。 陳軫 曰 ： "" 軫 可 發 口 言 乎 ？ 攻 之 不 如 因 賂 之 以 一 名 都 ， 與 之 併 力 而 攻 齊 ， 是 我 亡 地 於 秦 ， 取 償 於 齊 也 。",楚王大怒 欲發兵 而攻秦 陳軫 曰 軫 可發口言乎 攻之 不如 因賂之 以一名都 與之併力 而攻齊 是我亡地於秦 取償於齊 也,0.12903225806451613,0.0,0.12903225806451613,1.0,0.0
今王已絕於齊而責欺於秦是吾合齊秦之交而來天下之兵也國必大傷矣楚王不聽使屈丐帥師伐秦,"今 王 已 絕 於 齊 而 責 欺 於 秦 ， 是 吾 合 齊 、 秦 之 交 而 來 天下 之 兵 也 ， 國 必 大 傷 矣 ！ "" 楚王 不 聽 ， 使 屈丐 帥 師 伐 秦 。",今 王 已絕  於 齊 而 責 欺 於 秦 是 吾 合 齊 秦 之 交 而 來 天下 之 兵 也 國 必 大 傷 矣 楚 王 不聽  使 屈 丐 帥 師 伐 秦,0.8421052631578947,0.0,0.8421052631578947,1.0,0.0
秦亦發兵使庶長章擊之,秦 亦 發 兵 使 庶長 章 擊 之 。,"：，""秦亦發兵使庶長章擊之""。，。。""""（），。""""",0.0,1.0,0.0,1.0,0.0
三年己酉春秦師及楚戰於丹陽索隱曰此丹陽在漢中劉昭曰南郡枝江縣有丹陽聚即秦破楚處,三年 （ 己酉 ） 春 ， 秦師 及 楚 戰 於 丹陽 ， 〔 索隱 曰 ： 此 丹陽 在 漢中 。 劉昭 曰 ： 南郡 枝江縣 有 丹陽聚 ， 即 秦 破 楚 處 。,三 年 己 酉 春 秦 師 及 楚 戰 於 丹陽  索隱  曰 此 丹陽  在 漢 中 劉 昭 曰 南 郡 枝 江縣  有 丹陽  聚 即 秦 破 楚 處,0.5999999999999999,0.0,0.5999999999999999,1.0,0.0
輿地紀勝曰丹陽在今歸州秭歸縣東八里屈沱楚王城是也余按楚遺屈丐伐秦秦發兵逆擊之枝江之丹陽則距郢逼近秭歸之丹陽則不當秦楚之路索隱因下文遂取漢中即謂丹陽在漢中皆非也此丹陽謂丹水之陽班志丹水出上洛塚嶺山東至析入鈞水其水蓋在弘農丹水析兩縣之間武關之外也秦楚交戰當在此水之陽楚師既敗秦師乘勝取上庸路西入以收漢中其勢易矣索山客翻,輿地紀勝 曰 ： 丹陽 在 今 歸州 秭歸縣 東 八 里 屈沱 楚王城 是 也 。 余 按 楚 遺 屈丐 伐 秦 ， 秦 發 兵 逆 擊 之 ， 枝江 之 丹陽 則 距 郢 逼近 ， 秭 歸 之 丹陽 則 不 當 秦 、 楚 之 路 。 索隱 因 下文 遂 取 漢中 ， 即 謂 丹陽 在 漢中 ， 皆 非 也 。 此 丹陽 謂 丹水 之 陽 。 班志 ： 丹水 出 上 洛塚嶺山 ， 東 至 析 入 鈞水 ， 其 水 蓋 在 弘農 丹水 、 析 兩 縣 之 間 ， 武關 之 外 也 。 秦 、 楚 交戰 當 在 此 水 之 陽 。 楚師 既 敗 ， 秦師 乘勝 取 上庸路 西 入 以 收 漢中 ， 其 勢 易 矣 。 索 ， 山客 翻 。,，。，，。：。，，；，，。，，。：輿地紀勝曰丹陽在今歸州秭歸縣東八里屈沱楚王城是也余按楚遺屈丐伐秦秦發兵逆擊之枝江之丹陽則距郢逼近秭歸之丹陽則不當秦楚之路索隱因下文遂取漢中即謂丹陽在漢中皆非也此丹陽謂丹水之陽班志丹水出上洛塚嶺山東至析入鈞水其水蓋在弘農丹水析兩縣之間武關之外也秦楚交戰當在此水之陽楚師既敗秦師乘勝取上庸路西入以收漢中其勢易矣索山客翻。，，。，,0.0,0.07999999999999999,0.0,1.0,0.0
與埴同屈九勿翻塚知隴翻易弋豉翻楚師大敗斬甲士八萬虜屈丐及列侯執圭七十餘人遂取漢中郡,與 埴同 。 屈 ， 九 勿 翻 。 塚 ， 知 隴 翻 。 易 ， 弋豉 翻 。 〕 楚師 大 敗 ， 斬 甲士 八萬 ， 虜 屈丐 及 列侯 、 執圭 七十 餘 人 ， 遂 取 漢中郡 。,與 埴 同 屈 九 勿 翻 塚 知隴  翻 易 弋 豉 翻 楚 師 大 敗 斬 甲 士 八 萬 虜 屈 丐 及 列 侯執  圭 七 十 餘 人 遂 取 漢 中 郡,0.5217391304347826,0.0,0.5217391304347826,1.0,0.0
楚王悉發國內兵以復襲秦戰於藍田楚師大敗韓魏聞楚之困南襲楚至鄧,楚王 悉 發 國 內 兵 以 復 襲 秦 ， 戰 於 藍田 ， 楚師 大 敗 。 韓 、 魏 聞 楚 之 困 ， 南 襲 楚 ， 至 鄧 。,，。，。：楚王悉發國內兵以復襲秦戰於藍田楚師大敗韓魏聞楚之困南襲楚至鄧。，。。，：,0.0,0.25,0.0,1.0,0.0
楚人聞之乃引兵歸割兩城以請平於秦,楚 人 聞 之 ， 乃 引 兵 歸 ， 割 兩 城 以 請 平 於 秦 。,楚人聞之乃引兵歸割兩城以請平於秦,0.0,0.0,0.0,1.0,0.0
燕人共立太子平是為昭王,燕人 共 立 太子平 ， 是 為 昭王 。,"，。，。：- ""燕人""，，（），。- ""共立太子平""，是為昭王",0.22222222222222224,0.5,0.0,1.0,0.11111111111111112
昭王於破燕之後,昭王 於 破 燕 之 後 。,昭王於破燕之後，。，。，，。，，,0.0,1.0,0.0,1.0,0.0
言燕國為齊所破已承其後也吊死問孤與百姓同甘苦卑身厚幣以招賢者謂郭隗曰齊因孤之國亂而襲破燕孤極知燕小力少不足以報然誠得賢士與共國以雪先王之恥孤之願也先生視可者得身事之郭隗曰古之人君有以千金使涓人求千里馬者馬已死買其首五百金而返君大怒涓人曰死馬且買之況生者乎馬今至矣不期年千里之馬至者三,"言 燕國 為 齊 所 破 ， 已 承 其 後 也 。 〕 吊 死 問 孤 ， 與 百姓 同 甘苦 ， 卑 身 厚 幣 以 招 賢 者 。 謂 郭隗 曰 ： "" 齊 因 孤 之 國 亂 而 襲破 燕 ， 孤 極 知 燕 小 力 少 ， 不 足 以 報 ； 然 誠 得 賢士 與 共 國 ， 以 雪 先王 之 恥 ， 孤 之 願 也 。 先生 視 可 者 ， 得 身 事 之 ！ "" 郭隗 曰 ： "" 古 之 人 君 有 以 千 金 使 涓人 求 千里馬 者 ， 馬 已 死 ， 買 其 首 五百 金 而 返 。 君 大 怒 ， 涓人 曰 ： 『 死馬 且 買 之 ， 況 生 者 乎 ！ 馬 今 至 矣 。 』 不 期 年 ， 千里之馬 至 者 三 。",言 燕 國  為 齊 所 破 已  承 其 後 也  吊 死 問孤   與 百姓 同 甘 苦  卑 身 厚幣以    招 賢 者  謂 郭隗  曰  齊 因孤之   國 亂 而襲  破 燕孤   極 知 燕 小 力 少 不足以報      然 誠 得 賢 士 與 共 國以   雪 先 王之  恥孤之願     也  先 生 視 可 者  得 身 事之   郭隗  曰  古之  人 君  有以  千 金 使涓  人 求 千 里 馬 者  馬 已 死  買 其 首 五百金而返君大怒涓人曰死馬且買之況生者乎馬今至矣不期年千里之馬至者三,0.5550239234449761,0.0,0.5550239234449761,1.0,0.0
今王必欲致士先從隗始況賢於隗者豈遠千里哉,"今 王 必 欲 致 士 ， 先 從 隗 始 ， 況 賢 於 隗 者 ， 豈 遠 千 里 哉 ！ """,今 王 必 欲 致 士 先 從隗  始況 ，   、 賢 於隗  者豈 ，  遠 千 里 哉 ？,0.6666666666666665,0.0,0.6666666666666665,1.0,0.0
於是昭王為隗改築宮而師事之於是士爭趣燕樂毅自魏往劇辛自趙往,於是 昭王 為 隗 改 築宮 而 師 事 之 。 於是 士 爭 趣 燕 ： 樂毅 自 魏 往 ， 劇辛 自 趙 往 。,，。，。，，。，、，。，。：於是昭王為隗改築宮而師事之於是士爭趣燕樂毅自魏往劇辛自趙往,0.0,0.0,0.0,1.0,0.0
昭王以樂毅為亞卿任以國政,昭王 以 樂毅 為 亞卿 ， 任 以 國政 。,"，。""昭王以樂毅為亞卿任以國政"" ，。：- """"，（），。- """"，，",0.0,0.6666666666666666,0.0,1.0,0.0
韓宣惠王薨子襄王倉立,韓宣惠王 薨 ， 子 襄王倉 立 。,，。，。：韓宣惠王薨，子襄王倉立。，。，,0.0,1.0,0.0,1.0,0.0
四年庚戌蜀相殺蜀侯,四年 （ 庚戌 ） 蜀相 殺 蜀侯 。,"：，""四年庚戌蜀相殺蜀侯""。，、。：- """"，，。- """,0.0,0.5,0.0,1.0,0.0
秦惠王使人告楚懷王請以武關之外易黔中地,秦惠王 使 人 告 楚懷王 ， 請 以 武關 之 外 易 黔中地 。,"，。，。：- ""秦惠王""，（），。- ""使人告楚懷王請""，""""，""""""""以武關之外易黔中地？，""",0.14285714285714285,0.0,0.0,1.0,0.0
楚王曰不願易地願得張儀而獻黔中地張儀聞之請行王曰楚將甘心於子柰何行張儀曰秦強楚弱大王在楚不宜敢取臣且臣善其嬖臣靳尚靳尚得事幸姬鄭袖袖之言王無不聽者遂往楚王囚將殺之靳尚謂鄭袖曰秦王甚愛張儀將以上庸六縣及美女贖之,"楚王 曰 ： "" 不 願 易 地 ， 願 得 張儀 而 獻 黔中 地 。 "" 張儀 聞 之 ， 請 行 。 王 曰 ： "" 楚 將 甘 心 於 子 ， 柰何 行 ？ "" 張儀 曰 ： "" 秦 強 楚 弱 ， 大王 在 ， 楚 不 宜 敢 取 臣 。 且 臣 善 其 嬖臣 靳尚 ， 靳尚 得 事 幸 姬 鄭袖 ， 袖 之 言 ， 王 無 不 聽 者 。 "" 遂 往 。 楚王 囚 ， 將 殺 之 。 靳尚 謂 鄭袖 曰 ： "" 秦王 甚 愛 張儀 ， 將 以 上庸 六 縣 及 美女 贖 之 。",，。，，。：。，，；，，。，，。：楚王曰不願易地願得張儀而獻黔中地張儀聞之請行王曰楚將甘心於子柰何行張儀曰秦強楚弱大王在楚不宜敢取臣且臣善其嬖臣靳尚靳尚得事幸姬鄭袖袖之言王無不聽者遂往楚王囚將殺之靳尚謂鄭袖曰秦王甚愛張儀將以上庸六縣及美女贖之。,0.0,0.08695652173913045,0.0,1.0,0.0
王重地尊秦秦女必貴而夫人斥矣於是鄭袖日夜泣於楚王曰臣各為其主耳,"王 重 地 尊 秦 ， 秦女 必 貴 而 夫人 斥 矣 。 "" 於是 鄭袖 日夜 泣 於 楚王 曰 ： "" 臣 各 為 其 主 耳 。",，：王重地尊秦秦女必貴而夫人斥矣於是鄭袖日夜泣於楚王曰臣各為其主耳。，。。，，，。，，，,0.0,0.4,0.0,1.0,0.0
今殺張儀秦必大怒妾請子母俱遷江南毋為秦所魚肉也王乃赦張儀而厚禮之張儀因說楚王曰夫為從者無以異於驅群羊而攻猛虎不格明矣,"今 殺 張儀 ， 秦 必 大 怒 。 妾 請 子 母 俱 遷 江南 ， 毋 為 秦 所 魚肉 也 。 "" 王 乃 赦 張儀 而 厚 禮 之 。 張儀 因 說 楚王 曰 ： "" 夫 為 從者 無 以 異 於 驅 群 羊 而 攻 猛虎 ， 不 格 明 矣 。",今 殺 張儀 秦 必 大 怒妾  請 子 母 俱 遷 江南毋  為 秦 所 魚肉 也 王 乃赦  張儀 而 厚禮  之 張儀 因 說 楚王 曰 夫為  從 者 無 以 異 於 驅 群 羊 而 攻 猛虎 不 格 明 矣,0.8125,0.0,0.8125,1.0,0.0
今王不事秦秦劫韓驅梁而攻楚則楚危矣秦西有巴蜀治船積粟浮岷江而下一日行五百餘里不至十日而拒捍關捍關驚則從境以東盡城守矣黔中巫郡非王之有,今 王 不 事 秦 ， 秦 劫 韓 驅 梁 而 攻 楚 ， 則 楚 危 矣 。 秦 西 有 巴 、 蜀 ， 治 船 積 粟 ， 浮 岷江 而 下 ， 一 日 行 五百 餘 里 ， 不 至 十 日 而 拒 捍關 ， 捍關 驚 則 從 境 以 東 盡 城 守 矣 ， 黔中 、 巫郡 非 王 之 有 。,今 王 不 事 秦  秦 劫 韓  驅 梁 而 攻 楚  則 楚 危 矣  秦 西 有 巴 蜀  治 船 積 粟  浮 岷 江 而 下  一 日 行 五 百 餘  里  不 至 十 日  而 拒捍關捍關驚      則 從 境 以 東盡   城 守 矣  黔 中 巫 郡非王之有  ,0.793103448275862,0.0,0.793103448275862,1.0,0.0
秦舉甲出武關則北地絕,秦 舉 甲 出 武關 ， 則 北地 絕 。,，。，。：秦舉甲出武關則北地絕。。，：。，,0.0,0.6666666666666666,0.0,1.0,0.0
秦兵之攻楚也危難在三月之內,秦 兵 之 攻 楚 也 ， 危難 在 三月 之 內 。,"：，""秦兵之攻楚也危難在三月之內""。，。。""""，，。""""，",0.0,0.6666666666666666,0.0,1.0,0.0
而楚待諸侯之救在半歲之外夫待弱國之救忘強秦之禍此臣所為大王患也,而 楚 待 諸侯 之 救 在 半 歲 之 外 ， 夫 待 弱 國 之 救 ， 忘 強 秦 之 禍 ， 此 臣 所 為 大王 患 也 。,而 楚 待 諸侯 之 救 在 半歲 之 外  夫 待 弱 國 之 救 忘 強 秦 之禍   此 臣 所 為 大王 患 也 ,0.8928571428571429,0.0,0.8928571428571429,1.0,0.0
大王誠能聽臣臣請令秦楚長為兄弟之國無相攻伐,"大王 誠 能 聽 臣 ， 臣 請 令 秦 、 楚 長 為 兄弟 之 國 ， 無 相 攻 伐 。 """,大王 誠 能 聽 臣  臣 請 令 秦 楚 長 為 兄弟 之 國  無 相 攻伐 ,0.918918918918919,0.0,0.918918918918919,1.0,0.0
楚王已得張儀而重出黔中地乃許之,楚王 已 得 張儀 而 重 出 黔中 地 ， 乃 許 之 。,楚王 已  得 張儀 而  重 出 黔中 地  乃 許 之 ,1.0,0.0,1.0,1.0,0.0
張儀遂之韓說韓王曰韓地險惡山居五穀所生非菽而麥國無二歲之食見卒不過二十萬,"張儀 遂 之 韓 ， 說 韓王 曰 ： "" 韓 地 險惡 山 居 ， 五 穀 所 生 ， 非 菽 而 麥 ， 國 無 二 歲 之 食 ， 見 卒 不 過 二十萬 。",張儀 遂 之 韓 說韓  王 曰韓   地險  惡 山 居  五 穀 所 生 非 菽 而 麥  國 無 二歲  之 食  見 卒 不過 二十 萬 ,0.6666666666666667,0.0,0.6666666666666667,1.0,0.0
秦被甲百餘萬,秦 被 甲 百餘萬 。,秦被甲百餘萬，。，。，，。，、，,0.0,1.0,0.0,1.0,0.0
山東之士被甲蒙胄以會戰秦人捐甲徒裼以趨敵左挈人頭右挾生虜夫戰孟賁烏獲之士以攻不服之弱國無異垂千鈞之重於鳥卵之上必無幸矣,山東 之 士 被 甲 蒙 胄 以 會戰 ， 秦 人 捐 甲 徒 裼 以 趨 敵 ， 左 挈 人 頭 ， 右 挾 生 虜 。 夫 戰 孟賁 、 烏獲 之 士 以 攻 不 服 之 弱 國 ， 無 異 垂 千 鈞 之 重 於 鳥 卵 之 上 ， 必 無 幸 矣 。,山東  之  士  被  甲  蒙  胄  以  會  戰  秦  人  捐  甲  徒裼    以  趨  敵  左  挈  人  頭  右挾    生  虜  夫  戰  孟賁  烏獲  之  士  以  攻  不  服  之  弱  國  無  異  垂  千鈞之重於鳥卵之上必無幸矣,0.7628865979381443,0.0,0.7628865979381443,1.0,0.0
大王不事秦秦下甲據宜陽塞成皋則王之國分矣鴻台之宮桑林之苑非王之有也為大王計莫如事秦以攻楚以轉禍而悅秦計無便於此者韓王許之,"大王 不 事 秦 ， 秦 下 甲 據 宜陽 ， 塞 成皋 ， 則 王 之 國 分 矣 ， 鴻台 之 宮 ， 桑林 之 苑 ， 非 王 之 有 也 。 為 大王 計 ， 莫 如 事 秦 以 攻 楚 ， 以 轉 禍 而 悅 秦 ， 計 無 便 於 此 者 。 "" 韓王 許 之 。",大王 不事 秦  秦 下 甲 據 宜陽 塞 成皋 則 王 之 國 分 矣  鴻台 之 宮 桑林 之 苑 非 王 之 有 也為   大王 計  莫 如 事 秦 以 攻 楚  以 轉禍  而悅  秦  計 無 便 於 此 者韓  王 許 之 ,0.8431372549019608,0.0,0.8431372549019608,1.0,0.0
張儀歸報秦王封以六邑號武信君復使東說齊王曰從人說大王者必曰齊蔽於三晉地廣民眾兵強士勇雖有百秦將無柰齊何大王賢其說而不計其實今秦楚嫁女娶婦為昆弟之國韓獻宜陽梁效河外趙王入朝割河間以事秦,"張儀 歸 報 ， 秦王 封 以 六 邑 ， 號 武信君 。 復 使 東 說 齊王 曰 ： "" 從 人 說 大王 者 必 曰 ： 『 齊 蔽 於 三晉 ， 地 廣 民 眾 ， 兵 強 士 勇 ， 雖 有 百 秦 ， 將 無 柰 齊 何 。 』 大王 賢 其 說 而 不 計 其 實 。 今 秦 、 楚 嫁 女 娶 婦 ， 為 昆弟 之 國 ； 韓 獻 宜陽 ； 梁 效 河外 ； 趙王 入 朝 ， 割 河間 以 事 秦 。",張儀歸報   秦 王  封 以 六 邑  號 武 信 君復   使 東 說 齊 王 曰  從 人 說 大 王者   必 曰  齊 蔽 於 三 晉  地廣  民眾   兵強  士 勇雖   有 百 秦將   無柰齊   何  大 王賢  其 說 而 不 計 其 實  今 秦 楚 嫁 女娶婦    為 昆 弟 之 國韓獻    宜陽梁效河外趙王入朝割河間以事秦,0.4963503649635037,0.0,0.4963503649635037,1.0,0.0
大王不事秦秦驅韓梁攻齊之南地悉趙兵渡清河指博關臨菑即墨非王之有也,大王 不 事 秦 ， 秦 驅 韓 、 梁 攻 齊 之 南地 ， 悉 趙 兵 ， 渡 清河 ， 指 博關 ， 臨菑 、 即墨 非 王 之 有 也 ！,大王 不事 秦  秦 驅  韓  梁 攻  齊  之 南 地  悉 趙 兵 渡  清河  指  博關  臨菑  即墨  非 王 之 有 也 ,0.8846153846153846,0.0,0.8846153846153846,1.0,0.0
國一日見攻雖欲事秦不可得也齊王許張儀,"國 一 日 見 攻 ， 雖 欲 事 秦 ， 不 可 得 也 ！ "" 齊王 許 張儀 。","，。，。：- ""國一日見攻""：，""""。，，。- ""雖欲事秦不可得也齊王許張儀",0.0,0.0,0.0,1.0,0.0
張儀去西說趙王曰大王收率天下以擯秦秦兵不敢出函谷關十五年,"張儀 去 ， 西 說 趙王 曰 ： "" 大王 收 率 天下 以 擯 秦 ， 秦 兵 不 敢 出 函谷關 十五 年 。",，。，。：張儀去西說趙王曰大王收率天下以擯秦秦兵不敢出函谷關十五年。，，，。，，,0.0,0.4,0.0,1.0,0.0
大王之威行於山東敝邑恐懼繕甲厲兵力田積粟愁居懾處不敢動搖唯大王有意督過之也,大王 之 威 行 於 山東 ， 敝邑 恐懼 ， 繕 甲 厲 兵 ， 力 田 積 粟 ， 愁 居 懾 處 ， 不 敢 動搖 ， 唯 大王 有 意 督 過 之 也 。,大 王  之 威  行 於 山 東  敝 邑  恐 懼  繕 甲  厲 兵 力  田 積 粟  愁 居懾   處  不 敢 動搖   唯 大 王  有 意  督 過 之  也 ,0.7272727272727272,0.0,0.7272727272727272,1.0,0.0
今以大王之力舉巴蜀並漢中包兩周守白馬之津,今 以 大王 之 力 ， 舉 巴 、 蜀 ， 並 漢中 ， 包 兩 周 ， 守 白馬 之 津 。,今以大王之力舉巴蜀並漢中包兩周守白馬之津。,0.0,0.2857142857142857,0.0,1.0,0.0
秦雖僻遠然而心忿含怒之日久矣今秦有敝甲凋兵軍於澠池願渡河逾漳據番吾會邯鄲之下願以甲子合戰正殷紂之事,秦 雖 僻遠 ， 然而 心 忿 含 怒 之 日 久 矣 。 今 秦 有 敝甲 凋 兵 軍 於 澠池 ， 願 渡 河 ， 逾 漳 ， 據 番吾 ， 會 邯鄲 之 下 ， 願 以 甲子 合戰 ， 正 殷紂 之 事 。,，。，。：秦雖僻遠然而心忿含怒之日久矣今秦有敝甲凋兵軍於澠池願渡河逾漳據番吾會邯鄲之下願以甲子合戰正殷紂之事。（），（），（）。（），（,0.0,0.19999999999999998,0.0,1.0,0.0
謹使使臣先聞左右,謹 使 使臣 先 聞 左右 。,，：謹使使臣先聞左右。，。。，。，。：- ,0.0,1.0,0.0,1.0,0.0
今楚與秦為昆弟之國而韓梁稱東藩之臣齊獻魚鹽之地此斷趙之右肩也夫斷右肩而與人鬥失其黨而孤居求欲毋危得乎今秦發三將軍其一軍塞午道告齊使渡清河軍於邯鄲之東一軍軍成皋驅韓梁軍於河外一軍軍於澠池約四國為一以攻趙趙服必四分其地,今 楚 與 秦 為 昆弟 之 國 ， 而 韓 、 梁 稱 東藩 之 臣 ， 齊 獻 魚鹽 之 地 ， 此 斷 趙 之 右肩 也 。 夫 斷 右肩 而 與 人 鬥 ， 失 其 黨 而 孤 居 ， 求 欲 毋 危 得 乎 ！ 今 秦 發 三 將軍 ， 其 一 軍 塞 午道 ， 告 齊 使 渡 清河 ， 軍 於 邯鄲 之 東 ， 一 軍 軍 成皋 ， 驅 韓 、 梁 軍 於 河 外 ， 一 軍 軍 於 澠池 ， 約 四 國 為 一 以 攻 趙 ， 趙 服 必 四 分 其 地 。,今 楚 與 秦 為 昆弟之  國 而 韓 梁 稱 東藩之  臣 齊 獻 魚鹽之   地  此 斷 趙之  右肩 也  夫 斷 右肩 而 與 人鬥   失 其黨  而 孤 居  求 欲 毋 危  得   乎  今 秦 發 三 將軍  其 一軍  塞 午道  告 齊 使 渡 清河軍   於 邯鄲之  東  一軍軍   成皋驅韓    梁軍  於 河 外  一軍軍   於澠 池  約 四國為一以攻趙趙服必四分其地,0.6257668711656441,0.0,0.6257668711656441,1.0,0.0
臣竊為大王計莫如與秦王面相約而口相結常為兄弟之國也趙王許之,"臣 竊 為 大王 計 ， 莫 如 與 秦王 面 相約 而 口 相結 ， 常 為 兄弟 之 國 也 。 "" 趙王 許 之 。",臣 竊為  大王 計  莫 如 與 秦王 面 相 約 而 口 相 結 常為  兄弟 之 國 也  趙王 許 之,0.7391304347826085,0.0,0.7391304347826085,1.0,0.0
張儀乃北之燕說燕王曰今趙王已入朝效河間以事秦,"張儀 乃 北 之 燕 ， 說 燕王 曰 ： "" 今 趙王 已 入 朝 ， 效 河間 以 事 秦 。",張儀 乃 北 之 燕 說  燕王 曰  今 趙王 已 入 朝 效 河 間 以 事 秦 ,0.918918918918919,0.0,0.918918918918919,1.0,0.0
大王不事秦秦下甲云中九原,大王 不 事 秦 ， 秦 下 甲 云中 、 九原 。,"，。，。：""大王""，，，。""不事秦秦下甲云中九原""""""，""""，",0.0,0.0,0.0,1.0,0.0
驅趙而攻燕則易水長城非大王之有也,驅 趙 而 攻 燕 。 則 易水 、 長城 非 大王 之 有 也 ！,"，。，。：""驅趙而攻燕""，。""則易水長城非大王之有也""，""""（），",0.0,0.4,0.0,1.0,0.0
且今時齊趙之於秦猶郡縣也不敢妄舉師以攻伐今王事秦長無齊趙之患矣,"且 今 時 齊 、 趙 之 於 秦 ， 猶 郡縣 也 ， 不 敢 妄 舉 師 以 攻 伐 。 今 王 事 秦 ， 長 無 齊 、 趙 之 患 矣 。 """,且今時齊趙之於秦猶郡縣也不敢妄舉師以攻伐今王事秦長無齊趙之患矣,0.0,0.0,0.0,1.0,0.0
燕王請獻常山之尾五城以和,燕王 請 獻 常山 之 尾 五 城 以 和 。,"：，""燕王請獻常山之尾五城以和""。，。。""""，，",0.0,1.0,0.0,1.0,0.0
張儀歸報未至咸陽秦惠王薨子武王立,張儀 歸 報 ， 未 至 咸陽 ， 秦惠王 薨 ， 子 武王 立 。,"，。，。：- ""張儀歸報""，，（）。，，。- ""未至咸陽秦惠王薨子武王立",0.0,0.0,0.0,1.0,0.0
武王自為太子時不說張儀及即位群臣多毀短之,武王 自 為 太子 時 ， 不 說 張儀 ； 及 即 位 ， 群 臣 多 毀 短 之 。,武王 自 為 太子 時 不 說 張儀 及 即位 群臣 多 毀 短 之,0.8125,0.0,0.8125,1.0,0.0
諸侯聞儀與秦王有隙皆畔衡復合從,諸侯 聞 儀 與 秦王 有 隙 ， 皆 畔 衡 ， 復 合從 。,"，。，。：""諸侯""，，，。""聞""，""""，，。""儀與秦王有隙皆畔衡復合從""，",0.0,0.0,0.0,1.0,0.0
五年辛亥張儀說秦武王曰為王計者東方有變然後王可以多割得地也臣聞齊王甚憎臣臣之所在齊必伐之臣願乞其不肖之身以之梁齊必伐梁齊梁交兵而不能相去王以其間伐韓入三川挾天子案圖籍此王業也,"五年 （ 辛亥 ） 張儀 說 秦武王 曰 ： "" 為 王 計 者 ， 東 方 有 變 ， 然後 王 可 以 多 割 得 地 也 。 臣 聞 齊王 甚 憎 臣 ， 臣 之 所 在 ， 齊 必 伐 之 。 臣 願 乞 其 不肖 之 身 以 之 梁 ， 齊 必 伐 梁 ， 齊 、 梁 交 兵 而 不 能 相 去 ， 王 以 其 間 伐 韓 ， 入 三 川 ， 挾 天子 ， 案 圖籍 ， 此 王 業 也 ！ """,五 年 辛亥 張儀 說 秦 武王 曰 為 王 計 者 東方 有 變 然後 王 可以 多 割 得 地 也 臣 聞 齊 王 甚 憎 臣 臣 之 所 在 齊 必 伐 之 臣願  乞 其 不 肖 之 身 以 之 梁 齊 必 伐 梁 齊 梁 交 兵 而 不能 相 去 王 以 其 間 伐 韓 入 三 川挾  天子 案 圖 籍 此 王業  也,0.7843137254901961,0.0,0.7843137254901961,1.0,0.0
王許之齊王果伐梁梁王恐張儀曰王勿患也,"王 許 之 。 齊王 果 伐 梁 ， 梁王 恐 。 張儀 曰 ： "" 王 勿 患 也 ！",，：王許之齊王果伐梁梁王恐張儀曰王勿患也。，。。，。，。：- ,0.0,0.0,0.0,1.0,0.0
請令齊罷兵,"請 令 齊 罷 兵 。 """,請 令 齊 罷 兵 。,1.0,1.0,1.0,1.0,1.0
乃使其舍人之楚借使謂齊王曰甚矣王之托儀於秦也齊王曰何故楚使者曰張儀之去秦也固與秦王謀矣欲齊梁相攻而令秦取三川也今王果伐梁是王內罷國而外伐與國而信儀於秦王也齊王乃解兵還,"乃 使 其 舍人 之 楚 ， 借 使 謂 齊王 曰 ： "" 甚 矣 王 之 托 儀 於 秦 也 ！ "" 齊王 曰 ： "" 何 故 ？ "" 楚 使者 曰 ： "" 張儀 之 去 秦 也 固 與 秦王 謀 矣 ， 欲 齊 、 梁 相 攻 而 令 秦 取 三 川 也 。 今 王 果 伐 梁 ， 是 王 內 罷 國 而 外 伐 與 國 ， 而 信 儀 於 秦王 也 。 "" 齊王 乃 解 兵 還 。",，。，，。，，，。，，。：乃使其舍人之楚借使謂齊王曰甚矣王之托儀於秦也齊王曰何故楚使者曰張儀之去秦也固與秦王謀矣欲齊梁相攻而令秦取三川也今王果伐梁是王內罷國而外伐與國而信儀於秦王也齊王乃解兵還。，。,0.0,0.14285714285714288,0.0,1.0,0.0
張儀相魏一歲卒,張儀 相 魏 一 歲 ， 卒 。,張儀 相 魏 一歲  卒,0.7272727272727272,0.0,0.7272727272727272,1.0,0.0
儀與蘇秦皆以縱橫之術游諸侯致位富貴天下爭慕效之,儀 與 蘇秦 皆 以 縱橫 之 術 游 諸侯 ， 致 位 富貴 ， 天下 爭 慕 效 之 。,儀 與蘇  秦 皆 以 縱 橫 之術  游 諸 侯 致 位 富 貴 天下爭  慕 效 之,0.4864864864864865,0.0,0.4864864864864865,1.0,0.0
又有魏人公孫衍者號曰犀首亦以談說顯名,又 有 魏人 公孫衍 者 ， 號 曰 犀首 ， 亦 以 談說 顯 名 。,又  有  魏  人  公孫衍  者號  曰  犀首亦    以  談說顯    名 ,0.4999999999999999,0.0,0.4999999999999999,1.0,0.0
其餘蘇代蘇厲周最樓緩之徒紛紜遍於天下務以辯詐相高不可勝紀而儀秦衍最著,其餘 蘇代 、 蘇厲 、 周最 、 樓緩 之 徒 ， 紛紜 遍 於 天下 ， 務 以 辯詐 相 高 ， 不 可 勝 紀 ， 而 儀 、 秦 、 衍 最 著 。,，。，。：其餘蘇代蘇厲周最樓緩之徒紛紜遍於天下務以辯詐相高不可勝紀而儀秦衍最著。、、、，，，、、。,0.0,0.18181818181818182,0.0,1.0,0.0
孟子論之曰或謂公孫衍張儀豈不大丈夫哉一怒而諸侯懼安居而天下熄,"孟子 論 之 曰 ： 或 謂 ： "" 公孫衍 張儀 豈 不 大丈夫 哉 ， 一 怒 而 諸侯 懼 ， 安 居 而 天下 熄 ？ """,孟子 論 之 曰 或 謂 公 孫 衍 張儀  豈 不 大 丈夫 哉 一 怒 而 諸侯 懼 安 居 而 天下 熄,0.8510638297872342,0.0,0.8510638297872342,1.0,0.0
孟子曰是惡足為大丈夫哉,"孟子 曰 ： "" 是 惡 足 為 大丈夫 哉 ！","：，""孟子曰是惡足為大丈夫哉""。，""""，，。。，：- """" ",0.0,0.0,0.0,1.0,0.0
君子立天下之正位行天下之正道得志則與民由之不得志則獨行其道富貴不能淫貧賤不能移威武不能詘是之謂大丈夫,"君子 立 天下 之 正位 ， 行 天下 之 正道 ， 得 志 則 與 民 由 之 ， 不 得 志 則 獨 行 其 道 ， 富貴 不能 淫 ， 貧賤 不能 移 ， 威武 不能 詘 ， 是 之 謂 大丈夫 。 """,君 子 立 天 下 之 正 位 行 天 下 之 正 道 得 志 則 與 民 由 之 不 得 志 則 獨 行 其 道 富 貴 不能 淫 貧 賤 不能 移 威 武 不能 詘 是 之 謂 大 丈 夫,0.6666666666666666,0.0,0.6666666666666666,1.0,0.0
揚子法言曰或問儀秦學乎鬼谷術而習乎縱橫言安中國者各十餘年是夫,"揚子 法言 曰 ： 或 問 ： "" 儀 、 秦 學 乎 鬼谷 術 而 習 乎 縱橫 言 ， 安 中國 者 各 十 餘 年 ， 是 夫 ？ """,，：揚子法言曰或問儀秦學乎鬼谷術而習乎縱橫言安中國者各十餘年是夫。，。。，，（），。，《,0.0,0.0,0.0,1.0,0.0
曰詐人也聖人惡諸,"曰 ： "" 詐 人 也 ， 聖人 惡 諸 。 ""","：。「曰」""""，。「詐人」，""""，。「也聖人惡諸」，。",0.0,0.3333333333333333,0.0,1.0,0.0
曰孔子讀而儀秦行何如也曰甚矣鳳鳴而鷙翰也,"曰 ： "" 孔子 讀 而 儀 、 秦 行 ， 何 如 也 ？ "" 曰 ： "" 甚 矣 鳳 鳴 而 鷙 翰 也 ！ """,曰 孔子 讀 而 儀 秦 行 何 如 也 曰 甚 矣鳳  鳴 而 鷙 翰 也,0.918918918918919,0.0,0.918918918918919,1.0,0.0
然則子貢不為歟曰亂而不解子貢恥諸,""" 然 則 子貢 不 為 歟 ？ "" 曰 ： "" 亂 而 不 解 ， 子貢 恥 諸 。 """,然 則 子貢 不 為 歟 曰 亂 而 不 解 子貢 恥 諸,1.0,0.0,1.0,1.0,0.0
說而不富貴儀秦恥諸,"說 而 不 富貴 ， 儀 、 秦 恥 諸 。 """,說 而 不 富貴儀  秦 恥 諸,0.7999999999999999,0.0,0.7999999999999999,1.0,0.0
或曰儀秦其才矣乎跡不蹈已,"或 曰 ： "" 儀 、 秦 其 才 矣 乎 ， 跡 不 蹈 已 ？ ""","：，""或曰儀秦其才矣乎跡不蹈已""。，：（），。，。，",0.0,0.0,0.0,1.0,0.0
曰昔在任人帝而難之,"曰 ： "" 昔 在 任 人 ， 帝 而 難 之 。",曰 昔 在 任 人 帝 而 難 之,1.0,0.0,1.0,1.0,0.0
不以才乎才乎才非吾徒之才也,"不 以 才 乎 ？ 才 乎 才 ， 非 吾 徒 之 才 也 ！ """,不 以  才乎  才乎  才  非  吾  徒  之  才  也 ,0.7500000000000001,0.0,0.7500000000000001,1.0,0.0
秦王使甘茂誅蜀相莊,秦王 使 甘茂 誅 蜀相 莊 。,"，。，。：- ""秦王""，（），。- ""使甘茂誅蜀相莊""，""""，。-",0.25,0.6666666666666666,0.0,1.0,0.16666666666666666
秦王魏王會於臨晉,秦王 、 魏王 會 於 臨晉 。,"：，""秦王魏王會於臨晉""。，。，。，：。""""",0.0,0.6666666666666666,0.0,1.0,0.0
趙武靈王納吳廣之女孟姚有寵是為惠後,趙武靈王 納 吳廣 之 女 孟姚 ， 有 寵 ， 是 為 惠後 。,"，。，。：- ""趙武靈王""，（），。- ""納吳廣之女孟姚有寵""，是為惠後""""，，。- ",0.15384615384615385,0.6666666666666666,0.0,1.0,0.10256410256410256
生子何,生 子何 。,生 子 何,0.4,0.0,0.4,1.0,0.0
六年壬子秦初置丞相以樗裡疾為右丞相,六年 （ 壬子 ） 秦 初 置 丞相 ， 以 樗裡疾 為 右丞相 。,六 年 壬子 秦 初 置 丞相 以 樗裡疾 為 右丞相,0.8571428571428572,0.0,0.8571428571428572,1.0,0.0
七年癸丑秦魏會於應,七年 （ 癸丑 ） 秦 、 魏 會 於 應 。,七，。，。，，。，，年癸丑秦魏會於應、,0.0,0.0,0.0,1.0,0.0
秦王使甘茂約魏以伐韓而令向壽輔行甘茂令向壽還謂王曰魏聽臣矣然願王勿伐王迎甘茂於息壤而問其故,"秦王 使 甘茂 約 魏 以 伐 韓 ， 而 令 向壽 輔 行 。 甘茂 令 向壽 還 ， 謂 王 曰 ： "" 魏 聽 臣 矣 ， 然 願 王 勿 伐 ！ "" 王 迎 甘茂 於 息壤 而 問 其 故 。",秦王  使  甘茂  約  魏  以伐韓  而  令  向壽輔    行  甘茂  令  向壽還    謂  王  曰  魏  聽  臣  矣  然願    王  勿  伐  王  迎  甘茂  於  息壤  而  問  其故  ,0.7714285714285714,0.0,0.7714285714285714,1.0,0.0
對曰宜陽大縣其實郡也,"對 曰 ： "" 宜陽 大 縣 ， 其 實 郡 也 。",對 曰 宜陽 大縣  其 實 郡 也,0.823529411764706,0.0,0.823529411764706,1.0,0.0
今王倍數險行千里攻之難,今 王 倍 數 險 ， 行 千 里 ， 攻 之 難 。,"：，""今王倍數險行千里攻之難""。，。- """"：（），，",0.0,0.5,0.0,1.0,0.0
魯人有與曾參同姓名者殺人人告其母其母織自若也,魯人 有 與 曾參 同 姓 名 者 殺 人 ， 人 告 其 母 ， 其 母 織 自 若 也 。,魯人有與曾參同姓名者殺人人告其母其母織自若也,0.0,0.0,0.0,1.0,0.0
及三人告之其母投杼下機逾牆而走,及 三 人 告 之 ， 其 母 投 杼 下 機 ， 逾 牆 而 走 。,及 三  人  告  之  其  母  投  杼  下  機  逾牆    而  走  。,0.896551724137931,0.5,0.896551724137931,1.0,0.4482758620689655
臣之賢不若曾參王之信臣又不如其母疑臣者非特三人臣恐大王之投杼也魏文侯令樂羊將而攻中山三年而拔之,臣 之 賢 不 若 曾參 ， 王 之 信 臣 又 不 如 其 母 ， 疑 臣 者 非 特 三 人 ， 臣 恐 大王 之 投 杼 也 。 魏文侯 令 樂羊 將 而 攻 中山 ， 三年 而 拔 之 。,，。，。：臣之賢不若曾參王之信臣又不如其母疑臣者非特三人臣恐大王之投杼也魏文侯令樂羊將而攻中山三年而拔之。，。，。，、、,0.0,0.2857142857142857,0.0,1.0,0.0
反而論功文侯示之謗書一篋,反 而 論 功 ， 文侯 示 之 謗書 一 篋 。,，：反而論功文侯示之謗書一篋。，。：- ：，。- ：，。- ,0.0,0.6666666666666666,0.0,1.0,0.0
樂羊再拜稽首曰此非臣之功君之力也今臣羇旅之臣也樗裡子公孫奭挾韓而議之王必聽之是王欺魏王而臣受公仲侈之怨也,"樂羊 再 拜 稽首 曰 ： 『 此 非 臣 之 功 ， 君 之 力 也 ！ 』 今 臣 ， 羇旅 之 臣 也 ， 樗裡子 、 公孫奭 挾 韓 而 議 之 ， 王 必 聽 之 ， 是 王 欺 魏王 而 臣 受 公仲侈 之 怨 也 。 """,樂 羊 再 拜 稽 首 曰  此 非 臣 之 功  君 之力  也  今 臣 羇 旅 之 臣 也  樗裡  子 公 孫奭挾    韓 而 議 之  王 必 聽 之  是 王 欺 魏 王 而 臣 受 公 仲侈  之 怨 也 ,0.7191011235955055,0.0,0.7191011235955055,1.0,0.0
王曰寡人弗聽也請與子盟乃盟於息壤秋甘茂庶長封帥師伐宜陽,"王 曰 ： "" 寡人 弗 聽 也 ， 請 與 子 盟 ！ "" 乃 盟 於 息壤 。 秋 ， 甘茂 、 庶長 封 帥 師 伐 宜陽 。","，。，《》。""王曰""，，。""寡人弗聽也""，""""，""請與子盟乃""（盟於息壤秋甘茂庶長封帥師伐宜陽），？",0.0,0.18181818181818182,0.0,1.0,0.0
八年甲寅甘茂攻宜陽五月而不拔樗裡子公孫奭果爭之秦王召甘茂欲罷兵甘茂曰息壤在彼,"八年 （ 甲寅 ） 甘茂 攻 宜陽 ， 五月 而 不 拔 。 樗裡子 、 公孫奭 果 爭 之 。 秦王 召 甘茂 ， 欲 罷 兵 。 甘茂 曰 ： "" 息壤 在 彼 。 """,八 年 甲寅 甘茂 攻 宜陽 五 月 而 不 拔 樗裡子 公孫奭 果 爭 之 秦王 召 甘茂 欲 罷 兵 甘茂 曰 息壤 在彼 ,0.8235294117647058,0.0,0.8235294117647058,1.0,0.0
王曰有之因大悉起兵以佐甘茂斬首六萬遂拔宜陽韓公仲侈入謝於秦以請平,"王 曰 ： "" 有 之 。 "" 因 大 悉 起 兵 以 佐 甘茂 ， 斬 首 六萬 ， 遂 拔 宜陽 。 韓公 仲侈 入 謝 於 秦 以 請 平 。",王 曰 有 之 因 大 悉 起 兵 以 佐 甘茂 斬 首 六 萬 遂 拔 宜陽 韓 公 仲 侈 入 謝 於 秦 以 請 平,0.8421052631578948,0.0,0.8421052631578948,1.0,0.0
秦武王好以力戲力士任鄙烏獲孟說皆至大官,秦武王 好 以 力 戲 ， 力士 任鄙 、 烏獲 、 孟說 皆 至 大官 。,，。，。，，。，、，。，。：秦武王好以力戲力士任鄙烏獲孟說皆至大官,0.0,0.0,0.0,1.0,0.0
八月王與孟說舉鼎絕脈而薨族孟說,八月 ， 王 與 孟說 舉 鼎 ， 絕 脈 而 薨 ； 族 孟說 。,八月 王 與 孟說舉   鼎絕脈     而 薨  族 孟說,0.6666666666666666,0.0,0.6666666666666666,1.0,0.0
武王無子異母弟稷為質於燕國人逆而立之是為昭襄王昭襄王母羋八子楚女也實宣太后,武王 無 子 ， 異 母弟 稷 為 質 於 燕 ， 國人 逆 而 立 之 ， 是 為 昭襄王 。 昭襄王 母 羋八子 ， 楚 女 也 ， 實 宣太后 。,武王 無 子 異 母 弟 稷 為 質 於 燕 國 人 逆 而 立 之 是 為 昭襄王 昭襄王 母 羋 八 子 楚 女 也 實 宣太后,0.8214285714285715,0.0,0.8214285714285715,1.0,0.0
趙武靈王北略中山之地至房子遂至代北至無窮西至河登黃華之上,趙武靈王 北 略 中山 之 地 ， 至 房子 ， 遂 至 代 ， 北 至 無窮 ， 西 至 河 ， 登 黃華 之 上 。,，。，。：趙武靈王北略中山之地至房子遂至代北至無窮西至河登黃華之上。，，。。，。：,0.0,0.2857142857142857,0.0,1.0,0.0
與肥義謀胡服騎射以教百姓曰愚者所笑賢者察焉雖驅世以笑我胡地中山吾必有之遂胡服,"與 肥義 謀 胡服 騎射 以 教 百姓 ， 曰 ： "" 愚 者 所 笑 ， 賢 者 察 焉 。 雖 驅 世 以 笑 我 ， 胡地 、 中山 ， 吾 必 有 之 ！ "" 遂 胡服 。",與 肥義謀   胡服 騎射 以 教 百姓 曰 愚者 所 笑 賢者 察 焉 雖驅  世 以 笑 我 胡地 中山 吾 必 有 之遂  胡服,0.7368421052631579,0.0,0.7368421052631579,1.0,0.0
國人皆不欲公子成稱疾不朝,國人 皆 不 欲 ， 公子成 稱 疾 不 朝 。,"：，""國人皆不欲公子成稱疾不朝""。，。。""""，，，。",0.0,0.6666666666666666,0.0,1.0,0.0
王使人請之曰家聽於親國聽於君今寡人作教易服而公叔不服吾恐天下議己也制國有常利民為本從政有經令行為上,"王 使 人 請 之 曰 : "" 家 聽 於 親 ， 國 聽 於 君 。 今 寡人 作 教 易 服 而 公叔 不 服 ， 吾 恐 天下 議 己 也 。 制 國 有 常 ， 利 民 為 本 ； 從 政 有 經 ， 令 行 為 上 。",王 使 人 請 之 曰   家聽  於 親 國聽  於 君 今 寡 人 作 教 易 服 而 公 叔 不 服   吾 恐 天下 議 己 也 制 國 有 常 利 民 為 本 從 政 有 經 令 行 為 上,0.8695652173913043,0.0,0.8695652173913043,1.0,0.0
明德先論於賤而從政先信於貴故願慕公叔之義以成胡服之功也公子成再拜稽首曰臣聞中國者聖賢之所教也禮樂之所用也遠方之所觀赴也蠻夷之所則效也今王捨此而襲遠方之服變古之道逆人之心臣願王孰圖之也,"明 德 先 論 於 賤 ， 而 從 政 先 信 於 貴 ， 故 願 慕 公叔 之 義 以 成 胡服 之 功 也 。 "" 公子成 再 拜 稽首 曰 ： 臣 聞 中國 者 ， 聖賢 之 所 教 也 ， 禮樂 之 所 用 也 ， 遠方 之 所 觀 赴 也 ， 蠻夷 之 所 則 效 也 。 今 王 捨 此 而 襲 遠方 之 服 ， 變 古 之 道 ， 逆 人 之 心 ， 臣 願 王 孰 圖 之 也 ！ """,，。，，。，，，，。，，。：明德先論於賤而從政先信於貴故願慕公叔之義以成胡服之功也公子成再拜稽首曰臣聞中國者聖賢之所教也禮樂之所用也遠方之所觀赴也蠻夷之所則效也今王捨此而襲遠方之服變古之道逆人之心臣願王孰圖之也。,0.0,0.0,0.0,1.0,0.0
使者以報王自往請之曰吾國東有齊中山北有燕東胡西有樓煩秦韓之邊,"使者 以 報 。 王 自 往 請 之 ， 曰 ： "" 吾 國 東 有 齊 、 中山 ， 北 有 燕 、 東胡 ， 西 有 樓煩 、 秦 、 韓 之 邊 。","使，。，""""""""。，，""""、""""，者以報王自往請之曰吾國東有齊。，（、），，中山北有燕東胡西有樓煩秦韓之邊",0.0,0.0,0.0,1.0,0.0
今無騎射之備則何以守之哉,今 無 騎射 之 備 ， 則 何 以 守 之 哉 ？,今 無 騎射 之 備 則 何 以 守 之 哉 ,1.0,0.0,1.0,1.0,0.0
先時中山負齊之強兵侵暴吾地係累吾民引水圍鄗微社稷之神靈則鄗幾於不守也,先時 中山 負 齊 之 強 兵 ， 侵 暴 吾 地 ， 係累 吾 民 ， 引 水 圍 鄗 ， 微 社稷 之 神靈 ， 則 鄗 幾 於 不 守 也 。,先 時 中山 負 齊 之 強兵 侵暴 吾 地係  累 吾 民 引 水圍鄗   、 微 社稷 之 神靈 則鄗幾   於 不 守 也 。,0.6037735849056604,0.25,0.6037735849056604,1.0,0.1509433962264151
先君丑之故寡人變服騎射欲以備四境之難報中山之怨而叔順中國之俗惡變服之名以忘鄗事之丑非寡人之所望也公子成聽命乃賜胡服明日服而朝,"先君 丑 之 ， 故 寡人 變 服 騎射 ， 欲 以 備 四 境 之 難 ， 報 中山 之 怨 。 而 叔 順 中國 之 俗 ， 惡 變服 之 名 ， 以 忘 鄗事 之 丑 ， 非 寡人 之 所 望 也 ！ "" 公子成 聽 命 ， 乃 賜 胡服 ； 明日 服 而 朝 。",先君丑之故寡人變服騎射欲以備四境之難報中山之怨而叔順中國之俗惡變服之名以忘鄗事之丑非寡人之所望也公子成聽命乃賜胡服明日服而朝,0.0,0.0,0.0,1.0,0.0
於是始出而招騎射焉,於是 始 出 而 招 騎射 焉 。,於 是 始 出 而 招 騎 射 焉,0.6250000000000001,0.0,0.6250000000000001,1.0,0.0
九年乙卯秦昭王使向壽平宜陽而使樗裡子甘茂伐魏甘茂言於王以武遂復歸之韓,九年 （ 乙卯 ） 秦昭王 使 向壽 平 宜陽 ， 而 使 樗裡子 、 甘茂 伐 魏 。 甘茂 言 於 王 ， 以 武 遂 復 歸 之 韓 。,九 年 乙 卯 秦 昭 王 使 向 壽 平 宜陽  而 使 樗裡  子 甘 茂 伐 魏 甘 茂 言 於 王 以 武 遂 復歸  之 韓,0.5454545454545454,0.0,0.5454545454545454,1.0,0.0
向壽公孫奭爭之不能得由此怨讒甘茂茂懼輟伐魏蒲阪亡去,向壽 、 公孫奭 爭 之 ， 不 能 得 ， 由此 怨 讒 甘茂 。 茂 懼 ， 輟 伐 魏 蒲阪 ， 亡 去 。,，。，。：向壽公孫奭爭之不能得由此怨讒甘茂茂懼輟伐魏蒲阪亡去。（），，，，，,0.0,0.25,0.0,1.0,0.0
樗裡子與魏講而罷兵甘茂奔齊,樗裡子 與 魏 講 而 罷 兵 ， 甘茂 奔 齊 。,"，。，。：- ""樗裡子""，（），。- ""與魏講而罷兵甘茂奔齊""，""""""""，。",0.16666666666666669,0.5,0.0,1.0,0.08333333333333334
趙王略中山地至寧葭西略胡地至榆中,趙王 略 中山地 ， 至 寧葭 ； 西 略 胡地 ， 至 榆中 。,"，。，。""趙王""（）、""略""（）、""中山地""（）、""至""（）、""寧葭""（，）、""西""（）、""略胡地至榆中""（",0.0,0.0,0.0,1.0,0.0
林胡王獻馬歸使樓緩之秦仇液之韓王賁之楚富丁之魏趙爵之齊代相趙固主胡致其兵,林胡王 獻 馬 ， 歸 ， 使 樓緩 之 秦 ， 仇液 之 韓 。 王賁 之 楚 ， 富丁 之 魏 ， 趙爵 之 齊 ； 代相 趙固 主 胡 ， 致 其 兵 。,"，。，。：- ""林胡王""，（），。- ""獻""，""""，。- ""馬""，""""，。- ""歸使樓緩之秦仇液之韓王賁之楚富丁之魏趙爵之齊代相趙固主胡致其兵""",0.19354838709677416,0.0,0.0,1.0,0.0
楚王與齊韓合從,楚王 與 齊 、 韓 合從 。,楚王與齊韓合從。,0.0,0.6666666666666666,0.0,1.0,0.0
十年丙辰彗星見趙王伐中山取丹丘爽陽鴻之塞又取鄗石邑封龍東垣,十年 （ 丙辰 ） 彗星 見 ， 趙王 伐 中山 ， 取 丹丘 、 爽陽 、 鴻 之 塞 ， 又 取 鄗 、 石邑 、 封龍 、 東垣 。,"，。，。""十年丙辰""，（），。""彗星見""""""，""""，，。""趙王伐中山取丹丘爽陽鴻之塞又取鄗石邑封龍東垣""，，",0.0,0.0,0.0,1.0,0.0
中山獻四邑以和,中山 獻 四 邑 以 和 。,中山獻四邑以和。,0.0,1.0,0.0,1.0,0.0
秦宣太后異父弟曰穰侯魏冉同父弟曰華陽君羋戎王之同母弟曰高陵君涇陽君魏冉最賢自惠王武王時任職用事武王薨諸弟爭立唯魏冉力能立昭王,秦 宣太后 異父弟 曰 穰侯 魏冉 ， 同父弟 曰 華陽君 羋戎 ； 王 之 同母弟 曰 高陵君 、 涇陽君 。 魏冉 最 賢 ， 自 惠王 、 武王 時 ， 任 職 用 事 ， 武王 薨 ， 諸 弟 爭 立 ， 唯 魏冉 力 能 立 昭王 。,，。。。秦宣太后異，父弟曰穰侯魏冉，同父弟曰華陽君羋戎王之，同母弟曰高陵君涇陽、君。魏冉最賢自，惠王、武王時任職用事，武王薨諸弟爭立唯，，魏冉力能立昭王。。，，。：，,0.0,0.47619047619047616,0.0,1.0,0.0
昭王即位以魏冉為將軍衛咸陽是歲庶長壯及大臣諸公子謀作亂,昭王 即位 ， 以 魏冉 為 將軍 ， 衛 咸陽 。 是 歲 ， 庶長 壯 及 大臣 、 諸 公子 謀 作亂 。,"，。，。：- ""昭王即位""：，。，，。- ""以魏冉為將軍衛咸陽""：""""，是歲庶長壯及大臣諸公子謀作亂""",0.0,0.0,0.0,1.0,0.0
魏冉誅之及惠文後皆不得良死悼武王后出居於魏王兄弟不善者魏冉皆滅之王少宣太后自治事任魏冉為政威震秦國,魏冉 誅 之 ； 及 惠文 後 皆 不 得 良 死 ， 悼武王 后 出 居 於 魏 ， 王 兄弟 不 善 者 ， 魏冉 皆 滅 之 。 王 少 ， 宣太后 自 治 事 ， 任 魏冉 為 政 ， 威 震 秦國 。,魏 冉 誅 之 及 惠 文 後 皆 不 得 良 死  悼 武 王                        后出居於      魏王兄弟不善者魏 冉皆滅之王少宣太后自治事任魏冉為  政  威 震 秦 國 ,0.380952380952381,0.0,0.380952380952381,1.0,0.0
十一年丁巳秦王楚王盟於黃棘,十一年 （ 丁巳 ） 秦王 、 楚王 盟 於 黃棘 。,"：，""十一年丁巳秦王楚王盟於黃棘""。，、。，：、、。- """"，",0.0,0.4,0.0,1.0,0.0
秦復與楚上庸,秦 復 與 楚 上庸 。,秦復與楚上庸，。，。，，。，、，,0.0,1.0,0.0,1.0,0.0
十二年戊午彗星見,十二年 （ 戊午 ） 彗星 見 。,十二年戊午彗星見，。，。，，。，、，,0.0,0.5,0.0,1.0,0.0
秦取魏蒲阪晉陽封陵又取韓武遂,秦 取 魏 蒲阪 、 晉陽 、 封陵 ， 又 取 韓武遂 。,"，。，秦取。：- """"，（），。- """"，""""，，。- ""魏蒲阪晉陽封陵又取韓武遂",0.0,0.0,0.0,1.0,0.0
齊韓魏以楚負其從親合兵伐楚楚王使太子橫為質於秦以請救,齊 、 韓 、 魏 以 楚 負 其 從 親 ， 合 兵 伐 楚 。 楚王 使 太子橫 為 質 於 秦 以 請 救 。,，：齊韓魏以楚負其從親合兵伐楚楚王使太子橫為質於秦以請救。，。。，？？，、、，，,0.0,0.33333333333333337,0.0,1.0,0.0
秦客卿通將兵救楚三國引兵去,秦 客卿 通 將 兵 救 楚 ， 三 國 引 兵 去 。,"：，""秦客卿通將兵救楚三國引兵去""。，。，。：""""，",0.0,0.6666666666666666,0.0,1.0,0.0
十三年己未秦王魏王韓太子嬰會於臨晉韓太子至咸陽而歸秦復與魏蒲阪,十三年 （ 己未 ） 秦王 、 魏王 、 韓 太子嬰 會 於 臨晉 ， 韓太子 至 咸陽 而 歸 ， 秦 復 與 魏 蒲阪 。,，：十三年己未秦王魏王韓太子嬰會於臨晉韓太子至咸陽而歸秦復與魏蒲阪。，。。，，，。，，,0.0,0.25,0.0,1.0,0.0
秦大夫有私與楚太子斗者太子殺之亡歸,秦 大夫 有私 與 楚 太子斗 者 。 太子 殺 之 ， 亡 歸 。,"，。，。：- ""秦大夫""，，（），。- ""有私與楚太子斗者太子殺之亡歸""，。""""",0.0,0.4,0.0,1.0,0.0
十四年庚申日有食之既,十四年 （ 庚申 ） 日 有 食 之 ， 既 。,"：，""十四年庚申日有食之既""。，（），。：- """" ，，。- """" ",0.0,0.4,0.0,1.0,0.0
秦人取韓穰,秦 人 取 韓 穰 。,秦人取韓穰，。，。，，。，、，,0.0,1.0,0.0,1.0,0.0
蜀守煇叛秦秦司馬錯往誅之,蜀 守煇 叛 秦 ， 秦 司馬錯 往 誅 之 。,：。：，蜀守煇叛秦，秦司馬錯往誅之。，《》，,0.0,1.0,0.0,1.0,0.0
秦庶長奐會韓魏齊兵伐楚敗其師於重丘殺其將唐昧遂取重丘,秦 庶長 奐 會 韓 、 魏 、 齊 兵 伐 楚 ， 敗 其 師 於 重丘 ， 殺 其 將 唐昧 ； 遂 取 重丘 。,，。：秦庶長奐會韓、魏齊兵伐、楚敗其師於，重丘殺其將唐昧遂取，重丘。，，。，，。，,0.0,0.3636363636363636,0.0,1.0,0.0
趙王伐中山中山君奔齊,趙王 伐 中山 ， 中山君 奔 齊 。,"：，""趙王伐中山中山君奔齊""。，：。。""""：- """" ",0.0,0.6666666666666666,0.0,1.0,0.0
十五年辛酉秦涇陽君為質於齊,十五年 （ 辛酉 ） 秦 涇陽君 為 質 於 齊 。,，：十五年辛酉秦涇陽君為質於齊。，。。，，，。，,0.0,0.5,0.0,1.0,0.0
秦華陽君伐楚大破楚師斬首三萬殺其將景缺取楚襄城,秦 華陽君 伐 楚 ， 大 破 楚師 ， 斬 首 三萬 ， 殺 其 將 景缺 ， 取 楚 襄城 。,秦 華陽君 伐 楚 大 破 楚 師 斬 首 三 萬 殺 其 將 景缺   取 楚 襄 城,0.7567567567567567,0.0,0.7567567567567567,1.0,0.0
楚王恐使太子為質於齊以請平,楚王 恐 ， 使 太子 為 質 於 齊 以 請 平 。,，：楚王恐使太子為質於齊以請平。，。。，。，。，，,0.0,0.6666666666666666,0.0,1.0,0.0
秦樗裡疾卒以趙人樓緩為丞相趙武靈王愛少子何欲及其生而立之,秦 樗裡疾 卒 ， 以 趙人 樓緩 為 丞相 趙武靈王 愛 少子 何 ， 欲 及 其 生 而 立 之 。,，。，。：秦樗裡疾卒以趙人樓緩為丞相趙武靈王愛少子何欲及其生而立之。，，。，，。,0.0,0.5,0.0,1.0,0.0
十六年壬戌五月戊申大朝東宮傳國於何王廟見禮畢出臨朝大夫悉為臣肥義為相國並傅王,十六年 （ 壬戌 ） 五月 戊申 ， 大 朝 東宮 ， 傳 國 於 何 ， 王廟 見 禮 畢 ， 出 臨 朝 ， 大夫 悉 為 臣 。 肥義 為 相國 ， 並 傅 王 。,，。，。：十六年壬戌五月戊申大朝東宮傳國於何王廟見禮畢出臨朝大夫悉為臣肥義為相國並傅王。，、。。，。，，。,0.0,0.18181818181818182,0.0,1.0,0.0
武靈王自號主父,"武靈王 自 號 "" 主父 "" 。",武靈 王 自 號 主父,0.6666666666666665,0.0,0.6666666666666665,1.0,0.0
主父欲使子治國身胡服將士大夫西北略胡地,主父 欲 使 子 治 國 ， 身 胡服 ， 將 士 大夫 西北 略 胡地 。,主父 欲  使 子 治 國 身 胡服 將士 大夫 西北 略 胡 地 ,0.7857142857142857,0.0,0.7857142857142857,1.0,0.0
將自云中九原南襲咸陽於是詐自為使者入秦,將 自 云中 、 九原 南 襲 咸陽 ， 於是 詐 自 為 使者 ， 入 秦 。,，。，。：- 將自云中九原南襲咸陽：，，，，。- 於是詐自為使者入秦,0.0,0.0,0.0,1.0,0.0
欲以觀秦地形及秦王之為人秦王不知已而怪其狀甚偉非人臣之度使人逐之主父行已脫關矣審問之乃主父也,欲 以 觀 秦 地形 及 秦王 之 為 人 ， 秦王 不 知 ， 已而 怪 其 狀 甚 偉 ， 非 人臣 之 度 ， 使 人 逐 之 ； 主父 行 已 脫 關 矣 ， 審 問 之 ， 乃 主父 也 。,欲 以  觀  秦  地形  及  秦王  之  為  人  秦王  不知  已  而  怪  其狀甚偉    非  人臣  之  度  使  人  逐  之  主父  行  已  脫關    矣  審  問  之  乃  主父  也 ,0.8108108108108107,0.0,0.8108108108108107,1.0,0.0
秦人大驚,秦 人 大 驚 。,秦人 大 驚 。,0.5714285714285715,1.0,0.5714285714285715,1.0,0.5714285714285715
齊王魏王會於韓,齊王 、 魏王 會 於 韓 。,齊王魏王會於韓，。，。，，。，、，,0.0,0.6666666666666666,0.0,1.0,0.0
秦人伐楚取八城秦王遺楚王書曰始寡人與王約為兄弟盟於黃棘太子入質至驩也,"秦 人 伐 楚 ， 取 八 城 。 秦王 遺 楚王 書 曰 ： "" 始 寡人 與 王 約 為 兄弟 ， 盟 於 黃棘 ， 太子 入 質 ， 至 驩 也 。",秦人 伐 楚 取 八 城 秦王遺  楚王 書 曰 始 寡人 與 王 約 為 兄弟 盟 於 黃棘 太子 入 質 至 驩 也,0.888888888888889,0.0,0.888888888888889,1.0,0.0
太子陵殺寡人之重臣不謝而亡去,太子陵 殺 寡人 之 重臣 ， 不 謝 而 亡 去 。,，。，。：太子陵殺，，。寡人，。，之，。重臣不謝而亡去，,0.0,0.0,0.0,1.0,0.0
寡人誠不勝怒使兵侵君王之邊,寡人 誠 不 勝 怒 ， 使 兵 侵 君王 之 邊 。,"，。，。：""寡人""，（""""），。""誠""，""""""""，。""不勝怒使兵侵君王之邊""""",0.0,0.0,0.0,1.0,0.0
今聞君王乃令太子質於齊以求平,今 聞 君王 乃 令 太子 質 於 齊 以 求 平 。,，：今聞君王乃令太子質於齊以求平。，。。，。，。，，，,0.0,1.0,0.0,1.0,0.0
寡人與楚接境婚姻相親,寡人 與 楚 接 境 ， 婚姻 相 親 。,寡人與楚接境婚姻相親。,0.0,0.6666666666666666,0.0,1.0,0.0
而今秦楚不驩則無以令諸侯,而 今 秦 、 楚 不 驩 ， 則 無 以 令 諸侯 。,而 今 秦 楚 不 驩 則 無 以  令 諸侯 ,1.0,0.0,1.0,1.0,0.0
寡人願與君王會武關面相約結盟而去寡人之願也,"寡人 願 與 君王 會 武關 ， 面 相 約 ， 結 盟 而 去 ， 寡人 之 願 也 。 """,寡人 願 與 君王 會 武關 面 相 約 結盟 而 去 寡人 之願  也 。,0.8125,0.4,0.8125,1.0,0.325
楚王患之欲往恐見欺欲不往恐秦益怒昭睢曰毋行而發兵自守耳,"楚王 患 之 ， 欲 往 恐 見 欺 ， 欲 不 往 恐 秦 益 怒 。 昭睢 曰 ： "" 毋 行 而 發 兵 自 守 耳 ！",楚王 患  之  欲  往  恐  見  欺  欲  不往恐秦益怒昭睢曰毋  行  而  發  兵  自  守  耳 ,0.7619047619047621,0.0,0.7619047619047621,1.0,0.0
秦虎狼也有並諸侯之心不可信也懷王之子蘭勸王行王乃入秦秦王令一將軍詐為王伏兵武關楚王至則閉關劫之與俱西至咸陽朝章台如藩臣禮要以割巫黔中郡楚王欲盟秦王欲先得地楚王怒曰秦詐我而又強要我以地,"秦 ， 虎狼 也 ， 有 並 諸侯 之 心 ， 不 可 信 也 ！ "" 懷王 之 子 蘭 勸 王 行 ， 王 乃 入 秦 。 秦王 令 一 將軍 詐 為 王 ， 伏 兵 武關 ， 楚王 至 則 閉 關 劫 之 ， 與 俱 西 ， 至 咸陽 ， 朝 章台 ， 如 藩 臣 禮 ， 要 以 割 巫 、 黔中郡 。 楚王 欲 盟 ， 秦王 欲 先 得 地 。 楚王 怒 曰 ： "" 秦 詐 我 ， 而 又 強 要 我 以 地 ！ """,秦 虎狼 也 有  並諸侯之心不可信也懷王之子蘭勸王行王乃入秦秦王令一將軍詐為王伏兵武關楚王至則閉關劫之與俱西至咸陽朝章台如藩臣禮要以割巫黔中郡楚王欲盟秦王欲先得地楚王怒曰秦詐我而又強要我以地                                                                                            ,0.0975609756097561,0.0,0.0975609756097561,1.0,0.0
因不復許秦人留之,因 不 復 許 。 秦 人 留 之 。,因  不復    許  秦  人  留  之  。,0.7999999999999999,0.6666666666666666,0.7999999999999999,1.0,0.5333333333333332
楚大臣患之乃相與謀曰吾王在秦不得還要以割地而太子為質於齊齊秦合謀則楚無國矣欲立王子之在國者昭睢曰王與太子俱困於諸侯今又倍王命而立其庶子不宜,"楚 大臣 患 之 ， 乃 相 與 謀 曰 ： "" 吾 王 在 秦 不 得 還 ， 要 以 割 地 ， 而 太子 為 質 於 齊 ， 齊 、 秦 合謀 ， 則 楚 無 國 矣 。 "" 欲 立 王子 之 在 國 者 。 昭睢 曰 ： "" 王 與 太子 俱 困 於 諸侯 ， 今 又 倍 王命 而 立 其 庶子 ， 不 宜 ！ """,楚 大臣 患 之  乃 相 與謀  曰  吾 王 在 秦 不 得還 要  以 割 地 而 太 子 為 質 於 齊  齊 秦 合謀   則 楚 無 國 矣  欲 立 王 子 之 在 國 者  昭睢  曰  王 與 太 子 俱 困 於 諸侯  今 又 倍 王 命 而 立 其 庶子不宜 ,0.8166666666666667,0.0,0.8166666666666667,1.0,0.0
乃詐赴於齊,乃 詐 赴 於 齊 。,乃 詐 赴 於 齊,1.0,0.0,1.0,1.0,0.0
齊閔王召群臣謀之或曰不若留太子以求楚之淮北,"齊閔王 召 群 臣 謀 之 ， 或 曰 ： "" 不 若 留 太子 以 求 楚 之 淮北 。 """,齊 閔王 召 群臣謀   之 或 曰  不 若 留 太子 以 求 楚 之 淮北 ,0.787878787878788,0.0,0.787878787878788,1.0,0.0
齊相曰不可郢中立王是吾抱空質而行不義於天下也,"齊相 曰 ： "" 不 可 ！ 郢中 立 王 ， 是 吾 抱 空 質 而 行 不義 於 天下 也 。 """,齊 相 曰 不可 郢 中 立 王 是 吾 抱 空 質 而 行  不義  於 天下 也 ,0.7567567567567567,0.0,0.7567567567567567,1.0,0.0
其人曰不然郢中立王因與其新王市曰予我下東國吾為王殺太子,"其 人 曰 ： "" 不 然 ， 郢 中 立 王 ， 因 與 其 新王 市 曰 ： 『 予 我 下 東國 ， 吾 為 王 殺 太子 。","，。，。：其人曰不然郢中立王因與其新王市曰予我下東國吾為王殺太子。（""""），，（""""），。",0.0,0.2857142857142857,0.0,1.0,0.0
不然將與三國共立之,"不 然 ， 將 與 三 國 共 立 之 。 』 """,不 然 將 與 三 國 共 立 之,1.0,0.0,1.0,1.0,0.0
齊王卒用其相計而歸楚太子,齊王 卒 用 其 相 計 而 歸 楚 太子 。,，。，。：齊王卒用其相計而歸楚太子。、、、、、、。（）,0.0,1.0,0.0,1.0,0.0
楚人立之,楚 人 立 之 。,，：楚人立之。，。。，。，。？,0.0,1.0,0.0,1.0,0.0
秦王聞孟嘗君之賢使涇陽君為質於齊以請孟嘗君來入秦秦王以為丞相,秦王 聞 孟嘗君 之 賢 ， 使 涇陽君 為 質 於 齊 以 請 。 孟嘗君 來 入 秦 ， 秦王 以 為 丞相 。,秦 王 聞 孟 嘗 君 之 賢  使 涇陽  君 為 質 於 齊  以 請 孟 嘗 君 來 入 秦  秦 王 以 為 丞 相 ,0.6000000000000001,0.0,0.6000000000000001,1.0,0.0
十七年癸亥或謂秦王曰孟嘗君相秦必先齊而後秦秦其危哉秦王乃以樓緩為相囚孟嘗君欲殺之孟嘗君使人求解於秦王幸姬姬曰願得君狐白裘,"十七年 （ 癸亥 ） 或 謂 秦王 曰 ： "" 孟嘗君 相 秦 ， 必 先 齊 而 後 秦 ； 秦 其 危 哉 ！ "" 秦王 乃 以 樓緩 為 相 ， 囚 孟嘗君 ， 欲 殺 之 。 孟嘗君 使 人 求 解 於 秦王 幸姬 ， 姬 曰 ： "" 願 得 君 狐白裘 。 """,，。，，。，，，，。，，。：十七年癸亥或謂秦王曰孟嘗君相秦必先齊而後秦秦其危哉秦王乃以樓緩為相囚孟嘗君欲殺之孟嘗君使人求解於秦王幸姬姬曰願得君狐白裘,0.0,0.0,0.0,1.0,0.0
孟嘗君有狐白裘已獻之秦王無以應姬求客有善為狗盜者入秦藏中盜狐白裘以獻姬姬乃為之言於王而遣之,孟嘗君 有 狐白裘 ， 已 獻 之 秦王 ， 無 以 應 姬 求 。 客 有 善 為 狗 盜 者 ， 入 秦 藏 中 ， 盜 狐白裘 以 獻 姬 。 姬 乃 為 之 言 於 王 而 遣 之 。,孟嘗君  有  狐白裘  已  獻  之  秦王  無  以  應  姬  求  客  有  善為    狗  盜  者  入  秦  藏  中  盜  狐白裘  以  獻  姬  姬  乃為    之  言  於  王而遣之,0.8450704225352113,0.0,0.8450704225352113,1.0,0.0
王后悔使追之孟嘗君至關關法雞鳴而出客時尚蚤追者將至客有善為雞鳴者野雞聞之皆鳴孟嘗君乃得脫歸,王 后 悔 ， 使 追 之 。 孟嘗君 至 關 ， 關 法 ， 雞 鳴 而 出 客 ， 時 尚 蚤 ， 追 者 將 至 ， 客 有 善 為 雞 鳴 者 ， 野雞 聞 之 皆 鳴 ， 孟嘗君 乃 得 脫 歸 。,王后悔   使 追 之 孟嘗君 至  關關 法 雞 鳴 而 出 客 時 尚 蚤 追 者將  至 客 有 善 為 雞 鳴 者 野 雞 聞 之 皆 鳴孟嘗君乃得脫歸 ,0.7222222222222223,0.0,0.7222222222222223,1.0,0.0
楚人告於秦曰賴社稷神靈國有王矣秦王怒發兵出武關擊楚斬首五萬取十六城,"楚 人 告 於 秦 曰 ： "" 賴 社稷 神靈 ， 國 有 王 矣 ！ "" 秦王 怒 ， 發 兵 出 武關 擊 楚 ， 斬 首 五萬 ， 取 十六 城 。",楚人  告  於  秦  曰  賴  社稷  神靈  國  有  王  矣  秦王  怒  發兵  出  武關  擊  楚  斬首  五萬  取  十六  城  。,0.823529411764706,0.25,0.823529411764706,1.0,0.2058823529411765
趙王封其弟為平原君,趙王 封 其 弟 為 平原君 。,"：，""趙王封其弟為平原君""。，。。""""（），，",0.0,1.0,0.0,1.0,0.0
平原君好士食客嘗數千人有公孫龍者善為堅白同異之辯平原君客之孔穿自魯適趙與公孫龍論臧三耳龍甚辯析,平原君 好 士 ， 食客 嘗 數 千 人 。 有 公孫龍 者 ， 善 為 堅白同異 之 辯 ， 平原君 客 之 。 孔穿 自 魯 適 趙 ， 與 公孫龍 論 臧三耳 ， 龍 甚 辯析 。,平 原 君  好  士  食 客  嘗  數 千  人  ，  有  公 孫 龍  者  善  為  堅 白  同 異  之  辯  ，  平 原 君  客  之  ，  孔 穿  自  魯  適 趙  ，  與  公 孫 龍  論臧三耳龍甚辯析,0.5352112676056339,0.3333333333333333,0.5352112676056339,1.0,0.17840375586854462
子高弗應俄而辭出明日復見平原君,子高 弗 應 ， 俄而 辭 出 ， 明日 復 見 平原君 。,，：子高弗應俄而辭出明日復見平原君。，。。，，，。，，,0.0,0.5,0.0,1.0,0.0
平原君曰疇昔公孫之言信辯也先生以為何如對曰然幾能令臧三耳矣,"平原君 曰 ： "" 疇昔 公孫 之 言 信 辯 也 ， 先生 以 為 何如 ？ "" 對 曰 ： "" 然 。 幾 能 令 臧 三 耳 矣 。",平 原 君 曰 疇 昔 公 孫 之 言 信 辯 也 先 生 以 為 何 如 對 曰 然 幾 能 令 臧 三 耳 矣,0.6923076923076923,0.0,0.6923076923076923,1.0,0.0
雖然實難僕願得又問於君今謂三耳甚難而實非也謂兩耳甚易而實是也不知君將從易而是者乎其亦從難而非者乎平原君無以應明日謂公孫龍曰公無復與孔子高辯事也,"雖 然 ， 實 難 ！ 僕 願 得 又 問 於 君 ： 今 謂 三 耳 甚 難 而 實 非 也 ， 謂 兩 耳 甚 易 而 實 是 也 ， 不 知 君 將 從 易 而 是 者 乎 ， 其 亦 從 難 而 非 者 乎 ？ "" 平原君 無 以 應 。 明日 ， 謂 公孫龍 曰 ： "" 公 無 復 與 孔子 高 辯 事 也 ！",雖然實難僕願得又問於君今謂三耳甚難而實非也謂兩耳甚易而實是也不知君將從易而是者乎其亦從難而非者乎平原君無以應明日謂公孫龍曰公無復與孔子高辯事也,0.0,0.0,0.0,1.0,0.0
其人理勝於辭公辭勝於理終必受詘,"其 人 理 勝 於 辭 ； 公 辭 勝 於 理 ， 終 必 受 詘 。 """,其人 理 勝 於 辭 公 辭 勝 於 理 終 必 受 詘,0.896551724137931,0.0,0.896551724137931,1.0,0.0
鄒衍過趙平原君使與公孫龍論白馬非馬之說,鄒衍 過 趙 ， 平原君 使 與 公孫龍 論 白 馬 非 馬 之 說 。,鄒衍 過 趙 平原君  使  與 公孫龍 論 白馬 非 馬  之 說 ,0.888888888888889,0.0,0.888888888888889,1.0,0.0
犬也大指與白馬非馬之說同鄒子曰不可夫辯者別殊類使不相害序異端使不相亂抒意通指明其所謂使人與知焉不務相迷也,"犬 也 。 大 指 與 白 馬 非 馬 之 說 同 。 〕 鄒子 曰 ： "" 不 可 。 夫 辯 者 ， 別 殊 類 使 不 相 害 ， 序 異 端 使 不 相 亂 。 抒 意 通 指 ， 明 其 所 謂 ， 使 人 與 知 焉 ， 不 務 相 迷 也 。",犬也 大指 與 白馬 非馬 之 說 同鄒  子 曰 不可  夫 辯 者 別 殊 類 使 不 相 害 序 異 端 使 不 相亂  抒 意 通 指 明 其 所 謂 使 人 與 知 焉  不 務 相 迷 也 ,0.7708333333333334,0.0,0.7708333333333334,1.0,0.0
故勝者不失其所守不勝者得其所求,故 勝 者 不 失 其 所 守 ， 不 勝 者 得 其 所 求 。,故 勝 者 不 失 其 所 守  不 勝 者 得 其 所 求 ,1.0,0.0,1.0,1.0,0.0
若是故辯可為也及至煩文以相假飾辭以相敦巧譬以相移引人使不得及其意如此害大道夫繳紉爭言而競後息不能無害君子衍不為也座皆稱善,"若 是 ， 故 辯 可 為 也 。 及 至 煩 文 以 相 假 ， 飾 辭 以 相 敦 ， 巧 譬 以 相 移 ， 引 人 使 不 得 及 其 意 ， 如 此 害 大 道 。 夫 繳紉 爭 言 而 競 後 息 ， 不 能 無 害 君子 ， 衍 不 為 也 。 "" 座 皆 稱 善 。",若 是 故 辯 可 為 也 及 至 煩 文 以 相 假 飾 辭 以 相 敦 巧 譬 以 相 移 引 人 使 不 得 及 其 意 如 此 害 大 道 夫繳  紉 爭 言 而 競 後 息 、 不能 無 害 君子 衍 不 為 也 座 皆稱  善,0.912280701754386,0.0,0.912280701754386,1.0,0.0
公孫龍由是遂詘,公孫龍 由是 遂 詘 。,公 孫 龍  由 是  遂詘  ,0.0,0.0,0.0,1.0,0.0
十八年甲子楚懷王亡歸秦人覺之遮楚道,十八年 （ 甲子 ） 楚懷王 亡 歸 。 秦 人 覺 之 ， 遮 楚道 。,，。，、。：- 十八年：，，。- 甲子楚懷王亡歸秦人覺之遮楚道：，，,0.15384615384615385,0.0,0.0,1.0,0.0
懷王從間道走趙,懷王 從 間道 走 趙 。,，：懷王從間道走趙。，。，，。。，,0.0,1.0,0.0,1.0,0.0
趙主父在代趙人不敢受懷王將走魏秦人追及之以歸,趙主父 在 代 ， 趙人 不 敢 受 。 懷王 將 走 魏 ， 秦 人 追 及 之 ， 以 歸 。,趙 主父 在 代 趙人 不 敢 受 懷王 將 走 魏 秦人 追 及 之 以歸 ,0.7428571428571428,0.0,0.7428571428571428,1.0,0.0
魯平公薨子緡公賈立,魯平公 薨 ， 子 緡公賈 立 。,"，。，。：- ""魯平公""，（），。- ""薨子緡公賈立""，，",0.28571428571428575,0.0,0.0,1.0,0.0
十九年乙丑楚懷王發病薨於秦秦人歸其喪,十九年 （ 乙丑 ） 楚懷王 發 病 ， 薨 於 秦 ， 秦 人 歸 其 喪 。,"：，""十九年乙丑楚懷王發病薨於秦秦人歸其喪""。，。：，。，：（）、（）、",0.0,0.33333333333333337,0.0,1.0,0.0
楚人皆憐之如悲親戚諸侯由是不直秦,楚 人 皆 憐 之 ， 如 悲 親戚 。 諸侯 由是 不 直 秦 。,"，。，。：""楚人""，，。""皆憐之如悲親戚諸侯由""""""是不直秦，""""，（）。",0.0,0.3333333333333333,0.0,1.0,0.0
齊韓魏趙宋同擊秦至鹽氏而還,齊 、 韓 、 魏 、 趙 、 宋 同 擊 秦 ， 至 鹽氏 而 還 。,，。：齊韓魏趙宋同擊秦至鹽氏而還。、、、，。。。，、,0.0,0.2857142857142857,0.0,1.0,0.0
秦與韓武遂與魏封陵以和,秦 與 韓 武遂 、 與 魏 封陵 以 和 。,"：，""秦與韓武遂與魏封陵以和""。，。，。：""""（）、""""（）、""""（）。""",0.0,0.6666666666666666,0.0,1.0,0.0
趙主父行新地遂出代西遇樓煩王於西河而致其兵,趙主父 行 新 地 遂 出 代 ； 西 遇 樓煩王 於 西河 而 致 其 兵 。,，。，。：趙主父行新地遂出代西遇樓煩王於西河而致其兵。，。。，。,0.0,0.6666666666666666,0.0,1.0,0.0
魏襄王薨子昭王立,魏襄王 薨 ， 子 昭王 立 。,"：，""魏襄王薨子昭王立""。，。：- """"：（），。- """"：（），",0.0,0.6666666666666666,0.0,1.0,0.0
韓襄王薨子厘王咎立,韓襄王 薨 ， 子 厘王咎 立 。,"：，""韓襄王薨子厘王咎立""。，。：- ：（）- ：（）- ：，",0.0,0.6666666666666666,0.0,1.0,0.0
二十年丙寅秦尉錯伐魏襄城,二十年 （ 丙寅 ） 秦 尉 錯 伐 魏 襄城 。,"：，""二十年丙寅秦尉錯伐魏襄城""。，、。。""""，。""""，",0.0,0.5,0.0,1.0,0.0
趙主父與齊燕共滅中山遷其王於膚施,趙主父 與 齊 、 燕 共 滅 中山 ， 遷 其 王 於 膚施 。,"，。，。：- ""趙主父""，，（），。- ""與齊燕共滅中山遷其王於膚施""，，""",0.14285714285714285,0.0,0.0,1.0,0.0
歸行賞大赦置酒酺五日,歸 ， 行 賞 ， 大 赦 ， 置 酒 ， 酺 五 日 。,"：，""歸行賞大赦置酒酺五日""。，。，，。，：。",0.0,0.33333333333333337,0.0,1.0,0.0
趙主父封其長子章於代號曰安陽君,趙主父 封 其 長子 章 於 代 ， 號 曰 安陽君 。,"，。，，。：- ""趙主父封其長子章於代號曰安陽""：君，（）。，",0.0,0.5,0.0,1.0,0.0
安陽君素侈心不服其弟,安陽君 素 侈 ， 心 不 服 其 弟 。,安陽君 素 侈心 不服 其 弟,0.5714285714285715,0.0,0.5714285714285715,1.0,0.0
主父使田不禮相之,主父 使 田不禮 相 之 。,主父  使  田不禮  相  之  。,1.0,1.0,1.0,1.0,1.0
李兌謂肥義曰公子章強壯而志驕黨眾而欲大田不禮忍殺而驕二人相得必有陰謀夫小人有欲輕慮淺謀徒見其利不顧其害難必不久矣,"李兌 謂 肥義 曰 ： "" 公子章 強壯 而 志 驕 ， 黨 眾 而 欲 大 ， 田不禮 忍 殺 而 驕 ， 二 人 相 得 ， 必 有 陰謀 。 夫 小人 有 欲 ， 輕 慮 淺 謀 ， 徒 見 其 利 ， 不 顧 其 害 ， 難 必 不 久 矣 。",李兌  謂  肥 義 曰  公 子 章  強 壯 而  志驕黨    眾 而  欲 大  田 不禮   忍殺  而驕    二 人 相 得  必 有陰謀     夫 小 人  有 欲  輕慮   淺謀   徒見  其 利  不顧  其 害難   必 不久矣,0.4545454545454546,0.0,0.4545454545454546,1.0,0.0
子任重而勢大亂之所始而禍之所集也子何不稱疾毋出而傳政於公子成毋為禍梯不亦可乎肥義曰昔者主父以王屬義也曰毋變而度毋易而慮堅守一心以歿而世義再拜受命而籍之,"子 任 重 而 勢 大 ， 亂 之 所 始 而 禍 之 所 集 也 。 子 何 不 稱 疾 毋 出 而 傳 政 於 公子成 ， 毋 為 禍 梯 ， 不 亦 可 乎 ！ "" 肥義 曰 ： "" 昔 者 主父 以 王 屬 義 也 ， 曰 ： 『 毋 變 而 度 ， 毋 易 而 慮 ， 堅 守 一 心 ， 以 歿 而 世 ！ 』 義 再 拜 受 命 而 籍 之 。",子 任  重  而  勢  大亂    之  所  始  而  禍  之  所  集  也  子  何  不稱    疾  毋  出  而  傳  政  於  公子  成  毋為禍      梯  不  亦  可  乎  肥  義  曰  昔  者  主父  以  王屬    義  也  曰  毋  變而度毋易而慮堅守一心以歿而世義再拜受命而籍之  ,0.6324786324786325,0.0,0.6324786324786325,1.0,0.0
今畏不禮之難而忘吾籍變孰大焉諺曰死者復生生者不愧吾欲全吾言安得全吾身乎子則有賜而忠我矣雖然吾言已在前矣終不敢失李兌曰諾子勉之矣吾見子已今年耳,"今 畏 不禮 之 難 而 忘 吾 籍 ， 變 孰 大 焉 ！ 諺 曰 ： 『 死者 復 生 ， 生者 不 愧 。 』 吾 欲 全 吾 言 ， 安 得 全 吾 身 乎 ！ 子 則 有 賜 而 忠 我 矣 。 雖然 ， 吾 言 已 在 前 矣 ， 終 不 敢 失 ！ "" 李兌 曰 ： "" 諾 ， 子 勉 之 矣 ！ 吾 見 子 已 今年 耳 。 """,今 畏 不禮  之難  而 忘 吾 籍 變 孰 大 焉 諺 曰 死 者 復 生 生 者 不 愧 吾 欲 全 吾 言 安 得 全 吾 身  乎 子 則 有 賜 而 忠 我 矣雖 然   吾 言 已 在 前 矣 終 不 敢 失 李 兌 曰諾  子 勉 之 矣 吾 見 子 已 今 年 耳,0.8307692307692308,0.0,0.8307692307692308,1.0,0.0
涕泣而出,涕泣 而 出 。,涕 泣 而 出,0.5714285714285715,0.0,0.5714285714285715,1.0,0.0
李兌數見公子成以備田不禮,李兌 數 見 公子成 以 備 田不禮 。,"：，""李兌數見公子成以備田不禮""。，。，""""（），。",0.0,1.0,0.0,1.0,0.0
肥義謂信期曰公子章與田不禮聲善而實惡內得主而外為暴矯令以擅一旦之命不難為也,肥義 謂 信期 曰 ： 公子章 與 田不禮 聲 善 而 實 惡 ， 內 得 主 而 外 為 暴 ， 矯 令 以 擅 一 旦 之 命 ， 不 難 為 也 。,肥義 謂 信期 曰 公子 章 與 田 不禮聲   善 而 實 惡 內 得 主 而 外 為 暴 矯 令 以 擅 一 旦 之 命 不 難 為 也,0.8888888888888888,0.0,0.8888888888888888,1.0,0.0
今吾憂之夜而忘寐饑而忘食盜出入不可以不備,今 吾 憂 之 ， 夜 而 忘 寐 ， 饑 而 忘 食 ， 盜 出 入 不 可以 不 備 。,今 吾 憂 之 夜 而 忘 寐 饑 而 忘 食 盜  出入 不 可 以 不 備,0.8421052631578947,0.0,0.8421052631578947,1.0,0.0
自今以來有召王者必見吾面我將以身先之無故而後王可入也,"自 今 以 來 ， 有 召 王 者 必 見 吾 面 ， 我 將 以 身 先 之 ， 無 故 而 後 王 可 入 也 。 """,自 今               以來有召         王者必見吾面我將以身先之無故而後王 可 入 也 ,0.30303030303030304,0.0,0.30303030303030304,1.0,0.0
信期曰善,"信期 曰 ： "" 善 。 """,，：信期曰善。，。，，。，。,0.0,0.6666666666666666,0.0,1.0,0.0
主父使惠文王朝群臣而自從旁窺之見其長子儽然也反北面為臣詘於其弟心憐之於是乃欲分趙而王公子章於代,主父 使 惠文王 朝 群 臣 而 自 從 旁 窺 之 ， 見 其 長子 儽 然 也 ， 反 北面 為 臣 ， 詘 於 其 弟 ， 心 憐 之 ， 於是 乃 欲 分 趙 而 王 公子章 於 代 。,主父 使 惠文王朝  群臣 而 自 從 旁窺  之 ， 見 其 長 子 儽 然 也 ， 反 北面 為 臣 ， 詘 於 其 弟 ， 心 憐 之於 ，  是 乃 欲 分 趙 而 王 公子 章 於 代 。,0.7532467532467534,0.8333333333333334,0.7532467532467534,1.0,0.6277056277056279
計未決而輟主父及王游沙丘異宮公子章田不禮以其徒作亂詐以主父令召王肥義先入殺之高信即與王戰,計 未 決 而 輟 。 主父 及 王 游 沙丘 ， 異 宮 ， 公子章 、 田不禮 以 其 徒 作 亂 ， 詐 以 主父 令 召王 。 肥義 先 入 ， 殺 之 。 高信 即 與 王 戰 。,計未決而輟主父及王游沙丘異宮公子章田不禮以其徒作亂詐以主父令召王肥義先入殺之高信即與王戰,0.0,0.0,0.0,1.0,0.0
公子成與李兌自國至乃起四邑之兵入距難殺公子章及田不禮減其黨公子成為相號安平君李兌為司寇,公子成 與 李兌 自 國 至 ， 乃 起 四 邑 之 兵 入 距 難 ， 殺 公子章 及 田不禮 ， 減 其 黨 。 公子成 為 相 ， 號 安平君 ， 李兌 為 司寇 。,"，。，公子成與李兌自國至乃，起四邑之兵入（""距難殺""），公子章及田不禮減其黨，，公子成為相號，安平君，李兌為司寇。，。，，。，，，",0.0,0.2857142857142857,0.0,1.0,0.0
是時惠文王少成兌專政,是 時 惠文王 少 ， 成 、 兌 專 政 。,，：是時惠文王少成兌專政。，。。，，。,0.0,0.5,0.0,1.0,0.0
公子章之敗也往走主父主父開之,公子章 之 敗 也 ， 往 走 主父 ； 主父 開 之 。,公 子 章 之敗  也 往 走 主父 主父 開 之,0.6666666666666666,0.0,0.6666666666666666,1.0,0.0
成兌因圍主父,成 、 兌 因 圍 主父 。,，：成兌因圍主父。，。：- ：，。- ：，,0.0,0.6666666666666666,0.0,1.0,0.0
公子章死成兌謀曰以章故圍主父即解兵吾屬夷矣,"公子章 死 ， 成 、 兌 謀 曰 ： "" 以 章 故 ， 圍 主父 ； 即 解 兵 ， 吾 屬 夷 矣 ！ """,，。，。，，。，、，。，。：公子章死成兌謀曰以章故圍主父即解兵吾屬夷矣,0.0,0.0,0.0,1.0,0.0
乃遂圍之令宮中人後出者夷,"乃 遂 圍 之 ， 令 ： "" 宮 中 人 後 出 者 夷 ！ """,，：乃遂圍之令宮中人後出者夷。，。：- ：，，。- ：，,0.0,0.0,0.0,1.0,0.0
宮中人悉出主父欲出不得又不得食探雀鷇而食之,宮 中 人 悉 出 。 主父 欲 出 不 得 ， 又 不 得 食 ， 探 雀鷇 而 食 之 。,宮中人悉出主父欲出不得又不得食探雀鷇而食之,0.0,0.0,0.0,1.0,0.0
三月餘餓死沙丘宮主父定死乃發喪赴諸侯主父初以長子章為太子後得吳娃愛之為不出者數歲,三月 餘 ， 餓 死 沙丘宮 。 主父 定 死 ， 乃 發 喪 赴 諸侯 。 主父 初 以 長子章 為 太子 ， 後 得 吳娃 ， 愛 之 ， 為 不 出 者 數 歲 。,三月餘餓死沙丘宮主父定死乃發喪赴諸侯主父初以長子章為太子後得吳娃愛之為不出者數歲。,0.0,0.2222222222222222,0.0,1.0,0.0
生子何乃廢太子章而立之,生 子 何 ， 乃 廢 太子章 而 立 之 。,生 子  何  乃  廢  太子  章  而  立  之 ,0.8421052631578948,0.0,0.8421052631578948,1.0,0.0
吳娃死愛弛憐故太子欲兩王之猶豫未決故亂起,吳娃 死 ， 愛 弛 ； 憐 故 太子 ， 欲 兩 王 之 ， 猶豫 未 決 ， 故 亂 起 。,吳 娃 死 愛 弛 憐 故 太子 欲 兩 王 之 猶豫 未 決 故亂  起,0.8235294117647058,0.0,0.8235294117647058,1.0,0.0
秦樓緩免相魏冉代之,秦 樓緩 免 相 ， 魏冉 代 之 。,秦 樓 緩 免 相 魏 冉 代 之,0.6250000000000001,0.0,0.6250000000000001,1.0,0.0
二十一年丁卯秦敗魏師於解,二十一年 （ 丁卯 ） 秦 敗 魏師 於 解 。,"：，""二十一年丁卯秦敗魏師於解""。，、。，。，：。：",0.0,0.5,0.0,1.0,0.0
二十二年戊辰韓公孫喜魏人伐秦,二十二年 （ 戊辰 ） 韓 公孫喜 、 魏人 伐 秦 。,，：二十二年戊辰韓公孫喜魏人伐秦。，。。，，，。，,0.0,0.4,0.0,1.0,0.0
穰侯薦左更白起於秦王以代向壽將兵敗魏師韓師於伊闕斬首二十四萬級虜公孫喜拔五城秦王以白起為國尉,穰侯 薦 左更 白起 於 秦王 以 代 向壽 將 兵 ， 敗 魏師 、 韓師 於 伊闕 ， 斬 首 二十四萬 級 ， 虜 公孫喜 ， 拔 五 城 。 秦王 以 白起 為 國尉 。,穰侯 薦 左更 白起 於 秦王 以 代 向壽 將 兵敗   魏 師韓  師 於 伊闕 斬首  二十四萬 級 虜 公孫 喜 拔 五 城  秦王 以 白起 為 國尉,0.7666666666666667,0.0,0.7666666666666667,1.0,0.0
秦王遺楚王書曰楚倍秦秦且率諸侯伐楚願王之飭士卒得一樂戰,"秦王 遺 楚王 書 曰 ： "" 楚 倍 秦 ， 秦 且 率 諸侯 伐 楚 ， 願 王 之 飭 士卒 ， 得 一 樂 戰 ！ """,，。，。：秦王遺楚王書曰楚倍秦秦且率諸侯伐楚願王之飭士卒得一樂戰。（），（,0.0,0.0,0.0,1.0,0.0
楚王患之乃復與秦和親,楚王 患 之 ， 乃 復 與 秦 和 親 。,"：，""楚王患之乃復與秦和親""。，。。""""（），。""""",0.0,0.6666666666666666,0.0,1.0,0.0
二十三年己巳楚襄王迎婦於秦,二十三年 （ 己巳 ） 楚襄王 迎 婦 於 秦 。,"：，""二十三年己巳楚襄王迎婦於秦""。，。。""""，。""""，",0.0,0.5,0.0,1.0,0.0
臣光曰甚哉秦之無道也殺其父而劫其子楚之不競也忍其父而婚其讎,臣 光 曰 ： 甚 哉 秦 之 無 道 也 ， 殺 其 父 而 劫 其 子 ； 楚 之 不 競 也 ， 忍 其 父 而 婚 其 讎 ！,臣光曰甚哉秦之無道也殺其父而劫其子 楚之不競也忍其父而婚其讎。,0.0,0.0,0.0,1.0,0.0
烏呼楚之君誠得其道臣誠得其人秦雖強烏得陵之哉善乎荀卿論之曰夫道善用之則百里之地可以獨立不善用之則楚六千里而為讎人役,"烏呼 ， 楚 之 君 誠 得 其 道 ， 臣 誠 得 其 人 ， 秦 雖 強 ， 烏 得 陵 之 哉 ！ 善 乎 荀卿 論 之 曰 ： "" 夫 道 ， 善 用 之 則 百 里 之 地 可 以 獨 立 ， 不 善 用 之 則 楚 六千 里 而 為 讎人 役 。 """,烏 呼 楚 之 君 誠 得 其 道 臣 誠 得 其 人 秦雖   強 烏 得 陵 之哉  善 乎 荀 卿 論 之 曰 夫 道 善 用 之 則 百 里 之 地 可 以 獨 立 不 善 用 之 則 楚 六 千 里 而 為 讎 人 役,0.8333333333333334,0.0,0.8333333333333334,1.0,0.0
故人主不務得道而廣有其勢是其所以危也,故 人主 不 務 得 道 而 廣 有 其 勢 ， 是 其 所 以 危 也 。,故人主不務得道而廣有其勢是其所以危也。,0.0,0.6666666666666666,0.0,1.0,0.0
秦魏冉謝病免以客卿燭壽為丞相,秦 魏冉 謝 病 免 ， 以 客卿 燭壽 為 丞相 。,"，。，。：- ""秦魏冉謝病免""：，（）。，，以客卿燭壽為丞相。- ",0.0,0.5,0.0,1.0,0.0
二十四年庚午秦伐韓拔宛,二十四年 （ 庚午 ） 秦 伐 韓 ， 拔 宛 。,"：，""二十四年庚午秦伐韓拔宛""。，、。：- """"，（），。- ",0.0,0.4,0.0,1.0,0.0
秦燭壽免魏冉復為丞相封於穰與陶謂之穰侯又封公子市於宛公子悝於鄧,秦 燭壽 免 。 魏冉 復 為 丞相 ， 封 於 穰 與 陶 ， 謂 之 穰侯 。 又 封 公子市 於 宛 ， 公子悝 於 鄧 。,秦 燭壽    免  魏冉復    為  丞相  封  於  穰  與  陶  謂  之穰  侯  又  封  公子  市  於  宛  公子悝    於  鄧  。,0.782608695652174,0.2857142857142857,0.782608695652174,1.0,0.2236024844720497
二十五年辛未魏入河東地四百里韓入武遂地二百里於秦,二十五年 （ 辛未 ） 魏 入 河 東 地 四百 里 ， 韓 入 武遂地 二百 里 於 秦 。,，：二十五年辛未魏入河東地四百里韓入武遂地二百里於秦。，。。，，，。，，,0.0,0.4,0.0,1.0,0.0
魏芒卯始以詐見重,魏芒卯 始 以 詐 見 重 。,魏 芒 卯 始  以  詐見    重  。,0.4615384615384615,1.0,0.4615384615384615,1.0,0.4615384615384615
二十六年壬申秦大良造白起客卿錯伐魏至軹取城大小六十一,二十六年 （ 壬申 ） 秦 大良 造 白起 、 客卿 錯 伐 魏 ， 至 軹 ， 取 城 大小 六十一 。,，。，。二十六年，，。，壬申，、。，，。，秦大良造白起客卿錯伐魏至軹取城大小六十一,0.0,0.0,0.0,1.0,0.0
二十七年癸酉冬十月秦王稱西帝遣使立齊王為東帝欲約與共伐趙蘇代自燕來齊王曰秦使魏冉致帝子以為何如對曰願王受之而勿稱也秦稱之天下安之王乃稱之無後也,"二十七年 （ 癸酉 ） 冬 ， 十月 ， 秦王 稱 西帝 ， 遣 使 立 齊王 為 東帝 ， 欲 約 與 共 伐 趙 。 蘇代 自 燕 來 ， 齊王 曰 ： "" 秦 使 魏冉 致 帝 ， 子 以 為 何如 。 "" 對 曰 ： "" 願 王 受 之 而 勿 稱 也 。 秦 稱 之 ， 天下 安 之 ， 王 乃 稱 之 ， 無 後 也 。",，。，，。，，，，。，，。：二十七年癸酉冬十月秦王稱西帝遣使立齊王為東帝欲約與共伐趙蘇代自燕來齊王曰秦使魏冉致帝子以為何如對曰願王受之而勿稱也秦稱之天下安之王乃稱之無後也,0.0,0.0,0.0,1.0,0.0
秦稱之天下惡之王因勿稱以收天下此大資也且伐趙孰與伐桀宋利,秦 稱 之 ， 天下 惡 之 ， 王 因 勿 稱 ， 以 收 天下 ， 此 大 資 也 。 且 伐 趙 孰 與 伐 桀 宋 利 。,，。，。：秦稱之天下惡之王因勿稱以收天下此大資也且伐趙孰與伐桀宋利。，（）。。，：- ：,0.0,0.2857142857142857,0.0,1.0,0.0
今王不如釋帝以收天下之望發兵以伐桀宋宋舉則楚趙梁衛皆懼矣是我以名尊秦而令天下憎之所謂以卑為尊也,"今 王 不 如 釋 帝 以 收 天下 之 望 ， 發 兵 以 伐 桀 宋 ， 宋 舉 則 楚 、 趙 、 梁 、 衛 皆 懼 矣 。 是 我 以 名 尊 秦 而 令 天下 憎 之 ， 所 謂 以 卑 為 尊 也 。 """,今 王 不 如 釋 帝 以 收 天下 之 望 發 兵 以 伐 桀 宋  宋 舉 則 楚 趙 梁衛  皆 懼 矣  是 我 以 名 尊 秦 而 令 天下 憎 之  所 謂 以 卑 為 尊 也 ,0.9662921348314608,0.0,0.9662921348314608,1.0,0.0
齊王從之稱帝二日而復歸之,齊王 從 之 ， 稱 帝 二 日 而 復 歸 之 。,"：，""齊王從之稱帝二日而復歸之""。，，。，：- （）- （）- ",0.0,0.6666666666666666,0.0,1.0,0.0
十二月呂禮自齊入秦,十二月 ， 呂禮 自 齊 入 秦 。,十二月 呂 禮 自 齊 入 秦,0.7692307692307692,0.0,0.7692307692307692,1.0,0.0
秦王亦去帝復稱王,秦王 亦 去 帝 ， 復 稱 王 。,秦 王 亦 去 帝 復   稱 王 。,0.7999999999999999,0.6666666666666666,0.7999999999999999,1.0,0.5333333333333332
秦攻趙拔杜陽,秦 攻 趙 ， 拔 杜陽 。,秦 攻 趙 拔 杜陽  ,1.0,0.0,1.0,1.0,0.0
二十八年甲戌秦攻趙拔新垣曲陽,二十八年 （ 甲戌 ） 秦 攻 趙 ， 拔 新垣 、 曲陽 。,，。，。：二十八年甲戌，，（）。，秦攻趙拔新垣曲陽，，,0.0,0.0,0.0,1.0,0.0
二十九年乙亥秦司馬錯擊魏河內,二十九年 （ 乙亥 ） 秦 司馬錯 擊 魏 河內 。,，：二十九年乙亥秦司馬錯擊魏河內。，。。，，。，,0.0,0.5,0.0,1.0,0.0
魏獻安邑以和秦出其人歸之魏,魏 獻 安邑 以 和 ， 秦 出 其 人 歸 之 魏 。,"，。，。：- ""魏獻安邑""，，（）。，，以和秦出其人歸之魏。- ",0.0,0.5,0.0,1.0,0.0
秦敗韓師於夏山,秦 敗 韓師 於 夏山 。,秦敗韓師於夏山，。，。，，。，、，,0.0,1.0,0.0,1.0,0.0
宋有雀生左鳥右旃於城之陬,宋 有 雀 生 （ 左 鳥 右 旃 ） 於 城 之 陬 。,，：宋有雀生左鳥右旃於城之陬。，。。，，。，，,0.0,0.5,0.0,1.0,0.0
史佔之曰吉,"史 佔 之 曰 ： "" 吉 。",史佔之曰吉，。，。，，。，、,0.0,0.6666666666666666,0.0,1.0,0.0
小而生巨必霸天下宋康王喜起兵滅滕伐薛東敗齊取五城南敗楚取地三百里西敗魏軍與齊魏為敵國乃愈自信其霸欲霸之亟成故射天笞地斬社稷而焚滅之以示威服鬼神為長夜之飲於室中室中人呼萬歲則堂上之人應之堂下之人又應之門外之人又應之以至於國中無敢不呼萬歲者天下之人謂之桀宋,"小 而 生 巨 ， 必 霸 天下 。 "" 宋康王 喜 ， 起 兵 滅 滕 ， 伐 薛 ， 東 敗 齊 ， 取 五 城 ， 南 敗 楚 ， 取 地 三百 里 ， 西 敗 魏軍 ， 與 齊 、 魏 為 敵國 ， 乃 愈 自 信 其 霸 。 欲 霸 之 亟 成 ， 故 射 天 笞 地 ， 斬 社稷 而 焚 滅 之 ， 以 示 威 服 鬼神 。 為 長夜 之 飲 於 室 中 ， 室 中 人 呼 萬 歲 ， 則 堂 上 之 人 應 之 ， 堂 下 之 人 又 應 之 ， 門 外 之 人 又 應 之 ， 以 至 於 國 中 ， 無 敢 不 呼 萬 歲 者 。 天下 之 人 謂 之 "" 桀宋 "" 。",，。，，。，，，。，，。：小而生巨必霸天下宋康王喜起兵滅滕伐薛東敗齊取五城南敗楚取地三百里西敗魏軍與齊魏為敵國乃愈自信其霸欲霸之亟成故射天笞地斬社稷而焚滅之以示威服鬼神為長夜之飲於室中室中人呼萬歲則堂上之人應之堂下之人又應之門外之人又應之以至於國中無敢不呼萬歲者天下之人謂之桀宋。，。，。，，,0.0,0.07407407407407407,0.0,1.0,0.0
齊閔王起兵伐之民散城不守宋王奔魏死於溫,齊閔王 起 兵 伐 之 ， 民 散 ， 城 不 守 。 宋王 奔 魏 ， 死 於 溫 。,齊 閔王 起 兵 伐 之 民 散 城 不 守 宋 王 奔 魏 死 於 溫,0.823529411764706,0.0,0.823529411764706,1.0,0.0
三十年丙子秦王會楚王於宛會趙王於中陽,三十年 （ 丙子 ） 秦王 會 楚王 於 宛 ， 會 趙王 於 中陽 。,，。，。：- 三十年，，。- 丙子秦王會楚王於宛會趙王於，（），中陽。- ，,0.15384615384615385,0.28571428571428575,0.0,1.0,0.043956043956043966
秦蒙武擊齊拔九城,秦 蒙武 擊 齊 ， 拔 九 城 。,秦蒙武擊齊拔九城。,0.0,0.6666666666666666,0.0,1.0,0.0
齊閔王既滅宋而驕乃南侵楚西侵三晉欲並二周為天子狐咺正議斮之檀衢,齊閔王 既 滅 宋 而 驕 ， 乃 南 侵 楚 ， 西 侵 三 晉 ， 欲 並 二 周 ， 為 天子 。 狐咺 正 議 ， 斮 之 檀衢 。,，：齊閔王既滅宋而驕乃南侵楚西侵三晉欲並二周為天子狐咺正議斮之檀衢。，。。，，，。，,0.0,0.25,0.0,1.0,0.0
陳舉直言殺之東閭,陳舉 直 言 ， 殺 之 東閭 。,陳舉直言殺之東閭。,0.0,0.6666666666666666,0.0,1.0,0.0
燕昭王日夜撫循其人益以富實乃與樂毅謀伐齊樂毅曰齊霸國之餘業也地大人眾未易獨攻也,"燕昭王 日夜 撫循 其 人 ， 益 以 富實 ， 乃 與 樂毅 謀 伐 齊 。 樂毅 曰 ： "" 齊 ， 霸 國 之 餘 業 也 ， 地 大 人 眾 ， 未 易 獨 攻 也 。",燕 昭 王 日 夜 撫 循 其 人 益 以 富 實 乃 與 樂 毅謀伐    齊 樂 毅 曰  齊 霸 國 之 餘 業 也  地 大 人 眾  未 易 獨 攻 也 ,0.6956521739130435,0.0,0.6956521739130435,1.0,0.0
王必欲伐之莫如約趙及楚魏於是使樂毅約趙別使使者連楚魏且令趙嚪秦以伐齊之利,"王 必 欲 伐 之 ， 莫 如 約 趙 及 楚 、 魏 。 "" 於是 使 樂毅 約 趙 ， 別 使 使者 連 楚 、 魏 ， 且 令 趙 嚪 秦 以 伐 齊 之 利 。",，。，。：王必欲伐之莫如約趙及楚魏於是使樂毅約趙別使使者連楚魏且令趙嚪秦以伐齊之利。（）（），、、。，，，。,0.0,0.25,0.0,1.0,0.0
諸侯害齊王之驕暴皆爭合謀與燕伐齊,諸侯 害 齊王 之 驕暴 ， 皆 爭 合 謀 與 燕 伐 齊 。,，。，。：- 諸侯 ，，。- 害 ，，。- 齊王之驕暴皆爭合謀與燕伐齊 ，,0.25,0.0,0.25,1.0,0.0
三十一年丁丑燕王悉起兵以樂毅為上將軍,三十一年 （ 丁丑 ） 燕王 悉 起 兵 ， 以 樂毅 為 上將軍 。,三十一年 丁丑 燕  王 悉 起 兵 以樂   毅為  上 將軍 ,0.47619047619047616,0.0,0.47619047619047616,1.0,0.0
秦尉斯離帥師與三晉之師會之,秦 尉斯離 帥 師 與 三 晉 之 師 會 之 。,"：，""秦尉斯離帥師與三晉之師會之""。，。。""""（），。""",0.0,1.0,0.0,1.0,0.0
趙王以相國印授樂毅樂毅並將秦魏韓趙之兵以伐齊齊閔王悉國中之眾以拒之戰於濟西齊師大敗樂毅還秦韓之師分魏師以略宋地部趙師以收河間,趙王 以 相國印 授 樂毅 ， 樂毅 並 將 秦 、 魏 、 韓 、 趙 之 兵 以 伐 齊 。 齊閔王 悉 國中 之 眾 以 拒 之 ， 戰 於 濟 西 ， 齊 師 大 敗 。 樂毅 還 秦 、 韓 之 師 ， 分 魏 師 以 略 宋 地 ， 部 趙 師 以 收 河間 。,，。，。，，、、。，，、。，，，。：趙王以相國印授樂毅樂毅並將秦魏韓趙之兵以伐齊齊閔王悉國中之眾以拒之戰於濟西齊師大敗樂毅還秦韓之師分魏師以略宋地部趙師以收河間,0.0,0.0,0.0,1.0,0.0
身率燕師長驅逐北劇辛曰齊大而燕小賴諸侯之助以破其軍宜及時攻取其邊城以自益此長久之利也,"身 率 燕 師 ， 長 驅 逐 北 。 劇辛 曰 ： "" 齊 大 而 燕 小 ， 賴 諸侯 之 助 以 破 其 軍 ， 宜 及 時 攻 取 其 邊城 以 自 益 ， 此 長久 之 利 也 。",身 率 燕 師 長 驅 逐 北劇  辛 曰 齊 大 而 燕 小 賴諸  侯 之 助 以 破 其軍  宜 及 時 攻 取 其 邊 城 以 自 益 此 長久 之 利 也,0.8157894736842104,0.0,0.8157894736842104,1.0,0.0
今過而不攻以深入為名無損於齊無益於燕而結深怨後必悔之樂毅曰齊王伐功矜能謀不逮下廢黜賢良信任諂諛政令戾虐百姓怨懟,"今 過 而 不 攻 ， 以 深 入 為 名 ， 無 損 於 齊 ， 無 益 於 燕 而 結 深 怨 ， 後 必 悔 之 。 "" 樂毅 曰 ： "" 齊王 伐 功 矜 能 ， 謀 不 逮 下 ， 廢黜 賢良 ， 信任 諂諛 ， 政令 戾虐 ， 百姓 怨懟 。",今 過 而 不 攻 以 深 入 為 名 無 損 於 齊 無 益 於 燕 而 結 深 怨 後 必悔  之 樂 毅 曰 齊 王 伐 功 矜 能 謀 不逮  下 廢 黜 賢 良 信 任 諂 諛 政 令 戾虐  百 姓怨懟  ,0.6736842105263158,0.0,0.6736842105263158,1.0,0.0
今軍皆破亡若因而乘之其民必叛禍亂內作則齊可圖也若不遂乘之待彼悔前之非改過恤下而撫其民則難慮也遂進軍深入齊人果大亂失度閔王出走樂毅入臨淄取寶物祭器輸之於燕燕王親至濟上勞軍行賞饗士封樂毅為昌國君遂使留徇齊城之未下者,"今 軍 皆 破 亡 ， 若 因 而 乘 之 ， 其 民 必 叛 ， 禍亂 內 作 ， 則 齊 可 圖 也 。 若 不 遂 乘 之 ， 待 彼 悔 前 之 非 ， 改 過 恤 下 而 撫 其 民 ， 則 難 慮 也 。 "" 遂 進 軍 深 入 。 齊人 果 大亂 失 度 ， 閔王 出走 。 樂毅 入 臨淄 ， 取 寶物 、 祭器 ， 輸 之 於 燕 。 燕王 親 至 濟上 勞 軍 ， 行 賞 饗 士 ； 封 樂毅 為 昌國君 ， 遂 使 留 徇 齊城 之 未 下 者 。",，。，，。，，，，。，，。：今軍皆破亡若因而乘之其民必叛禍亂內作則齊可圖也若不遂乘之待彼悔前之非改過恤下而撫其民則難慮也遂進軍深入齊人果大亂失度閔王出走樂毅入臨淄取寶物祭器輸之於燕燕王親至濟上勞軍行賞饗士封樂毅為昌國君遂使留徇齊城之未下者。，,0.0,0.09523809523809523,0.0,1.0,0.0
齊王出亡之衛衛君辟宮捨之稱臣而共具,齊王 出亡 之 衛 ， 衛君 辟 宮 捨 之 ， 稱 臣 而 共 具 。,，。：齊王出亡之衛衛君辟宮捨之稱臣而共具。。：- ，（），。- ,0.0,0.5,0.0,1.0,0.0
齊王不遜衛人侵之齊王去奔鄒魯有驕色鄒魯弗內遂走莒,齊王 不 遜 ， 衛人 侵 之 。 齊王 去 奔 鄒 、 魯 ， 有 驕 色 ； 鄒 、 魯 弗 內 ， 遂 走 莒 。,"，。，。：- ""齊王""，（），。- ""不遜""，""""""""，，。- ""衛人侵之齊王去奔鄒魯有驕色鄒魯弗內遂走莒""",0.08333333333333333,0.0,0.0,1.0,0.0
楚使淖齒將兵救齊因為齊相淖齒欲與燕分齊地乃執閔王而數之曰千乘博昌之間方數百里雨血沾衣王知之乎曰知之嬴博之間地坼及泉王知之乎曰知之有人當闕而哭者求之不得去則聞其聲王知之乎曰知之淖齒曰天雨血沾衣者天以告也地坼及泉者地以告也有人當闕而哭者人以告也天地人皆告矣而王不知誡焉何得無誅遂弒王於鼓裡,"楚 使 淖齒 將 兵 救 齊 ， 因 為 齊 相 。 淖齒 欲 與 燕 分 齊 地 ， 乃 執 閔王 而 數 之 曰 ： "" 千乘 、 博昌 之 間 ， 方 數 百 里 ， 雨 血 沾 衣 ， 王 知 之 乎 ？ "" 曰 ： "" 知 之 。 "" 嬴 、 博 之 間 ， 地 坼 及 泉 ， 王 知 之 乎 ？ "" 曰 ： "" 知 之 。 "" 有 人 當 闕 而 哭 者 ， 求 之 不 得 ， 去 則 聞 其 聲 ， 王 知 之 乎 ？ "" 曰 ： "" 知 之 。 "" 淖齒 曰 ： "" 天 雨 血 沾 衣 者 ， 天 以 告 也 ； 地 坼 及 泉 者 ， 地 以 告 也 ； 有 人 當 闕 而 哭 者 ， 人 以 告 也 。 天 、 地 、 人 皆 告 矣 ， 而 王 不 知 誡 焉 ， 何 得 無 誅 ！ "" 遂 弒 王 於 鼓裡 。",楚  使  淖  齒  將  兵  救  齊  因為  齊  相  淖齒    欲  與  燕  分  齊  地  乃執    閔  王  而  數之    曰  千乘  博昌  之間  方  數百  里  雨血  沾  衣  王知之      乎  曰知之      嬴  博  之間  地坼    及  泉  王知之      乎  曰知之      有  人  當  闕  而  哭  者  求之    不  得  去  則  聞  其聲    王知之      乎  曰知之      淖齒曰天雨血沾衣者天以告也地坼及泉者地以告也有人當闕而哭者人以告也天地人皆告矣而王不知誡焉何得無誅遂弒王於鼓裡,0.42424242424242425,0.0,0.42424242424242425,1.0,0.0
荀子論之曰國者天下之利勢也得道以持之則大安也大榮也積美之源也不得道以持之則大危也大累也有之不如無之及其綦也索為匹夫不可得也,荀子 論 之 曰 ： 國 者 ， 天下 之 利 勢 也 。 得 道 以 持 之 ， 則 大 安 也 ， 大 榮 也 ， 積 美 之 源 也 。 不 得 道 以 持 之 ， 則 大 危 也 ， 大 累 也 ， 有 之 不 如 無 之 ； 及 其 綦 也 ， 索 為 匹夫 ， 不 可 得 也 。,荀子 論 之 曰  國 者 天下 之 利勢  也  得 道 以 持 之 則 大 安 也  大榮  也  積 美 之 源 也  不 得 道 以 持 之 則 大 危 也  大 累 也  有 之 不 如 無 之  及 其 綦 也  索 為 匹 夫 不 可 得 也 ,0.9217391304347825,0.0,0.9217391304347825,1.0,0.0
齊閔宋獻是也,齊閔 、 宋獻 是 也 。,齊 閔 宋 獻 是 也,0.4,0.0,0.4,1.0,0.0
故用國者義立而王信立而霸權謀立而亡,故 用 國 者 義 立 而 王 ， 信 立 而 霸 ， 權 謀 立 而 亡 。,故 用 國 者 義 立 而 王 信 立 而 霸 權謀  立 而 亡,0.9090909090909091,0.0,0.9090909090909091,1.0,0.0
挈國以呼禮義而無以害之,挈 國 以 呼 禮義 ， 而 無 以 害 之 。,，。，。：挈國以呼禮義而無以害之。、、，，，,0.0,0.6666666666666666,0.0,1.0,0.0
行一不義殺一無罪而得天下仁者不為也擽然扶持心國且若是其固也,行 一 不 義 ， 殺 一 無 罪 ， 而 得 天下 ， 仁 者 不 為 也 。 擽 然 扶持 心 國 ， 且 若 是 其 固 也 。,，。，《》，。：行一不義殺一無罪而得天下仁者不為也擽然扶持心國且若是其固也。，。：，，，,0.0,0.2857142857142857,0.0,1.0,0.0
之所與為之者之人則舉義士也之所以為布陳於國家刑法者則舉義法也主之所極然帥群臣而首向之者則舉義志也,之 所 與 為 之 者 之 人 ， 則 舉 義 士 也 。 之所以 為 布 陳 於 國家 刑法 者 ， 則 舉 義 法 也 。 主 之 所 極 然 ， 帥 群 臣 而 首 向 之 者 ， 則 舉 義 志 也 。,   之              所與   為                       之               者之人  則  舉  義士也之所以為布陳於國家刑法者則舉義法也主之所極然帥群臣而首向之者則舉義志也 ,0.1923076923076923,0.0,0.1923076923076923,1.0,0.0
如是則下仰上以義矣是基定也,如 是 ， 則 下 仰 上 以 義 矣 ， 是 基 定 也 。,如 是 則 下 仰 上 以 義 矣  是 基 定 也 ,1.0,0.0,1.0,1.0,0.0
基定而國定國定而天下定故曰以國濟義一日而白湯武是也,基 定 而 國 定 ， 國 定 而 天下 定 。 故 曰 ： 以 國 濟 義 ， 一 日 而 白 ， 湯 、 武 是 也 。,，。，。：基定而國定國定而天下定故曰以國濟義一日而白湯武是也。，，《》。，。。,0.0,0.25,0.0,1.0,0.0
是所謂義立而王也,是 所 謂 義 立 而 王 也 。,是 所 謂 義 立 而 王 也,1.0,0.0,1.0,1.0,0.0
德雖未至也義雖未濟也然而天下之理略奏矣刑賞已諾信於天下矣臣下曉然皆知其可要也,德 雖 未 至 也 ， 義 雖 未 濟 也 ， 然而 天下 之 理 略 奏 矣 ， 刑賞 已 諾 信 於 天下 矣 ， 臣下 曉 然 皆 知 其 可 要 也 。,"德雖未至也義雖未濟也，。，""""""""。，。然，，、。：，。而天下之理略奏矣刑賞已諾信於天下矣臣下曉然皆知其可要也，。",0.0,0.25,0.0,1.0,0.0
政令已陳雖睹利敗不欺其民約結已定雖睹利敗不欺其與如是則兵勁城固敵國畏之國一綦明與國信之雖在僻陋之國威動天下五伯是也是所謂信立而霸也,政令 已 陳 ， 雖 睹 利 敗 ， 不 欺 其 民 ； 約結 已 定 ， 雖 睹 利 敗 ， 不 欺 其 與 ； 如 是 ， 則 兵 勁 城 固 ， 敵國 畏 之 ； 國 一 綦 明 ， 與 國 信 之 。 雖 在 僻 陋 之 國 ， 威 動 天下 ， 五 伯 是 也 。 是 所 謂 信 立 而 霸 也 。,政令 已   陳  雖  睹 利敗    不 欺 其 民  約 結 已 定  雖  睹 利敗    不 欺 其 與  如 是  則 兵勁   城 固  敵 國 畏 之  國 一  綦 明  與 國 信 之  雖 在 僻  陋 之 國  威 動 天下  五 伯  是 也是  ， 所謂信立而霸也 ,0.7719298245614035,0.0,0.7719298245614035,1.0,0.0
挈國以呼功利不務張其義齊其信唯利之求內則不憚詐其民而求小利焉外則不憚詐其與而求大利焉內不修正其所以有然常欲人之有如是則臣下百姓莫不以詐心待其上矣上詐其下下詐其上則是上下析也,挈 國 以 呼 功 利 ， 不 務 張 其 義 ， 齊 其 信 ， 唯 利 之 求 。 內 則 不 憚 詐 其 民 而 求 小 利 焉 ， 外 則 不 憚 詐 其 與 而 求 大 利 焉 。 內 不 修 正 其 所 以 有 ， 然 常 欲 人 之 有 ， 如 是 ， 則 臣 下 百姓 莫 不 以 詐 心 待 其 上 矣 。 上 詐 其 下 ， 下 詐 其 上 ， 則 是 上 下 析 也 。,挈 國 以 呼 功 利 不務   張 其 義 齊 其 信 唯 利 之 求 內 則 不 憚                                             詐   其民而求小利焉外           則不憚詐其與而求大利焉內不修正其所以有然常欲人之有如 是則臣  下百姓莫不以詐心待其上矣上詐其下下詐其上則是上下 析 也,0.40707964601769914,0.0,0.40707964601769914,1.0,0.0
如是則敵國輕之與國疑之權謀日行而國不免危削綦之而亡齊閔薛公是也,如 是 ， 則 敵國 輕 之 ， 與 國 疑 之 ， 權 謀 日 行 而 國 不 免 危 削 ， 綦 之 而 亡 ， 齊閔 、 薛公 是 也 。,如 是 則 敵 國 輕 之 與 國 疑 之 權 謀 日 行 而 國 不 免 危 削綦  之 而 亡 齊 閔 薛 公 是 也 。,0.793103448275862,0.25,0.793103448275862,1.0,0.1982758620689655
故用強齊非以修禮義也非以本政教也非以一天下也綿綿常以結引馳外為務,故 用 強 齊 ， 非 以 修 禮 義 也 ， 非 以 本 政 教 也 ， 非 以 一 天下 也 ， 綿綿 常 以 結 引 馳 外 為 務 。,故 用 強 齊  非 以 修 禮 義 也  非 以 本 政 教 也  非 以 一 天 下 也  綿 綿 常 以 結 引馳  外 為務  ,0.8000000000000002,0.0,0.8000000000000002,1.0,0.0
故強南足以破楚西足以詘秦北足以敗燕中足以舉宋及以燕趙起而攻之若振槁然而身死國亡為天下大戮後世言惡則必稽焉,故 強 ， 南 足 以 破 楚 ， 西 足 以 詘 秦 ， 北 足 以 敗 燕 ， 中 足 以 舉 宋 ， 及 以 燕 、 趙 起 而 攻 之 ， 若 振 槁 然 ， 而 身 死 國 亡 ， 為 天下 大 戮 ， 後世 言 惡 則 必 稽 焉 。,故 強 南 足 以 破 楚 西 足 以 詘 秦 北 足 以 敗 燕 中 足 以舉  宋 及 以 燕 趙 起 而 攻 之 若 振槁  然 而 身 死 國亡  為 天下 大 戮 後 世 言 惡 則 必 稽 焉,0.8775510204081632,0.0,0.8775510204081632,1.0,0.0
是無他故焉唯其不由禮義而由權謀也,是 無 他 故 焉 ， 唯 其 不 由 禮 義 而 由 權 謀 也 。,是 無 他 故 焉  唯 其 不 由禮  義 而 由 權謀  也 ,0.7999999999999999,0.0,0.7999999999999999,1.0,0.0
三者明主之所謹擇也仁人之所務白也,三 者 ， 明 主 之 所 謹 擇 也 ， 仁 人 之 所 務 白 也 。,三者明主之所謹擇也仁人之所務白也,0.0,0.0,0.0,1.0,0.0
善擇者制人不善擇者人制之,善 擇 者 制 人 ， 不 善 擇 者 人 制 之 。,善 擇 者 制 人  不 善 擇 者 人 制 之 ,1.0,0.0,1.0,1.0,0.0
樂毅聞晝邑人王蠋賢令軍中環晝邑三十里無入,樂毅 聞 晝邑 人 王蠋賢 ， 令 軍 中 環 晝邑 三十 里 無 入 。,，。，。：樂毅聞晝邑人王蠋賢令軍中環晝邑三十里無入。，。（）、,0.0,0.6666666666666666,0.0,1.0,0.0
使人請蠋蠋謝不往燕人曰不來吾且屠晝邑蠋曰忠臣不事二君烈女不更二夫,"使 人 請 蠋 ， 蠋 謝 不 往 。 燕人 曰 ： "" 不 來 ， 吾 且 屠 晝邑 ！ "" 蠋 曰 ： "" 忠 臣 不 事 二 君 ， 烈 女 不 更 二 夫 。",使人請蠋蠋謝不往燕人曰不來吾且屠晝邑。蠋曰忠臣不事二君烈女不更二夫。,0.0,0.2,0.0,1.0,0.0
國破君亡吾不能存而又欲劫之以兵吾與其不義而生不若死遂經其頸於樹枝自奮絕脰而死,"國 破 君 亡 ， 吾 不 能 存 ， 而 又 欲 劫 之 以 兵 ； 吾 與 其 不 義 而 生 ， 不 若 死 ！ "" 遂 經 其 頸 於 樹枝 ， 自 奮 絕 脰 而 死 。",國 破 君 亡 吾 不 能 存 而 又 欲 劫 之 以 兵 吾 與 其 不 義 而 生 不 若 死 遂 經 其 頸 於 樹 枝 自 奮 絕 脰 而 死,0.9599999999999999,0.0,0.9599999999999999,1.0,0.0
燕師乘勝長驅齊城皆望風奔潰樂毅修整燕軍禁止侵掠求齊之逸民顯而禮之寬其賦斂除其暴令修其舊政齊民喜悅乃遣左軍渡膠東東萊前軍循泰山以東至海略琅邪右軍循河濟屯阿鄄以連魏師後軍旁北海以撫千乘中軍據臨淄而鎮齊都祀桓公管仲於郊表賢者之閭封王蠋之墓,燕師 乘勝 長 驅 ， 齊 城 皆 望 風 奔 潰 。 樂毅 修 整 燕軍 ， 禁 止 侵 掠 ， 求 齊 之 逸 民 ， 顯 而 禮 之 ， 寬 其 賦斂 ， 除 其 暴 令 ， 修 其 舊 政 ， 齊民 喜悅 。 乃 遣 左軍 渡 膠東 、 東萊 ； 前軍 循 泰山 以 東 至 海 ， 略 琅邪 ； 右軍 循 河 、 濟 ， 屯 阿 、 鄄 以 連 魏師 ； 後軍 旁 北海 以 撫 千乘 ： 中軍 據 臨淄 而 鎮 齊都 。 祀 桓公 、 管仲 於 郊 ， 表 賢者 之 閭 ， 封 王蠋 之 墓 。,，。，，。，，，。，，。：燕師乘勝長驅齊城皆望風奔潰樂毅修整燕軍禁止侵掠求齊之逸民顯而禮之寬其賦斂除其暴令修其舊政齊民喜悅乃遣左軍渡膠東東萊前軍循泰山以東至海略琅邪右軍循河濟屯阿鄄以連魏師後軍旁北海以撫千乘中軍據臨淄而鎮齊都祀桓公管仲於郊表賢者之閭封王蠋之墓。，《》，,0.0,0.07999999999999999,0.0,1.0,0.0
齊人食邑於燕者二十餘君有爵位於薊者百有餘人,齊人 食邑 於 燕 者 二十 餘 君 ， 有 爵 位 於 薊 者 百 有 餘 人 。,齊人 食邑 於 燕 者   二十餘 君 有 爵位 於 薊 者 百 有 餘 人,0.823529411764706,0.0,0.823529411764706,1.0,0.0
六月之間下齊七十餘城皆為郡縣,六月 之 間 ， 下 齊 七十 餘 城 ， 皆 為 郡縣 。,，：六月之間下齊七十餘城皆為郡縣。，。。，，，。，,0.0,0.5,0.0,1.0,0.0
秦王魏王韓王會於京師,秦王 、 魏王 、 韓王 會 於 京師 。,"：，""秦王魏王韓王會於京師""。，。：- """"""""，（），",0.0,0.5,0.0,1.0,0.0
三十二年戊寅秦趙會於穰秦拔魏安城兵至大梁而還,三十二年 （ 戊寅 ） 秦 、 趙 會 於 穰 。 秦 拔 魏 安城 ， 兵 至 大梁 而 還 。,，。，。，，。，、，。，。：三十二年戊寅秦趙會於穰秦拔魏安城兵至大梁而還,0.0,0.0,0.0,1.0,0.0
齊淖齒之亂閔王子法章變姓名為莒太史敫家傭,齊淖齒 之 亂 ， 閔王 子 法章 變 姓名 為 莒 太史 敫家傭 。,齊淖齒之亂閔王子法章變姓名為莒太史敫家傭,0.0,0.0,0.0,1.0,0.0
太史敫女奇法章狀貌以為非常人憐而常竊衣食之因與私通王孫賈從閔王失王之處其母曰汝朝出而晚來則吾倚門而望汝暮出而不還則吾倚閭而望,"太史 敫女 奇 法章 狀 貌 ， 以為 非 常 人 ， 憐 而 常 竊 衣 食 之 ， 因 與 私 通 。 王孫賈 從 閔王 ， 失 王 之 處 ， 其 母 曰 ： "" 汝 朝 出 而 晚 來 ， 則 吾 倚 門 而 望 ； 汝 暮 出 而 不 還 ， 則 吾 倚 閭 而 望 。",太史敫    女  奇  法  章狀    貌  以  為  非  常  人  憐  而  常  竊  衣  食  之  因  與  私  通  王  孫  賈  從  閔  王  失  王  之  處  其  母  曰  汝  朝  出  而  晚  來則吾倚門而望汝暮出而不還則吾倚閭而望 ,0.6041666666666666,0.0,0.6041666666666666,1.0,0.0
汝今事王王走汝不知其處汝尚何歸焉王孫賈乃入市中呼曰淖齒亂齊國殺閔王欲與我誅之者袒右,"汝 今 事 王 ， 王 走 ， 汝 不 知 其 處 ， 汝 尚 何 歸 焉 ！ "" 王孫賈 乃 入 市 中 呼 曰 ： 淖齒 亂 齊國 ， 殺 閔王 。 欲 與 我 誅 之 者 袒 右 ！",汝 今 事 王  王 走  汝 不 知 其 處  汝 尚 何歸   焉  王 孫 賈 乃 入 市 中  呼 曰  淖 齒 亂 齊 國  殺 閔 王  欲 與 我 誅 之 者袒   右 ,0.7466666666666666,0.0,0.7466666666666666,1.0,0.0
市人從者四百人與攻淖齒殺之於是齊亡臣相與求閔王子欲立之法章懼其誅己久之乃敢自言遂立以為齊王保莒城以拒燕佈告國中曰王已立在莒矣,"市人 從 者 四百 人 ， 與 攻 淖齒 ， 殺 之 。 於是 齊 亡 臣 相 與 求 閔王 子 ， 欲 立 之 。 法章 懼 其 誅 己 ， 久 之 乃 敢 自 言 ， 遂 立 以 為 齊王 ， 保 莒城 以 拒 燕 ， 佈 告 國 中 曰 ： "" 王 已 立 在 莒 矣 ！ """,市人從者四百人與攻淖齒殺之。於是齊亡臣相與求閔王子欲立之，法章懼其誅己，久之乃敢自言，遂立以為齊王，保莒城以拒燕，佈告國中曰王已立在莒矣。,0.0,0.5555555555555556,0.0,1.0,0.0
趙王得楚和氏璧秦昭王欲之請易以十五城趙王欲勿與畏秦強欲與之恐見欺以問藺相如對曰秦以城求璧而王不許曲在我矣我與之璧而秦不與我城則曲在秦均之二策寧許以負秦,"趙王 得 楚 和氏璧 ， 秦昭王 欲 之 ， 請 易 以 十五 城 。 趙王 欲 勿 與 ， 畏 秦 強 ； 欲 與 之 ， 恐 見 欺 。 以 問 藺相如 ， 對 曰 ： "" 秦 以 城 求 璧 而 王 不 許 ， 曲 在 我 矣 。 我 與 之 璧 而 秦 不 與 我 城 ， 則 曲 在 秦 。 均 之 二 策 ， 寧 許 以 負 秦 。",，。，，。，，，，。，，。：趙王得楚和氏璧秦昭王欲之請易以十五城趙王欲勿與畏秦強欲與之恐見欺以問藺相如對曰秦以城求璧而王不許曲在我矣我與之璧而秦不與我城則曲在秦均之二策寧許以負秦,0.0,0.0,0.0,1.0,0.0
臣願奉璧而往使秦城不入臣請完璧而歸之趙王遣之相如至秦秦王無意償趙城相如乃以詐紿秦王復取璧遣從者懷之間行歸趙而以身待命於秦秦王以為賢而弗誅禮而歸之趙王以相如為上大夫,"臣 願 奉 璧 而 往 ； 使 秦城 不 入 ， 臣 請 完 璧 而 歸 之 ！ "" 趙王 遣 之 。 相如 至 秦 ， 秦王 無 意 償 趙城 。 相如 乃 以 詐 紿 秦王 ， 復 取 璧 ， 遣 從者 懷 之 ， 間 行 歸 趙 ， 而 以 身 待 命 於 秦 。 秦王 以 為 賢 而 弗 誅 ， 禮 而 歸 之 。 趙王 以 相如 為 上大夫 。",，。，，。，，，，。，，。：臣願奉璧而往使秦城不入臣請完璧而歸之趙王遣之相如至秦秦王無意償趙城相如乃以詐紿秦王復取璧遣從者懷之間行歸趙而以身待命於秦秦王以為賢而弗誅禮而歸之趙王以相如為上大夫。,0.0,0.13333333333333333,0.0,1.0,0.0
衛嗣君薨子懷君立嗣君好察微隱縣令有發褥而席弊者嗣君聞之乃賜之席令大驚以君為神又使人過關市賂之以金既而召關市問有客過與汝金汝回遣之關市大恐又愛洩姬重如耳而恐其因愛重以壅己也乃貴薄疑以敵如耳尊魏妃以偶洩姬曰以是相參也,"衛 嗣君 薨 ， 子 懷君 立 。 嗣君 好 察 微 隱 ， 縣令 有 發 褥 而 席 弊 者 ， 嗣君 聞 之 ， 乃 賜 之 席 。 令 大 驚 ， 以 君 為 神 。 又 使 人 過 關市 ， 賂 之 以 金 ， 既而 召 關市 ， 問 有 客 過 與 汝 金 ， 汝 回 遣 之 ； 關市 大 恐 。 又 愛 洩姬 ， 重 如耳 ， 而 恐 其 因 愛 重 以 壅 己 也 ， 乃 貴 薄疑 以 敵 如耳 ， 尊 魏妃 以 偶 洩姬 ， 曰 ： "" 以 是 相 參 也 。 """,衛嗣君 薨 子 懷君 立 嗣君 好 察微 隱縣 令 有 發褥 而 席 弊者 嗣君 聞 之 乃 賜 之 席 令 大驚  以 君 為 神 又 使 人 過關 市 賂 之 以 金 既 而 召關 市 問 有 客 過 與 汝 金 汝 回 遣 之關 市 大 恐 又 愛洩 姬 重 如耳 而 恐 其 因 愛 重 以 壅 己 也 乃 貴 薄疑 以 敵 如耳 尊 魏妃 以 偶洩 姬 曰以是相參也,0.7167630057803469,0.0,0.7167630057803469,1.0,0.0
荀子論之曰成侯嗣君聚斂計數之君也未及取民也子產取民者也未及為政也管仲為政者也未及修禮也故修禮者王為政者強取民者安聚斂者亡,荀子 論 之 曰 ： 成侯 、 嗣君 ， 聚 斂 計 數 之 君 也 ， 未 及 取 民 也 。 子產 ， 取 民 者 也 ， 未 及 為 政 也 。 管仲 ， 為 政 者 也 ， 未 及 修 禮 也 。 故 修 禮 者 王 ， 為 政 者 強 ， 取 民 者 安 ， 聚 斂 者 亡 。,荀子 論 之 曰  成侯 嗣君  聚斂 計數 之 君 也  未 及 取 民 也  子產 取 民 者 也  未 及為  政 也  管仲為  政 者 也  未 及 修 禮 也  故 修 禮 者 王為   政 者 強  取 民 者 安  聚 斂 者 亡 ,0.8571428571428572,0.0,0.8571428571428572,1.0,0.0
三十三年己卯秦伐趙拔兩城,三十三年 （ 己卯 ） 秦 伐 趙 ， 拔 兩 城 。,"：，""三十三年己卯秦伐趙拔兩城""。，、。：- """"，（），。- ",0.0,0.4,0.0,1.0,0.0
十四年庚辰秦伐趙拔石城,十四年 （ 庚辰 ） 秦 伐 趙 ， 拔 石城 。,"：，""十四年庚辰秦伐趙拔石城""。，、。：- """"，（），。",0.0,0.4,0.0,1.0,0.0
秦穰侯復為丞相,秦 穰侯 復 為 丞相 。,秦穰侯復為丞相，。，。，，。（）、（），,0.0,1.0,0.0,1.0,0.0
楚欲與齊韓共伐秦因欲圖周王使東周武公謂楚令尹昭子曰周不可圖也,"楚 欲 與 齊 、 韓 共 伐 秦 ， 因 欲 圖 周 。 王 使 東周 武公 謂 楚 令尹 昭子 曰 ： "" 周 不 可 圖 也 。 """,楚 欲 與 齊 韓 共伐  秦 因 欲 圖 周 王  使 東周 武公謂   楚 令尹 昭子 曰  周 不 可 圖 也 ,0.8799999999999999,0.0,0.8799999999999999,1.0,0.0
昭子曰乃圖周則無之雖然何不可圖武公曰西周之地絕長補短不過百里名為天下共主裂其地不足以肥國得其眾不足以勁兵雖然攻之者名為弒君然而猶有欲攻之者見祭器在焉故也,"昭子 曰 ： "" 乃 圖 周 ， 則 無 之 ； 雖 然 ， 何 不 可 圖 ？ "" 武公 曰 ： "" 西周 之 地 ， 絕 長 補 短 ， 不 過 百 里 。 名 為 天下 共 主 ， 裂 其 地 不 足 以 肥 國 ， 得 其 眾 不 足 以 勁 兵 。 雖 然 ， 攻 之 者 名 為 弒 君 。 然 而 猶 有 欲 攻 之 者 ， 見 祭器 在 焉 故 也 。",昭子 曰 乃 圖 周 則 無 之雖 然  何 不 可 圖 武公 曰 西周 之 地絕  長 補 短 不過 百里 名 為 天下 共 主 裂 其 地 不足以 肥 國 得 其 眾 不足以勁  兵雖 然  攻 之 者 名 為 弒 君 然而 猶 有 欲 攻 之 者 見 祭器 在 焉 故 也,0.7938931297709925,0.0,0.7938931297709925,1.0,0.0
夫虎肉臊而兵利身人猶攻之若使澤中之麋蒙虎之皮人之攻之也必萬倍矣,夫 虎 肉 臊 而 兵 利 身 ， 人 猶 攻 之 ； 若 使 澤 中 之 麋 蒙 虎 之 皮 ， 人 之 攻 之 也 必 萬 倍 矣 。,夫 虎  肉臊    而  兵  利  身  人  猶  攻  之  若  使澤    中  之  麋  蒙  虎  之  皮  人  之  攻  之  也  必  萬  倍  矣 ,0.9,0.0,0.9,1.0,0.0
裂楚之地足以肥國詘楚之名足以尊王,裂 楚 之 地 ， 足 以 肥 國 ， 詘 楚 之 名 ， 足 以 尊 王 。,"，。，。：""裂楚之地""，；""足以肥國詘""，；""楚之名足以尊王""，""""（），",0.0,0.28571428571428575,0.0,1.0,0.0
今子欲誅殘天下之共主居三代之傳器器南則兵至矣於是楚計輟不行,"今 子 欲 誅 殘 天下 之 共主 。 居 三 代 之 傳器 ， 器 南 ， 則 兵 至 矣 ！ "" 於是 楚 計 輟 不 行 。",，。，。，，。，（）、，-，。，。：今子欲誅殘天下之共主居三代之傳器器南則兵至矣於是楚計輟不行,0.0,0.0,0.0,1.0,0.0
三十五年辛巳秦白起敗趙軍斬首二萬取代光狼城,三十五年 （ 辛巳 ） 秦 白起 敗 趙軍 ， 斬 首 二萬 ， 取 代 光狼城 。,，。，。，，。，、，。，。：三十五年辛巳秦白起敗趙軍斬首二萬取代光狼城,0.0,0.0,0.0,1.0,0.0
又使司馬錯發隴西兵因蜀攻楚黔中拔之,又 使 司馬錯 發 隴西 兵 ， 因 蜀 攻 楚 黔中 ， 拔 之 。,又使司馬錯發隴西兵因蜀攻楚黔中拔之。,0.0,0.5,0.0,1.0,0.0
楚獻漢北及上庸地,楚 獻 漢北 及 上庸地 。,楚獻漢北及上庸地，。，。，，。，、，,0.0,1.0,0.0,1.0,0.0
三十六年壬午秦白起伐楚取鄢鄧西陵,三十六年 （ 壬午 ） 秦 白起 伐 楚 ， 取 鄢 、 鄧 、 西陵 。,，。，。：三十六年，壬午（），。秦，白起，，伐楚，取鄢鄧西陵,0.0,0.1818181818181818,0.0,1.0,0.0
秦王使使者告趙王願為好會於河外澠池,秦王 使 使者 告 趙王 ， 願 為 好 會 於 河外 澠池 。,"，。，。：""秦王""，，，。""使""，，，。""使者""，，，。""告趙王願為好會於河外澠池""，，",0.0,0.0,0.0,1.0,0.0
趙王欲毋行廉頗藺相如計曰王不行示趙弱且怯也趙王遂行相如從,"趙王 欲 毋 行 ， 廉頗 、 藺相如 計 曰 ： "" 王 不 行 ， 示 趙 弱 且 怯 也 。 "" 趙王 遂 行 ， 相如 從 。",，：趙王欲毋行廉頗藺相如計曰王不行示趙弱且怯也趙王遂行相如從。，。。，，，。，，，,0.0,0.25,0.0,1.0,0.0
廉頗送至境與王訣曰王行度道裡會遇之禮畢還不過三十日三十日不還則請立太子以絕秦望王許之,"廉頗 送 至 境 ， 與 王 訣 曰 ： "" 王 行 ， 度 道 裡 會 遇 之 禮 畢 ， 還 不 過 三十 日 ； 三十 日 不 還 ， 則 請 立 太子 以 絕 秦 望 。 "" 王 許 之 。",廉頗 送 至 境 與 王 訣 曰  王 行 度 道裡  會 遇 之禮畢還    不過 三 十 日  三 十 日 不 還 則 請 立 太 子 以絕  秦 望  王 許 之 ,0.684931506849315,0.0,0.684931506849315,1.0,0.0
會於澠池王與趙王飲酒酣秦王請趙王鼓瑟趙王鼓之藺相如復請秦王擊缶秦王不肯相如曰五步之內臣請得以頸血濺大王矣,"會 於 澠池 。 王 與 趙王 飲 ， 酒 酣 ， 秦王 請 趙王 鼓 瑟 ， 趙王 鼓 之 。 藺相如 復 請 秦王 擊 缶 ， 秦王 不 肯 。 相如 曰 ： "" 五 步 之 內 ， 臣 請 得 以 頸 血 濺 大王 矣 ！ """,會於澠池王與趙王飲酒酣秦王請趙王鼓瑟趙王鼓之藺相如復請秦王擊缶秦王不肯相如曰五步之內臣請得以頸血濺大王矣,0.0,0.0,0.0,1.0,0.0
左右欲刃相如相如張目叱之左右皆靡,左右 欲 刃 相如 ， 相如 張 目 叱 之 ， 左右 皆 靡 。,左右欲刃相，。，。，，。，如相如張目叱之左右皆靡、，，。,0.0,0.4,0.0,1.0,0.0
王不懌為一擊缶,王 不 懌 ， 為 一 擊 缶 。,王不懌為，一擊缶。，。，，。、。，,0.0,0.5,0.0,1.0,0.0
罷酒秦終不能有加於趙趙人亦盛為之備秦不敢動趙王歸國以藺相如為上卿位在廉頗之右,罷 酒 ， 秦 終 不 能 有 加 於 趙 ； 趙人 亦 盛 為 之 備 ， 秦 不 敢 動 。 趙王 歸 國 ， 以 藺相如 為 上卿 ， 位 在 廉頗 之 右 。,，。，。：罷酒秦終不能有加於趙趙人亦盛為之備秦不敢動趙王歸國以藺相如為上卿位在廉頗之右。，，，，。，，,0.0,0.25,0.0,1.0,0.0
廉頗曰我為趙將有攻城野戰之功,"廉頗 曰 ： "" 我 為 趙 將 ， 有 攻 城 野 戰 之 功 。",，。，。：廉頗曰我為趙將有攻城野戰之功。（）。，，,0.0,0.5,0.0,1.0,0.0
藺相如素賤人徒以口舌而位居我上吾羞不忍為之下宣言曰我見相如必辱之,"藺相如 素 賤人 ， 徒 以 口 舌 而 位 居 我 上 ， 吾 羞 ， 不 忍 為 之 下 ！ "" 宣 言 曰 。 "" 我 見 相如 ， 必 辱 之 ！ ""","，。，。：  ""藺相如素賤人徒以口舌而位居我上吾羞不忍為之下宣言曰我見相如必辱之""  ，（），。，",0.0,0.0,0.0,1.0,0.0
相如聞之不肯與會每朝常稱病不欲爭列,相如 聞 之 ， 不 肯 與 會 ； 每 朝 ， 常 稱 病 ， 不 欲 爭 列 。,相如 聞 之 不肯與會每朝常稱病不 欲 爭 列,0.5217391304347825,0.0,0.5217391304347825,1.0,0.0
出而望見輒引車避匿,出 而 望 見 ， 輒 引 車 避 匿 。,出 而 望見  輒 引 車 避 匿,0.823529411764706,0.0,0.823529411764706,1.0,0.0
其舍人皆以為恥相如曰子視廉將軍孰與秦王曰不若,"其 舍人 皆 以 為 恥 。 相如 曰 ： "" 子 視 廉將軍 孰 與 秦王 ？ "" 曰 ： "" 不 若 。 """,，。，。：其舍人皆以為恥相如曰子視廉將軍孰與秦王曰不若。（）（），。。，,0.0,0.33333333333333337,0.0,1.0,0.0
相如曰夫以秦王之威而相如廷叱之辱其群臣相如雖駑獨畏廉將軍哉顧吾念之強秦所以不敢加兵於趙者徒以吾兩人在也今兩虎共鬥其勢不俱生吾所以為此者先國家之急而後私讎也,"相如 曰 ： "" 夫 以 秦王 之 威 而 相如 廷 叱 之 ， 辱 其 群 臣 ； 相如 雖 駑 ， 獨 畏 廉將軍 哉 ！ 顧 吾 念 之 ， 強 秦 所 以 不 敢 加 兵 於 趙 者 ， 徒 以 吾 兩 人 在 也 。 今 兩 虎 共 鬥 ， 其 勢 不 俱 生 。 吾 所 以 為 此 者 ， 先 國家 之 急 而 後 私 讎 也 ！ """,相如 曰 夫  以 秦 王 之 威 而 相如 廷 叱 之 辱 其 群 臣  相如 雖 駑  獨 畏 廉 將軍 哉  顧 吾 念 之  強 秦 所 以 不 敢 加 兵 於 趙 者  徒 以 吾 兩 人 在 也  今 兩 虎 共鬥   其勢  不 俱 生  吾 所 以 為 此 者  先 國 家 之 急 而 後 私 讎 也 ,0.8936170212765958,0.0,0.8936170212765958,1.0,0.0
廉頗聞之肉袒負荊至門謝罪遂為刎頸之交,廉頗 聞 之 ， 肉 袒 負 荊 至 門 謝 罪 ， 遂 為 刎 頸 之 交 。,廉頗 聞 之 肉 袒 負 荊 至 門 謝 罪 遂為  刎 頸 之 交,0.9090909090909091,0.0,0.9090909090909091,1.0,0.0
初燕人攻安平臨淄市掾田單在安平使其宗人皆以鐵籠傅車轊,初 ， 燕人 攻 安平 ， 臨淄市 掾 田單 在 安平 ， 使 其 宗人 皆 以 鐵籠 傅 車轊 。,，。，。，，。，、，。，。：初燕人攻安平臨淄市掾田單在安平使其宗人皆以鐵籠傅車轊,0.0,0.0,0.0,1.0,0.0
及城潰人爭門而出皆以轊折車敗為燕所擒獨田單宗人以鐵籠得免遂奔即墨是時齊地皆屬燕獨莒即墨未下樂毅乃並右軍前軍以圍莒左軍後軍圍即墨即墨大夫出戰而死即墨人曰安平之戰田單宗人以鐵籠得全是多智習兵因共立以為將以拒燕,"及 城 潰 ， 人 爭 門 而 出 ， 皆 以 轊 折 車 敗 ， 為 燕 所 擒 ； 獨 田單 宗人 以 鐵籠 得 免 ， 遂 奔 即墨 。 是 時 齊地 皆 屬 燕 ， 獨 莒 、 即墨 未 下 ， 樂毅 乃 並 右軍 、 前軍 以 圍 莒 ， 左軍 、 後軍 圍 即墨 。 即墨 大夫 出 戰 而 死 。 即墨 人 曰 ： "" 安平 之 戰 ， 田單 宗人 以 鐵籠 得 全 ， 是 多 智 習 兵 。 "" 因 共 立 以 為 將 以 拒 燕 。",，。，，。：。，，；，，，。，，。：及城潰人爭門而出皆以轊折車敗為燕所擒獨田單宗人以鐵籠得免遂奔即墨是時齊地皆屬燕獨莒即墨未下樂毅乃並右軍前軍以圍莒左軍後軍圍即墨即墨大夫出戰而死即墨人曰安平之戰田單宗人以鐵籠得全是多智習兵因共立以為將以拒燕。,0.0,0.1,0.0,1.0,0.0
樂毅圍二邑期年不克乃令解圍各去城九里而為壘令曰城中民出者勿獲困者賑之使即舊業以鎮新民,"樂毅 圍 二 邑 ， 期年 不 克 ， 乃 令 解 圍 ， 各 去 城 九 里 而 為 壘 ， 令 曰 ： "" 城 中 民 出 者 勿 獲 ， 困 者 賑 之 ， 使 即 舊 業 以 鎮 新民 。 """,樂 毅  圍二  邑 期 年 不 克 乃 令 解圍  各 去 城 九 里 而為  壘 令 曰 城 中 民 出 者 勿 獲 困 者 賑 之 使 即舊業    以鎮  新 民,0.6666666666666666,0.0,0.6666666666666666,1.0,0.0
三年而猶未下或讒之於燕昭王曰樂毅智謀過人伐齊呼吸之間克七十餘城今不下者兩城耳非其力不能拔所以三年不攻者欲久仗兵威以服齊人南面而王耳今齊人已服所以未發者以其妻子在燕故也且齊多美女又將忘其妻子願王圖之昭王於是置酒大會引言者而讓之曰先王舉國以禮賢者非貪土地以遺子孫也,"三 年 而 猶 未 下 。 或 讒 之 於 燕昭王 曰 ： "" 樂毅 智 謀 過 人 ， 伐 齊 ， 呼 吸 之 間 克 七十 餘 城 ， 今 不 下 者 兩 城 耳 ， 非 其 力 不 能 拔 ， 所以 三 年 不 攻 者 ， 欲 久 仗 兵 威 以 服 齊人 ， 南 面 而 王 耳 。 今 齊人 已 服 ， 所以 未 發 者 ， 以 其 妻 子 在 燕 故 也 ， 且 齊 多 美女 ， 又 將 忘 其 妻 子 。 願 王 圖 之 ！ "" 昭王 於是 置 酒 大 會 ， 引 言 者 而 讓 之 曰 ： "" 先王 舉 國 以 禮 賢 者 ， 非 貪 土地 以 遺 子孫 也 。",三 年 而 猶 未 下 或讒  之 於 燕 昭王  曰 樂 毅 智 謀 過 人 伐齊  呼吸 之 間 克 七 十 餘 城 今 不 下者  兩 城 耳 非 其 力 不 能 拔 所以  三 年 不 攻者  欲 久 仗 兵 威以  服齊  人 南 面 而王  耳 今齊  人 已 服 所以  未 發者以   其 妻 子 在 燕 故 也 且齊  多 美 女 又 將 忘 其 妻 子願王   圖 之 昭王於   是 置 酒 大 會 引言者   而讓之曰先王舉國以禮賢者非貪土地以遺子孫也 ,0.6146341463414634,0.0,0.6146341463414634,1.0,0.0
遭所傳德薄不能堪命國人不順齊為無道乘孤國之亂以害先王,遭 所 傳 德 薄 ， 不 能 堪 命 ， 國人 不 順 。 齊 為 無 道 ， 乘 孤國 之 亂 以 害 先王 。,，：遭所傳德薄不能堪命國人不順齊為無道乘孤國之亂以害先王。，。。，，，。，，,0.0,0.33333333333333337,0.0,1.0,0.0
寡人統位痛之入骨故廣延群臣外招賓客以求報讎其有成功者尚欲與之同共燕國今樂君親為寡人破齊夷其宗廟報塞先仇齊國固樂君所有非燕之所得也樂君若能有齊與燕並為列國結歡同好以抗諸侯之難燕國之福寡人之願也,寡人 統 位 ， 痛 之 入 骨 ， 故 廣 延 群 臣 ， 外 招 賓客 ， 以 求 報 讎 ； 其 有 成 功 者 ， 尚 欲 與 之 同 共 燕國 。 今 樂君 親 為 寡人 破 齊 ， 夷 其 宗廟 ， 報 塞 先 仇 ， 齊國 固 樂君 所 有 ， 非 燕 之 所 得 也 。 樂君 若 能 有 齊 ， 與 燕 並 為 列 國 ， 結 歡 同 好 ， 以 抗 諸侯 之 難 ， 燕國 之 福 ， 寡人 之 願 也 。,寡人 統位 痛之 入骨 故廣  延 群臣 外 招賓 客 以 求報讎   其 有 成功 者 尚 欲 與 之 同共 燕 國 今樂  君 親 為 寡人 破 齊 夷 其 宗廟報  塞 先仇  齊 國 固樂  君 所有 非 燕 之 所得 也樂  君 若 能 有 齊 與 燕並  為 列 國 結歡  同 好 以 抗 諸侯 之 難 燕 國 之 福 寡人 之願也 ,0.5263157894736842,0.0,0.5263157894736842,1.0,0.0
汝何敢言若此乃斬之賜樂毅妻以後服賜其子以公子之服輅車乘馬後屬百兩遣國相奉而致之樂毅立樂毅為齊王,"汝 何 敢 言 若 此 ！ "" 乃 斬 之 。 賜 樂毅 妻 以 後 服 ， 賜 其 子 以 公子 之 服 ； 輅 車 乘 馬 ， 後 屬 百 兩 ， 遣 國相 奉 而 致 之 樂毅 ， 立 樂毅 為 齊王 。",汝 何 敢 言  若 此 乃 斬 之  賜 樂毅  妻  以 後 服  賜 其 子  以 公 子 之 服輅   車 乘 馬  後 屬 百 兩  遣 國 相 奉 而 致 之  樂毅  立  樂毅  為 齊 王 ,0.8571428571428572,0.0,0.8571428571428572,1.0,0.0
樂毅惶恐不受拜書以死自誓由是齊人服其義諸侯畏其信莫敢復有謀者,樂毅 惶 恐 不 受 ， 拜 書 ， 以 死 自 誓 。 由是 齊人 服 其 義 ， 諸侯 畏 其 信 ， 莫 敢 復 有 謀 者 。,"，。。：- ""樂毅惶恐""：，。，，。- ""不""：，""""，，。- ""受拜書以死自誓由是齊人服其義諸侯畏其信莫敢復有謀者""：",0.06896551724137931,0.0,0.0,1.0,0.0
頃之昭王薨惠王立,頃 之 ， 昭王 薨 ， 惠王 立 。,"：，""頃之昭王薨惠王立""。，。：- """"：（""""）- """"：",0.0,0.5,0.0,1.0,0.0
惠王自為太子時嘗不快於樂毅田單聞之乃縱反間於燕宣言曰齊王已死城之不拔者二耳樂毅與燕新王有隙畏誅而不敢歸以伐齊為名實欲連兵南面王齊,"惠王 自 為 太子 時 ， 嘗 不 快 於 樂毅 。 田單 聞 之 ， 乃 縱 反 間 於 燕 ， 宣言 曰 ： "" 齊王 已 死 ， 城 之 不 拔 者 二 耳 。 樂毅 與 燕 新 王 有 隙 ， 畏 誅 而 不 敢 歸 ， 以 伐 齊 為 名 ， 實 欲 連 兵 南 面 王 齊 。",惠王 自 為 太子 時 嘗 不 快 於 樂毅 田單 聞 之 乃縱  反 間 於 燕 宣言 曰 齊王 已 死 城 之 不 拔 者二  耳 樂毅 與 燕 新 王 有 隙 畏誅  而 不 敢歸  以 伐 齊 為 名 實 欲 連 兵 南 面 王 齊,0.8909090909090909,0.0,0.8909090909090909,1.0,0.0
齊人未附故且緩攻即墨以待其事齊人所懼唯恐他將之來即墨殘矣燕王固已疑樂毅得齊反間乃使騎劫代將而召樂毅,"齊人 未 附 ， 故 且 緩 攻 即墨 以 待 其 事 。 齊人 所 懼 ， 唯 恐 他 將 之 來 ， 即墨 殘 矣 。 "" 燕王 固 已 疑 樂毅 ， 得 齊 反 間 ， 乃 使 騎 劫 代 將 而 召 樂毅 。",齊人  未附  故  且緩    攻  即墨  以  待  其  事  齊人  所  懼  唯  恐  他  將  之  來  即墨  殘  矣  燕王  固  已  疑  樂毅  得  齊  反間  乃  使騎  劫  代  將  而召樂毅  ,0.7948717948717949,0.0,0.7948717948717949,1.0,0.0
樂毅知王不善代之遂奔趙燕將士由是憤惋不和,樂毅 知 王 不 善 代 之 ， 遂 奔 趙 。 燕 將士 由是 憤 惋 不 和 。,，。，。：樂毅知王不善代之遂奔趙燕將士由是憤惋不和。（）（），，。，,0.0,0.5,0.0,1.0,0.0
田單令城中人食必祭其先祖於庭飛鳥皆翔舞而下城中燕人怪之田單因宣言曰當有神師下教我有一卒曰臣可以為師乎因反走田單起引還坐東鄉師事之,"田單 令 城 中 人 食 ， 必 祭 其 先祖 於 庭 ， 飛 鳥 皆 翔 舞 而 下 城 中 。 燕人 怪 之 ， 田單 因 宣 言 曰 ： "" 當 有 神師 下 教 我 。 "" 有 一 卒 曰 ： "" 臣 可以 為 師 乎 ？ "" 因 反 走 。 田單 起 引 還 ， 坐 東鄉 ， 師 事 之 。",田單  令  城中  人  食  必  祭  其  先祖  於  庭  飛鳥  皆  翔舞  而  下  城中  燕人  怪  之  田單  因  宣言  曰  當  有  神師  下  教  我  有  一  卒  曰  臣  可以  為  師  乎  因  反  走  田單  起引還坐東鄉師事之  ,0.76,0.0,0.76,1.0,0.0
卒曰臣欺君田單曰子勿言也因師之每出約束必稱神師,"卒 曰 ： "" 臣 欺 君 。 "" 田單 曰 ： "" 子 勿 言 也 ！ "" 因 師 之 。 每 出 約束 ， 必 稱 神師 。",，。，。，，。，、，。，。：卒曰臣欺君田單曰子勿言也因師之每出約束必稱神師,0.0,0.0,0.0,1.0,0.0
乃宣言曰吾唯懼燕軍之劓所得齊卒置之前行即墨敗矣燕人聞之如其言城中見降者盡劓皆怒堅守唯恐見得,"乃 宣言 曰 ： "" 吾 唯 懼 燕軍 之 劓 所 得 齊 卒 ， 置 之 前 行 ， 即墨 敗 矣 ！ "" 燕人 聞 之 ， 如 其 言 。 城 中 見 降 者 盡 劓 ， 皆 怒 ， 堅 守 ， 唯 恐 見 得 。",乃 宣言 曰 吾 唯 懼 燕 軍 之劓  所 得 齊 卒 置 之 前 行 即墨   敗 矣 燕 人 聞 之 如 其言  城 中 見 降 者盡劓皆怒堅守唯恐見得   ， ,0.6666666666666666,0.0,0.6666666666666666,1.0,0.0
單又縱反間言吾懼燕人掘吾城外塚墓可為寒心,"單 又 縱 反 間 ， 言 "" 吾 懼 燕人 掘 吾 城 外 塚 墓 ， 可 為 寒 心 ！ """,單 又 縱 反 間 言 吾 懼 燕 人 掘 吾 城 外 塚 墓 可 為 寒 心 。,0.9230769230769231,0.0,0.9230769230769231,1.0,0.0
燕軍盡掘塚墓燒死人齊人從城上望見皆涕泣共欲出戰怒自十倍田單知士卒之可用乃身操版鍤與士卒分功妻妾編於行伍之間盡散飲食饗士令甲卒皆伏使老弱女子乘城遣使約降於燕燕軍皆呼萬歲田單又收民金得千鎰令即墨富豪遺燕將曰即降願無虜掠吾族家燕將大喜許之燕軍益懈田單乃收城中得牛千餘為絳繒衣畫以五采龍文束兵刃於其角而灌脂束葦於其尾燒其端鑿城數十穴夜縱牛壯士五千隨其後,"燕軍 盡 掘 塚 墓 ， 燒 死人 。 齊人 從 城 上 望 見 ， 皆 涕 泣 ， 共 欲 出 戰 ， 怒 自 十 倍 。 田單 知 士 卒 之 可 用 ， 乃 身 操 版 、 鍤 ， 與 士 卒 分 功 ； 妻 妾 編 於 行 伍 之 間 ， 盡 散 飲 食 饗 士 。 令 甲卒 皆 伏 ， 使 老 、 弱 、 女子 乘 城 ， 遣 使 約 降 於 燕 ； 燕軍 皆 呼 萬歲 。 田單 又 收 民 金 得 千 鎰 ， 令 即墨 富豪 遺 燕 將 ， 曰 ： "" 即 降 ， 願 無 虜 掠 吾 族家 ！ "" 燕 將 大 喜 ， 許 之 。 燕軍 益 懈 。 田單 乃 收 城 中 ， 得 牛 千 餘 ， 為 絳繒衣 ， 畫 以 五采龍文 ， 束 兵 刃 於 其 角 ， 而 灌 脂 束葦 於 其 尾 ， 燒 其 端 ， 鑿 城 數 十 穴 ， 夜 縱 牛 ， 壯士 五千 隨 其 後 。",燕 軍盡  掘 塚 墓燒  死 人 齊 人 從 城 上 望 見 皆 涕 泣 共 欲 出 戰 怒 自 十 倍 田 單 知 士 卒 之 可 用 乃 身 操 版 鍤 與 士 卒 分 功 妻妾  編 於 行 伍 之 間盡  散 飲 食 饗 士 令 甲 卒 皆 伏 使 老 弱 女 子 乘 城 遣 使 約 降 於燕燕   軍 皆 呼 萬歲  田 單 又 收 民 金 得 千 鎰 令 即墨富豪遺燕          將曰即降願無虜掠吾族家燕將 大 喜 許 之燕  軍 益 懈 田 單 乃 收 城 中 得 牛 千 餘 為 絳繒  衣 畫 以 五 采 龍 文 束 兵 刃 於其角而灌脂束葦於其尾燒其端鑿城數十穴夜縱牛壯士五千隨其後,0.6417910447761194,0.0,0.6417910447761194,1.0,0.0
牛尾熱怒而奔燕軍燕軍大驚視牛皆龍文所觸盡死傷而城中鼓噪從之老弱皆擊銅器為聲聲動天地燕軍大駭敗走齊人殺騎劫追亡逐北所過城邑皆叛燕復為齊田單兵日益多乘勝燕日敗亡走至河上而齊七十餘城皆復焉,牛 尾 熱 ， 怒 而 奔 燕軍 。 燕軍 大 驚 ， 視 牛 皆 龍文 ， 所 觸 盡 死 傷 。 而 城 中 鼓噪 從 之 ， 老 弱 皆 擊 銅器 為 聲 ， 聲 動 天地 。 燕軍 大 駭 ， 敗 走 。 齊人 殺 騎劫 ， 追 亡 逐 北 ， 所 過 城邑 皆 叛 燕 ， 復 為 齊 。 田單 兵 日 益 多 ， 乘 勝 ， 燕 日 敗 亡 ， 走 至 河 上 ， 而 齊 七十 餘 城 皆 復 焉 。,，。，。，。，，。：牛尾熱怒而奔燕軍燕軍大驚視牛皆龍文所觸盡死傷而城中鼓噪從之老弱皆擊銅器為聲聲動天地燕軍大駭敗走齊人殺騎劫追亡逐北所過城邑皆叛燕復為齊田單兵日益多乘勝燕日敗亡走至河上而齊七十餘城皆復焉。，、、,0.0,0.1,0.0,1.0,0.0
乃迎襄王於莒入臨淄封田單為安平君,乃 迎 襄王 於 莒 ， 入 臨淄 ， 封 田單 為 安平君 。,乃 迎 襄王 於 莒 入 臨淄 封 田單 為 安平君,1.0,0.0,1.0,1.0,0.0
齊王以太史敫之女為後生太子建太史敫曰女不取媒因自嫁非吾種也污吾世,"齊王 以 太史敫 之 女 為 後 ， 生 太子建 。 太史敫 曰 ： "" 女 不 取 媒 ， 因 自 嫁 ， 非 吾 種 也 ， 污 吾 世 ！ """,齊 王  以  太史敫  之  女  為  後  生  太子  建  太史敫  曰  女  不  取  媒  因  自  嫁  非  吾  種  也  污  吾  世  。,0.8846153846153846,0.0,0.8846153846153846,1.0,0.0
終身不見君王后君王后亦不以不見故失人子之禮,終身 不 見 君 王后 ， 君 王后 亦 不 以 不 見 故 失 人 子 之 禮 。,終身不見君王后君王后亦不以不見故失人子之禮。,0.0,0.6666666666666666,0.0,1.0,0.0
趙王封樂毅於觀津尊寵之以警動於燕齊燕惠王乃使人讓樂毅且謝之曰將軍過聽以與寡人有隙遂捐燕歸趙,"趙王 封 樂毅 於 觀津 ， 尊 寵 之 ， 以 警 動 於 燕 、 齊 。 燕惠王 乃 使 人 讓 樂毅 ， 且 謝 之 曰 ： "" 將軍 過 聽 ， 以 與 寡人 有 隙 ， 遂 捐 燕 歸 趙 。",趙王 封 樂毅 於 觀津  尊寵   之 以 警動 於 燕 齊  燕 惠王 乃 使 人 讓 樂毅  且 謝 之 曰  將軍 過聽   以 與 寡人 有 隙  遂 捐 燕歸  趙 ,0.7887323943661971,0.0,0.7887323943661971,1.0,0.0
將軍自為計則可矣而亦何以報先王之所以遇將軍之意乎樂毅報書曰昔伍子胥說聽於闔閭而吳遠跡至郢夫差弗是也賜之鴟夷而浮之江吳王不寤先論之可以立功故沈子胥而不悔子胥不蚤見主之不同量是以至於入江而不化,"將軍 自 為 計 則 可 矣 ， 而 亦 何 以 報 先王 之所以 遇 將軍 之 意 乎 ？ "" 樂毅 報 書 曰 ： "" 昔 伍子胥 說 聽 於 闔閭 而 吳 遠 跡 至 郢 ； 夫差 弗 是 也 ， 賜 之 鴟夷 而 浮 之 江 。 吳王 不 寤 先 論 之 可以 立 功 ， 故 沈子胥 而 不 悔 ； 子胥 不 蚤 見 主 之 不 同 量 ， 是以 至 於 入 江 而 不 化 。",將軍    自  為  計  則  可  矣  而  亦  何  以  報  先  王之    所  以  遇  將軍之      意  乎  、  樂  毅報  書  曰  ：  昔  伍  子胥    說聽    於闔    閭  而  吳  遠跡    至  郢  夫  差  弗  是  也  賜之    鴟  夷  而  浮之    江  吳  王  不寤先論之可以立功故沈子胥而不悔子胥不蚤見主之不同量是以至於入江而不化 ,0.4285714285714286,0.16666666666666669,0.4285714285714286,1.0,0.07142857142857144
夫免身立功以明先王之跡臣之上計也,夫 免 身 立 功 以 明 先王 之 跡 ， 臣 之 上 計 也 。,夫 免 身 立 功  以 明 先 王 之跡   臣 之 上 計 也 ,0.8000000000000002,0.0,0.8000000000000002,1.0,0.0
離毀辱之誹謗墮先王之名臣之所大恐也,離 毀 辱 之 誹 謗 ， 墮 先王 之 名 ， 臣 之 所 大 恐 也 。,，。，。：- 離毀：，，。- 辱：，。- 之誹謗墮先王之名臣之所大恐也：，,0.10526315789473684,0.0,0.0,1.0,0.0
臨不測之罪以幸為利義之所不敢出也,臨 不 測 之 罪 ， 以 幸 為 利 ， 義 之 所 不 敢 出 也 。,臨不測之罪以幸為利義之所不敢出也,0.0,0.0,0.0,1.0,0.0
臣聞古之君子交絕不出惡聲忠臣去國不潔其名臣雖不佞數奉教於君子矣,臣 聞 古 之 君子 ， 交 絕 不 出 惡 聲 ， 忠 臣 去 國 ， 不 潔 其 名 。 臣 雖 不 佞 ， 數 奉 教 於 君子 矣 。,，：臣聞古之君子交絕不出惡聲忠臣去國不潔其名臣雖不佞數奉教於君子矣。，。。，，，。，，。，,0.0,0.2857142857142857,0.0,1.0,0.0
唯君王之留意焉於是燕王復以樂毅子閒為昌國君而樂毅往來復通燕卒於趙號曰望諸君,"唯 君王 之 留意 焉 ！ "" 於是 燕王 復 以 樂毅 子 閒 為 昌國君 ， 而 樂毅 往 來 復 通 燕 ， 卒 於 趙 ， 號 曰 望諸君 。",，：唯君王之留意焉於是燕王復以樂毅子閒為昌國君而樂毅往來復通燕卒於趙號曰望諸君。，。。，，，。，，,0.0,0.33333333333333337,0.0,1.0,0.0
田單相齊過淄水有老人涉淄而寒出水不能行田單解其裘而衣之襄王惡之曰田單之施於人將以取我國乎不早圖恐後之變也左右顧無人巖下有貫珠者襄王呼而問之曰汝聞吾言乎對曰聞之王曰汝以為何如對曰王不如因以為己善王嘉單之善下令曰寡人憂民之饑也單收而食之寡人憂民之寒也單解裘而衣之寡人憂勞百姓而單亦憂稱寡人之意單有是善而王嘉之單之善亦王之善也王曰善乃賜單牛酒後數日貫珠者復見王曰王朝日宜召田單而揖之於庭口勞之,"田單 相 齊 ， 過 淄水 ， 有 老人 涉 淄 而 寒 ， 出 水 不 能 行 。 田單 解 其 裘 而 衣 之 。 襄王 惡 之 ， 曰 ： "" 田單 之 施 於 人 ， 將 以 取 我 國 乎 ！ 不 早 圖 ， 恐 後 之 變 也 。 "" 左右 顧 無 人 ， 巖 下 有 貫 珠 者 ， 襄王 呼 而 問 之 曰 ： "" 汝 聞 吾 言 乎 ？ "" 對 曰 ： "" 聞 之 。 "" 王 曰 ： "" 汝 以 為 何如 ？ "" 對 曰 ： "" 王 不 如 因 以 為 己 善 。 王 嘉 單 之 善 ， 下 令 曰 ： 『 寡人 憂 民 之 饑 也 ， 單 收 而 食 之 。 寡人 憂 民 之 寒 也 ， 單 解 裘 而 衣 之 。 寡人 憂勞 百姓 ， 而 單 亦 憂 ， 稱 寡人 之 意 』 單 有 是 善 而 王 嘉 之 ， 單 之 善 亦 王 之 善 也 ！ "" 王 曰 ： "" 善 。 "" 乃 賜 單 牛 酒 。 後 數 日 ， 貫 珠 者 復 見 王 曰 ： "" 王 朝 日 宜 召 田單 而 揖 之 於 庭 ， 口 勞 之 。",田單 相 齊  過淄 水  有 老人  涉淄而    寒  出 水  不 能 行  田單 解 其 裘而   衣之   襄王 惡之曰     田單之  施 於人   將 以 取 我 國    乎  不 早 圖  恐 後之  變  也  左右 顧 無人巖    下 有 貫 珠 者  襄王 呼而  問之曰     汝 聞 吾 言  乎  對曰   聞之王曰      汝 以 為 何 如  對曰王    不 如 因 以 為 己 善王   嘉單之   善  下令曰   寡人 憂 民之  饑  也單   收而  食之   寡人 憂 民之  寒  也單   解 裘而  衣之   寡人 憂勞  百姓而單    亦 憂稱   寡人之意單有是善而王嘉之單之善亦王之善也王曰善乃賜單牛酒後數日貫珠者復見王曰王朝日宜召田單而揖之於庭口勞之,0.45353159851301117,0.0,0.45353159851301117,1.0,0.0
乃布令求百姓之饑寒者收谷之,"乃 布 令 求 百姓 之 饑 寒 者 ， 收 谷 之 。 """,乃 布 令  求 百姓  之 饑寒  者 收  谷  之 ,0.8695652173913043,0.0,0.8695652173913043,1.0,0.0
乃使人聽於閭裡聞大夫之相與語者曰田單之愛人嗟乃王之教也,"乃 使 人 聽 於 閭裡 ， 聞 大夫 之 相 與 語 者 曰 ： "" 田單 之 愛 人 ， 嗟 ， 乃 王 之 教 也 ！ """,，。，。，，。，、，。，。：乃使人聽於閭裡聞大夫之相與語者曰田單之愛人嗟乃王之教也,0.0,0.0,0.0,1.0,0.0
田單任貂勃於王,田單 任 貂勃 於 王 。,田單，任貂勃於王。，。，，。，、，,0.0,0.6666666666666666,0.0,1.0,0.0
王有所幸臣九人欲傷安平君相與語於王曰燕之伐齊之時楚王使將軍將萬人而佐齊,"王 有 所 幸 臣 九 人 ， 欲 傷 安平君 ， 相 與 語 於 王 曰 ： "" 燕 之 伐 齊 之 時 ， 楚王 使 將軍 將 萬 人 而 佐 齊 。",，。，。：王有所幸臣九人欲傷安平君相與語於王曰燕之伐齊之時楚王使將軍將萬人而佐齊。，（）（），（），，，,0.0,0.33333333333333337,0.0,1.0,0.0
今國已定而社稷已安矣何不使使者謝於楚王王曰左右孰可九人之屬曰貂勃可貂勃使楚楚王受而觴之數月不反,"今 國 已 定 而 社稷 已 安 矣 ， 何 不 使 使者 謝 於 楚王 ？ "" 王 曰 ： "" 左 右 孰 可 ？ "" 九 人 之 屬 曰 ： "" 貂勃 可 。 "" 貂勃 使 楚 ， 楚王 受 而 觴 之 ， 數 月 不 反 。",今 國 已 定 而 社 稷 已 安 矣 何 不 使 使 者 謝 於 楚 王  王 曰  左 右 孰 可  九 人 之 屬  曰  貂 勃 可貂   勃 使 楚  楚 王 受 而觴  之  數 月 不 反 ,0.7441860465116279,0.0,0.7441860465116279,1.0,0.0
九人之屬相與語曰夫一人之身而牽留萬乘者豈不以據勢也哉,"九 人 之 屬 相 與 語 曰 ： "" 夫 一 人 之 身 而 牽 留 萬 乘 者 ， 豈 不 以 據 勢 也 哉 ！",，：九人之屬相與語曰夫一人之身而牽留萬乘者豈不以據勢也哉。，。。，，，，，。,0.0,0.0,0.0,1.0,0.0
且安平君之與王也君臣無異而上下無別,且 安平君 之 與 王 也 ， 君 臣 無 異 而 上 下 無 別 。,且 安平君 之 與 王 也 君 臣 無 異 而 上 下 無 別,1.0,0.0,1.0,1.0,0.0
且其志欲為不善內撫百姓外懷戎翟禮天下之賢士其志欲有為願王察之異日王曰召相單而來,"且 其 志 欲 為 不 善 ， 內 撫 百姓 ， 外 懷 戎翟 ， 禮 天下 之 賢 士 ， 其 志 欲 有 為 ， 願 王 察 之 ！ "" 異 日 ， 王 曰 ： "" 召 相 單 而 來 ！ """,且 其 志 欲 為 不 善 內撫  百姓 外懷  戎翟禮  天下 之賢 士 其 志 欲 有 為願  王 察 之 異 日 王 曰 召 相單  而 來,0.7272727272727272,0.0,0.7272727272727272,1.0,0.0
田單免冠徒跣肉袒而進退而請死罪五日而王曰子無罪於寡人子為子之臣禮吾為吾之王禮而已矣貂勃從楚來王賜之酒酒酣王曰召相單而來貂勃避席稽首曰王上者孰與周文王王曰吾不若也貂勃曰然臣固知王不若也下者孰與齊桓公王曰吾不若也貂勃曰然臣固知王不若也然則周文王得呂尚以為太公齊桓公得管夷吾以為仲父今王得安平君而獨曰單安得此亡國之言乎且自天地之辟民人之始為人臣之功者誰有厚於安平君者哉王不能守王之社稷燕人興師而襲齊王走而之城陽之山中安平君以惴惴即墨三里之城五里之郭敝卒七千人禽其司馬而反千里之齊安平君之功也,"田單 免 冠 、 徒 跣 、 肉 袒 而 進 ， 退 而 請 死罪 ， 五 日 而 王 曰 ： "" 子 無 罪 於 寡人 ， 子 為 子 之 臣 禮 ， 吾 為 吾 之 王 禮 而 已 矣 。 "" 貂勃 從 楚 來 ， 王 賜 之 酒 。 酒 酣 ， 王 曰 ： "" 召 相單 而 來 ！ "" 貂勃 避 席 稽首 曰 ： "" 王 上 者 孰 與 周文王 ？ "" 王 曰 ： "" 吾 不 若 也 。 "" 貂勃 曰 ： "" 然 ， 臣 固 知 王 不 若 也 。 下 者 孰 與 齊桓公 ？ "" 王 曰 ： "" 吾 不 若 也 。 "" 貂勃 曰 ： "" 然 ， 臣 固 知 王 不 若 也 。 然 則 周文王 得 呂尚 以 為 太公 ， 齊桓公 得 管夷吾 以 為 仲父 ， 今 王 得 安平君 而 獨 曰 『 單 』 ， 安 得 此 亡 國 之 言 乎 ！ 且 自 天地 之 辟 ， 民人 之 始 ， 為 人臣 之 功 者 ， 誰 有 厚 於 安平君 者 哉 ？ 王 不 能 守 王 之 社稷 ， 燕人 興 師 而 襲 齊 ， 王 走 而 之 城陽 之 山 中 ， 安平君 以 惴惴 即墨 三 里 之 城 ， 五 里 之 郭 ， 敝卒 七千 人 ， 禽 其 司馬 而 反 千 里 之 齊 ， 安平君 之 功 也 。",，。，，。，，，。，，。：田單免冠徒跣肉袒而進退而請死罪五日而王曰子無罪於寡人子為子之臣禮吾為吾之王禮而已矣貂勃從楚來王賜之酒酒酣王曰召相單而來貂勃避席稽首曰王上者孰與周文王王曰吾不若也貂勃曰然臣固知王不若也下者孰與齊桓公王曰吾不若也貂勃曰然臣固知王不若也然則周文王得呂尚以為太公齊桓公得管夷吾以為仲父今王得安平君而獨曰單安得此亡國之言乎且自天地之辟民人之始為人臣之功者誰有厚於安平君者哉王不能守王之社稷燕人興師而襲齊王走而之城陽之山中安平君以惴惴即墨三里之城五里之郭敝卒七千人禽其司馬而反千里之齊安平君之功也。，、，。，。，，，。，，，，，,0.0,0.04545454545454545,0.0,1.0,0.0
當是之時捨城陽而自王天下莫之能止然而計之於道歸之於義以為不可故棧道木閣而迎王與後於城陽山中王乃得反子臨百姓今國已定民已安矣王乃曰單嬰兒之計不為此也王亟殺此九子者以謝安平君不然國其危矣乃殺九子而逐其家益封安平君以夜邑萬戶,"當 是 之 時 ， 捨 城陽 而 自 王 ， 天下 莫 之 能 止 ， 然 而 計 之 於 道 ， 歸 之 於 義 ， 以 為 不 可 ， 故 棧道 木閣 而 迎 王 與 後 於 城陽 山 中 ， 王 乃 得 反 ， 子 臨 百姓 ， 今 國 已 定 ， 民 已 安 矣 ， 王 乃 曰 『 單 』 ， 嬰兒 之 計 不 為 此 也 。 王 亟 殺 此 九 子 者 以 謝 安平君 ； 不 然 ， 國 其 危 矣 ！ "" 乃 殺 九 子 而 逐 其 家 ， 益 封 安平君 以 夜邑 萬 戶 。",，。，，。：。，，；，，。，，。：當是之時捨城陽而自王天下莫之能止然而計之於道歸之於義以為不可故棧道木閣而迎王與後於城陽山中王乃得反子臨百姓今國已定民已安矣王乃曰單嬰兒之計不為此也王亟殺此九子者以謝安平君不然國其危矣乃殺九子而逐其家益封安平君以夜邑萬戶。，,0.0,0.1,0.0,1.0,0.0
田單將攻狄往見魯仲連,田單 將 攻 狄 ， 往 見 魯仲連 。,"：，""田單將攻狄往見魯仲連""。，。，。：- """" （），。- """,0.0,0.6666666666666666,0.0,1.0,0.0
魯仲連曰將軍攻狄不能下也田單曰臣以即墨破亡余卒破萬乘之燕復齊之墟今攻狄而不下何也上車弗謝而去遂攻狄三月不克齊小兒謠曰大冠若箕修劍拄頤攻狄不能下壘枯骨成丘田單乃懼問魯仲連曰先生謂單不能下狄請聞其說魯仲連曰將軍之在即墨坐則織蕢立則仗鍤為士卒倡曰無可往矣宗廟亡矣今日尚矣歸於何黨矣當此之時將軍有死之心士卒無生之氣聞君言莫不揮泣奮臂而欲戰此所以破燕也當今將軍東有夜邑之奉西有淄上之娛黃金橫帶而騁乎淄澠之間有生之樂無死之心所以不勝也,"魯仲連 曰 ： "" 將軍 攻 狄 ， 不 能 下 也 。 "" 田單 曰 ： "" 臣 以 即墨 破亡 余 卒 破 萬 乘 之 燕 ， 復 齊 之 墟 ， 今 攻 狄 而 不 下 ， 何 也 ？ "" 上 車 弗 謝 而 去 ， 遂 攻 狄 。 三月 不 克 。 齊 小兒 謠 曰 ： "" 大 冠 若 箕 ， 修 劍 拄 頤 ， 攻 狄 不 能 下 ， 壘 枯 骨 成 丘 。 "" 田單 乃 懼 。 問 魯仲連 曰 ： "" 先生 謂 單 不 能 下 狄 ， 請 聞 其 說 。 "" 魯仲連 曰 ： "" 將軍 之 在 即墨 ， 坐 則 織 蕢 ， 立 則 仗 鍤 ， 為 士卒 倡 曰 ： 『 無 可 往 矣 ！ 宗廟 亡 矣 ！ 今日 尚 矣 ！ 歸 於 何 黨 矣 ！ 』 當 此 之 時 ， 將軍 有 死 之 心 ， 士卒 無 生 之 氣 ， 聞 君 言 莫 不 揮 泣 奮 臂 而 欲 戰 ， 此 所以 破 燕 也 。 當今 將軍 東 有 夜邑 之 奉 ， 西 有 淄 上 之 娛 ， 黃金 橫 帶 而 騁 乎 淄 、 澠 之 間 ， 有 生 之 樂 ， 無 死 之 心 ， 所以 不 勝 也 。 ""","，。，，。，。，( ) , - : 、 。 〈 〉 《 》 「 」 『 』 〔 〕 ！ （ ） ， ． ： ； ？，。，，。：魯仲連曰將軍攻狄不能下也田單曰臣以即墨破亡余卒破萬乘之燕復齊之墟今攻狄而不下何也上車弗謝而去遂攻狄三月不克齊小兒謠曰大冠若箕修劍拄頤攻狄不能下壘枯骨成丘田單乃懼問魯仲連曰先生謂單不能下狄請聞其說魯仲連曰將軍之在即墨坐則織蕢立則仗鍤為士卒倡曰無可往矣宗廟亡矣今日尚矣歸於何黨矣當此之時將軍有死之心士卒無生之氣聞君言莫不揮泣奮臂而欲戰此所以破燕也當今將軍東有夜邑之奉西有淄上之娛黃金橫帶而騁乎淄澠之間有生之樂無死之心所以不勝也。，。，，",0.0,0.047619047619047616,0.0,1.0,0.0
田單曰單之有心先生志之矣,"田單 曰 ： "" 單 之 有 心 ， 先生 志 之 矣 。 """,，：田單曰單之有心先生志之矣。，。。，。，。，，,0.0,0.5,0.0,1.0,0.0
明日乃厲氣循城立於矢石之所援枹鼓之狄人乃下,明日 ， 乃 厲 氣 循 城 ， 立 於 矢石 之 所 ， 援 枹 鼓 之 ； 狄人 乃 下 。,明 日  乃  厲 氣  循  城  立  於  矢 石  之 所  援枹   鼓  之  狄 人  乃  下 ,0.6842105263157895,0.0,0.6842105263157895,1.0,0.0
初齊閔王既滅宋欲去孟嘗君,初 ， 齊閔王 既 滅 宋 ， 欲 去 孟嘗君 。,初 齊閔王 既滅  宋 欲 去 孟嘗君,0.7999999999999999,0.0,0.7999999999999999,1.0,0.0
孟嘗君奔魏魏昭王以為相與諸侯共伐破齊閔王死襄王復國而孟嘗君中立為諸侯無所屬襄王新立畏孟嘗君與之連和孟嘗君卒諸子爭立而齊魏共滅薛孟嘗君絕嗣,孟嘗君 奔 魏 ， 魏昭王 以 為 相 ， 與 諸侯 共 伐 破 齊 。 閔王 死 ， 襄王 復 國 ， 而 孟嘗君 中 立 為 諸侯 ， 無 所 屬 。 襄王 新 立 ， 畏 孟嘗君 ， 與 之 連和 。 孟嘗君 卒 ， 諸子 爭 立 ， 而 齊 、 魏 共 滅 薛 ， 孟嘗君 絕 嗣 。,孟嘗君 奔 魏  魏 昭王 以 為 相  與 諸侯 共伐    破 齊  閔王 死  襄王 復 國  而 孟嘗君 中 立  為 諸侯 無 所 屬  襄王 新 立  畏 孟嘗君  與 之 連 和  孟嘗君 卒  諸子 爭 立  而 齊  魏 共滅   薛  孟嘗君絕嗣,0.8333333333333334,0.0,0.8333333333333334,1.0,0.0
三十七年癸未秦大良造白起伐楚拔郢燒夷陵楚襄王兵散遂不復戰東北徙都於陳,三十七年 （ 癸未 ） 秦 大良 造 白起 伐 楚 ， 拔 郢 ， 燒 夷陵 。 楚襄王 兵 散 ， 遂 不 復 戰 ， 東北 徙 都 於 陳 。,，：三十七年癸未秦大良造白起伐楚拔郢燒夷陵楚襄王兵散遂不復戰東北徙都於陳。，。。，，。，，，,0.0,0.2222222222222222,0.0,1.0,0.0
秦以郢為南郡封白起為武安君,秦 以 郢 為 南郡 ， 封 白起 為 武安君 。,"，。，。：- ""秦""，（），以郢為南郡封白起為武安君。- """"，""""""""，""",0.0,0.5,0.0,1.0,0.0
三十八年甲申秦武安君定巫黔中初置黔中郡,三十八年 （ 甲申 ） 秦 武安君 定 巫 、 黔中 ， 初 置 黔中郡 。,，。，。：- 三十八年，，。- 甲申秦武安君，，，定巫黔中初置黔中郡（）。,0.16666666666666669,0.25,0.0,1.0,0.04166666666666667
魏昭王薨子安厘王立,魏昭王 薨 ， 子 安厘王 立 。,"：，""魏昭王薨子安厘王立""。，。。""""（），。""",0.0,0.6666666666666666,0.0,1.0,0.0
三十九年乙酉秦武安君伐魏拔兩城,三十九年 （ 乙酉 ） 秦 武安君 伐 魏 ， 拔 兩 城 。,"：，""三十九年乙酉秦武安君伐魏拔兩城""。，、。。- ："""" ，，，",0.0,0.4,0.0,1.0,0.0
楚王收東地兵得十餘萬復西取江南十五邑,楚王 收 東 地 兵 ， 得 十餘萬 ， 復 西 取 江南 十五 邑 。,"，。，。：- ""楚王""，（），。- ""收""，""""""""，。- ""東地兵得十餘萬復西取江南十五邑""，",0.25,0.0,0.0,1.0,0.0
安厘王封其弟無忌為信陵君,安厘王 封 其 弟 無忌 為 信陵君 。,，：安厘王封其弟無忌為信陵君。，。。，。，。：- ,0.0,1.0,0.0,1.0,0.0
四十年丙戌秦相國穰侯伐魏韓暴鳶救魏穰侯大破之斬首四萬暴鳶走開封,四十年 （ 丙戌 ） 秦 相國 穰侯 伐 魏 。 韓暴鳶 救 魏 ， 穰侯 大 破 之 ， 斬 首 四萬 。 暴鳶 走 開封 。,四十年丙戌秦相國穰侯伐魏韓暴鳶救魏穰侯大破之斬首四萬暴鳶走開封。,0.0,0.25,0.0,1.0,0.0
魏納八城以和穰侯復伐魏走芒卯入北宅,魏 納 八 城 以 和 。 穰侯 復 伐 魏 ， 走 芒卯 ， 入 北宅 。,"，。，。：- 魏納八城，（""""）。  - 以和穰侯復伐魏走芒卯入北宅，，",0.0,0.0,0.0,1.0,0.0
魏人割溫以和,魏人 割 溫 以 和 。,魏人割溫以，。和，。，，。，、，,0.0,0.6666666666666666,0.0,1.0,0.0
四十一年丁亥魏復與齊合從秦穰侯伐魏拔四城斬首四萬,四十一年 （ 丁亥 ） 魏 復 與 齊 合從 。 秦穰侯 伐 魏 ， 拔 四 城 ， 斬 首 四萬 。,四十一年 丁亥 魏 復 與 齊 合 從 秦 穰侯 伐 魏 拔 四 城 斬 首 四 萬,0.742857142857143,0.0,0.742857142857143,1.0,0.0
魯閔公薨子頃公讎立,魯 閔公 薨 ， 子 頃公讎 立 。,"，。，。：- ""魯閔公薨子頃""，""""，""公讎立""。，",0.0,0.5,0.0,1.0,0.0
四十二年戊子趙人魏人伐韓華陽,四十二年 （ 戊子 ） 趙人 、 魏人 伐 韓 華陽 。,，：四十二年戊子趙人魏人伐韓華陽。，。。，，。，,0.0,0.4,0.0,1.0,0.0
韓人告急於秦秦王弗救韓相國謂陳筮曰事急矣願公雖病為一宿之行陳筮如秦見穰侯穰侯曰事急乎故使公來陳筮曰未急也穰侯怒曰何也陳筮曰彼韓急則將變而他從以未急故復來耳,"韓人 告急 於 秦 ， 秦王 弗 救 。 韓 相國 謂 陳筮 曰 ： "" 事 急 矣 ， 願 公 雖 病 ， 為 一 宿 之 行 ！ "" 陳筮 如 秦 ， 見 穰侯 。 穰侯 曰 ： "" 事 急 乎 ？ 故 使 公 來 。 "" 陳筮 曰 ： "" 未 急 也 。 "" 穰侯 怒 曰 ： "" 何 也 ？ "" 陳筮 曰 ： "" 彼 韓 急 則 將 變 而 他 從 ； 以 未 急 ， 故 復 來 耳 。 """,韓人 告急 於 秦  秦王 弗 救  韓 相國 謂 陳筮 曰  事 急 矣願   公 雖 病為  一 宿 之 行  陳筮 如 秦 見 穰侯  穰侯 曰  事 急 乎  故 使 公 來  陳筮 曰  未 急 也  穰侯 怒 曰  何 也  陳筮 曰  彼 韓 急 則 將 變 而 他 從  以 未 急 故 復 來 耳 ,0.9538461538461539,0.0,0.9538461538461539,1.0,0.0
穰侯曰請發兵矣乃與武安君及客卿胡陽救韓八日而至敗魏軍於華陽之下走芒卯虜三將斬首十三萬武安君又與趙將賈偃戰沈其卒二萬人於河,"穰侯 曰 ： "" 請 發 兵 矣 。 "" 乃 與 武安君 及 客卿 胡陽 救 韓 ， 八 日 而 至 ， 敗 魏 軍 於 華陽 之 下 ， 走 芒卯 ， 虜 三 將 ， 斬 首 十三萬 。 武安君 又 與 趙 將 賈偃 戰 ， 沈 其 卒 二萬 人 於 河 。",，。。，。。：穰侯曰請發兵矣乃與武安君及客卿胡陽救韓八日而至敗魏軍於華陽之下走芒卯虜三將斬首十三萬。，，。，。，、、、。，。，武安君又與趙將賈偃戰沈其卒二萬人於河，，,0.0,0.16666666666666669,0.0,1.0,0.0
魏段干子請割南陽予秦以和,魏 段干子 請 割 南陽 予 秦 以 和 。,"：，""魏段干子請割南陽予秦以和""。，。。""""，，。""""",0.0,1.0,0.0,1.0,0.0
蘇代謂魏王曰欲璽者段干子也欲地者秦也今王使欲地者制璽欲璽者制地魏地盡矣,"蘇代 謂 魏王 曰 ： "" 欲 璽 者 ， 段干子 也 ， 欲 地 者 ， 秦 也 。 今 王 使 欲 地 者 制 璽 ， 欲 璽 者 制 地 ， 魏 地 盡 矣 ！",蘇代 謂 魏王 曰 欲 璽 者 段干子 也 欲 地 者 秦 也 今 王 使 欲 地 者 制 璽 欲 璽 者 制 地 魏 地盡  矣,0.9508196721311476,0.0,0.9508196721311476,1.0,0.0
夫以地事秦猶抱薪救火薪不盡火不滅王曰是則然也雖然事始已行不可更矣,"夫 以 地 事 秦 ， 猶 抱 薪 救 火 ， 薪 不 盡 ， 火 不 滅 。 "" 王 曰 ： "" 是 則 然 也 。 雖然 ， 事 始 已 行 ， 不 可 更 矣 。 """,夫以地事秦猶抱薪救火薪不盡火不滅王曰是則然也。雖然事始已行不可更矣。,0.0,0.3636363636363636,0.0,1.0,0.0
對曰夫博之所以貴梟者便則食不便則止今何王之用智不如用梟也,"對 曰 ： "" 夫 博 之所以 貴 梟 者 ， 便 則 食 ， 不 便 則 止 。 今 何 王 之 用 智 不 如 用 梟 也 ？ """,對 曰 夫 博 之 所 以 貴 梟 者 便 則 食 不 便 則 止 今 何 王 之 用 智 不 如 用 梟 也,0.9259259259259259,0.0,0.9259259259259259,1.0,0.0
魏王不聽卒以南陽為和實修武,魏王 不 聽 ， 卒 以 南陽 為 和 ， 實 修 武 。,，。，。：- 魏王：，（）。，，。- 不聽卒以南陽為和實修武：,0.15384615384615385,0.0,0.0,1.0,0.0
韓厘王薨子桓惠王立,韓厘王 薨 ， 子 桓惠王 立 。,"：，""韓厘王薨子桓惠王立""。，。：- ：（）- ：（）- ：""""",0.0,0.6666666666666666,0.0,1.0,0.0
韓魏既服於秦秦王將使武安君與韓魏伐楚未行而楚使者黃歇至聞之畏秦乘勝一舉而滅楚也乃上書曰臣聞物至則反冬夏是也致至則危累棋是也,"韓 、 魏 既 服 於 秦 ， 秦王 將 使 武安君 與 韓 、 魏 伐 楚 ， 未 行 ， 而 楚 使者 黃歇 至 ， 聞 之 ， 畏 秦 乘勝 一 舉 而 滅 楚 也 ， 乃 上 書 曰 ： "" 臣 聞 物 至 則 反 ， 冬 、 夏 是 也 ； 致 至 則 危 ， 累 棋 是 也 。",，。，，。，。，（）、，-:、。，。，，。：韓魏既服於秦秦王將使武安君與韓魏伐楚未行而楚使者黃歇至聞之畏秦乘勝一舉而滅楚也乃上書曰臣聞物至則反冬夏是也致至則危累棋是也,0.0,0.0,0.0,1.0,0.0
今大國之地偏天下有其二垂此從生民以來萬乘之地未嘗有也先王三世不忘接地於齊以絕從親之要,今 大 國 之 地 ， 偏 天下 有 其 二 垂 ， 此 從 生民 以 來 ， 萬 乘 之 地 未嘗 有 也 。 先王 三 世 不 忘 接 地 於 齊 ， 以 絕 從 親 之 要 。,今 大 國 之 地 偏 天 下 有 其 二 垂 此 從 生 民 以 來 萬 乘 之 地 未 嘗 有 也 先 王 三 世 不 忘 接 地 於 齊 以 絕 從 親 之 要,0.8500000000000001,0.0,0.8500000000000001,1.0,0.0
今王使盛橋守事於韓盛橋以其地入秦是王不用甲不信威而得百里之地王可謂能矣,今 王 使 盛橋 守事 於 韓 ， 盛橋 以 其 地 入 秦 ， 是 王 不 用 甲 ， 不 信 威 ， 而 得 百 里 之 地 ， 王 可 謂 能 矣 ！,今 王  使  盛橋  守  事  於  韓  盛橋  以  其  地  入  秦  是  王  不  用  甲  不  信  威  而  得  百里  之  地  王  可謂      能  矣  。,0.8571428571428571,0.0,0.8571428571428571,1.0,0.0
王又舉甲而攻魏杜大梁之門舉河內拔燕酸棗虛桃入邢魏之兵云翔而不敢捄王之功亦多矣王休甲息眾二年而後復之又並蒲衍首垣以臨仁平丘黃濟陽嬰城而魏氏服,王 又 舉 甲 而 攻 魏 ， 杜大梁 之 門 ， 舉 河內 ， 拔 燕 、 酸棗 、 虛 、 桃 ， 入 邢 ， 魏 之 兵 云 翔 而 不 敢 捄 ， 王 之 功 亦 多 矣 ！ 王 休 甲 息 眾 ， 二年 而後 復 之 ， 又 並 蒲 、 衍 、 首 、 垣 以 臨 仁 、 平丘 ， 黃 、 濟陽 嬰城 而 魏氏 服 。,王 又 舉 甲 而 攻 魏 杜 大 梁 之 門  舉 河 內  拔 燕 酸 棗  虛 桃  入 邢  魏 之 兵 云 翔 而 不 敢 捄  王 之 功 亦 多 矣  王 休 甲 息眾二    年 而 後 復 之  又 並 蒲 衍 首 垣  以 臨 仁 平 丘 黃濟陽嬰城而魏氏服   ,0.7627118644067796,0.0,0.7627118644067796,1.0,0.0
王又割濮磨之北注齊秦之要絕楚趙之脊天下五合六聚而不敢捄王之威亦單矣,王 又 割 濮磨 之 北 ， 注 齊 、 秦 之 要 ， 絕 楚 、 趙 之 脊 ， 天下 五 合 六 聚 而 不 敢 捄 ， 王 之 威 亦 單 矣 ！,王 又 割 濮 磨 之 北 注 齊 秦 之 要絕  楚 趙 之 脊 天下 五 合 六 聚 而 不 敢 捄  王 之 威 亦 單 矣 ,0.9032258064516129,0.0,0.9032258064516129,1.0,0.0
王若能保功守威絀攻取之心而肥仁義之地使無後患三王不足四五伯不足六也,王 若 能 保 功 守 威 ， 絀 攻 取 之 心 而 肥 仁義 之 地 ， 使 無 後患 ， 三 王 不 足 四 ， 五 伯 不 足 六 也 ！,王 若 能  保 功 守 威 絀 攻 取 之 心  而 肥 仁 義 之 地  使 無 後 患  三 王 不 足 四 五  伯 不 足 六 也 ,0.90625,0.0,0.90625,1.0,0.0
王若負人徒之眾仗兵革之強乘毀魏之威而欲以力臣天下之主臣恐其有後患也詩曰靡不有初鮮克有終易曰狐涉水濡其尾此言始之易終之難也,王 若 負 人 徒 之 眾 ， 仗 兵革 之 強 ， 乘 毀 魏 之 威 ， 而 欲 以 力 臣 天下 之 主 ， 臣 恐 其 有 後患 也 。 詩 曰 ： 『 靡 不 有 初 ， 鮮 克 有 終 。 』 易 曰 ： 『 狐 涉 水 ， 濡 其 尾 。 』 此 言 始 之 易 ， 終 之 難 也 。,王 若 負 人徒 之 眾 仗 兵革 之 強 乘毀  魏 之 威 而 欲 以 力 臣 天下 之 主 臣 恐 其 有 後患 也  詩 曰  靡 不 有 初  鮮 克 有 終  易 曰  狐 涉 水濡  其 尾  此言  始 之 易 終 之 難 也 ,0.8909090909090909,0.0,0.8909090909090909,1.0,0.0
昔吳之信越也從而伐齊既勝齊人於艾陵還為越王禽於三江之浦,昔 吳 之 信 越 也 ， 從 而 伐 齊 ， 既 勝 齊人 於 艾陵 ， 還 為 越王 禽 於 三江 之 浦 。,，。，。：昔吳之信越也從而伐齊既勝齊人於艾陵還為越王禽於三江之浦。，，，。,0.0,0.4,0.0,1.0,0.0
智氏之信韓魏也從而伐趙攻晉陽城勝有日矣韓魏叛之殺智伯瑤於鑿台之下今王妒楚之不毀而忘毀楚之強韓魏也臣為王慮而不取也,智氏 之 信 韓 、 魏 也 ， 從而 伐 趙 ， 攻 晉 陽城 ， 勝 有 日 矣 ， 韓 、 魏 叛 之 ， 殺 智伯瑤 於 鑿台 之 下 ， 今 王 妒 楚 之 不 毀 而 忘 毀 楚 之 強 韓 、 魏 也 ， 臣 為 王 慮 而 不 取 也 。,智氏  之  信  韓魏    也  從  而伐趙  攻  晉陽  城  勝  有  日  矣韓魏      叛  之  殺  智伯  瑤  於  鑿  台  之  下  今  王  妒  楚  之  不  毀  而  忘  毀  楚  之  強韓魏也臣為王慮而不取也    ,0.5977011494252874,0.0,0.5977011494252874,1.0,0.0
夫楚國援也鄰國敵也,夫 楚國 ， 援 也 ； 鄰國 ， 敵 也 。,夫 楚 國 援 也 鄰 國 敵 也,0.6250000000000001,0.0,0.6250000000000001,1.0,0.0
今王信韓魏之善王此正吳之信越也臣恐韓魏卑辭除患而實欲欺大國也何則王無重世之德於韓魏而有累世之怨焉,今 王 信 韓 、 魏 之 善 王 ， 此 正 吳 之 信 越 也 ， 臣 恐 韓 、 魏 卑 辭 除 患 而 實 欲 欺 大國 也 。 何 則 ？ 王 無 重 世 之 德 於 韓 、 魏 而 有 累 世 之 怨 焉 。,今 王 信 韓  魏  之  善  王  此  正  吳  之  信  越  也  臣  恐韓    魏  卑辭    除  患  而  實  欲  欺  大  國  也  何  則  王  無  重  世  之  德  於韓魏而有累世之怨焉  ,0.7619047619047619,0.0,0.7619047619047619,1.0,0.0
夫韓魏父子兄弟接踵而死於秦將十世矣故韓魏之不亡秦社稷之憂也今王資之與攻楚不亦過乎,夫 韓 、 魏 父子 兄弟 接 踵 而 死 於 秦 將 十 世 矣 ， 故 韓 、 魏 之 不 亡 ， 秦 社稷 之 憂 也 。 今 王 資 之 與 攻 楚 ， 不 亦 過 乎 ！,夫 韓 魏 父 子 兄 弟 接 踵 而 死 於 秦 將 十 世 矣 故 韓 魏 之 不 亡 秦 社 稷 之 憂 也  今 王 資 之 與 攻 楚  不 亦 過乎  ？,0.8421052631578947,0.0,0.8421052631578947,1.0,0.0
且攻楚將惡出兵,且 攻 楚 將 惡 出 兵 ？,且 攻 楚 將 惡 出 兵,1.0,0.0,1.0,1.0,0.0
王將借路於仇讎之韓魏乎兵出之日而王憂其不反也王若不借路於仇讎之韓魏必攻隨水右壤此皆廣川大水山林溪谷不食之地,王 將 借 路 於 仇讎 之 韓 、 魏 乎 ， 兵 出 之 日 而 王 憂 其 不 反 也 。 王 若 不 借 路 於 仇讎 之 韓 、 魏 ， 必 攻 隨水 右 壤 ， 此 皆 廣 川 、 大 水 、 山林 、 溪谷 ， 不 食 之 地 。,"，。，""王將""（）、""借路於""（）、""仇讎之""（）、""韓魏乎""（）、""兵出之日而王""（）、""憂其不反也王若不借路於仇讎之韓魏必""（）、""攻隨水右壤此皆""（）、""廣川大水""（）、""山林溪谷""（、、）、""不食之地""（）。，：",0.0,0.1904761904761905,0.0,1.0,0.0
是王有毀楚之名而無得地之實也且王攻楚之日四國必悉起兵而應王秦楚之兵構而不離魏氏將出而攻留方與銍湖陵碭蕭相故宋必盡齊人南面攻楚泗上必舉此皆平原四達膏腴之地如此則天下之國莫強於齊魏矣臣為王慮莫若善楚秦楚合而為一以臨韓韓必歛手而朝王施以東山之險帶以曲河之利韓必為關內之侯若是而王以十萬戍鄭梁氏寒心許鄢陵嬰城而上蔡召陵不往來也如此魏亦關內侯矣大王壹善楚而關內兩萬乘之主注地於齊齊右壤可拱手而取也,是 王 有 毀 楚 之 名 而 無 得 地 之 實 也 。 且 王 攻 楚 之 日 ， 四 國 必 悉 起 兵 而 應 王 ， 秦 、 楚 之 兵 構 而 不 離 ， 魏氏 將 出 而 攻 留 、 方與 、 銍 、 湖陵 、 碭 、 蕭 、 相 ， 故 宋 必 盡 ， 齊人 南 面 攻 楚 ， 泗上 必 舉 ， 此 皆 平原 四 達 膏腴 之 地 ， 如 此 ， 則 天下 之 國 莫 強 於 齊 、 魏 矣 。 臣 為 王 慮 ， 莫 若 善 楚 。 秦 、 楚 合 而 為 一 以 臨 韓 ， 韓 必 歛 手 而 朝 ， 王 施 以 東山 之 險 ， 帶 以 曲河 之 利 ， 韓 必 為 關內 之 侯 。 若 是 而 王 以 十萬 戍 鄭 ， 梁氏 寒 心 ， 許 、 鄢陵 嬰城 而 上 蔡 、 召陵 不 往 來 也 ， 如 此 ， 魏 亦 關內侯 矣 。 大王 壹 善 楚 而 關內 兩萬 乘 之 主 注 地 於 齊 ， 齊 右 壤 可 拱 手 而 取 也 。,，。，，。：。，，；，，。，，。：是王有毀楚之名而無得地之實也且王攻楚之日四國必悉起兵而應王秦楚之兵構而不離魏氏將出而攻留方與銍湖陵碭蕭相故宋必盡齊人南面攻楚泗上必舉此皆平原四達膏腴之地如此則天下之國莫強於齊魏矣臣為王慮莫若善楚秦楚合而為一以臨韓韓必歛手而朝王施以東山之險帶以曲河之利韓必為關內之侯若是而王以十萬戍鄭梁氏寒心許鄢陵嬰城而上蔡召陵不往來也如此魏亦關內侯矣大王壹善楚而關內兩萬乘之主注地於齊齊右壤可拱手而取也。，。，，。，、、,0.0,0.05405405405405406,0.0,1.0,0.0
王之地一經兩海要約天下是燕趙無齊楚齊楚無燕趙也,王 之 地 一 經 兩 海 ， 要約 天下 ， 是 燕 、 趙 無 齊 、 楚 ， 齊 、 楚 無 燕 、 趙 也 。,王  之  地  一  經  兩  海  要  約  天下  是  燕  趙  無  齊  楚  齊  楚  無  燕  趙  也 ,0.9302325581395349,0.0,0.9302325581395349,1.0,0.0
然後危動燕趙直搖齊楚此四國者不待痛而服矣,"然後 危 動 燕 、 趙 ， 直 搖 齊 、 楚 ， 此 四 國 者 不 待 痛 而 服 矣 。 """,然後危動燕趙直搖齊楚此四國者不待痛而服矣。,0.0,0.33333333333333337,0.0,1.0,0.0
王從之止武安君而謝韓魏使黃歇歸約親於楚,王 從 之 ， 止 武安君 而 謝 韓 、 魏 ， 使 黃歇 歸 ， 約 親 於 楚 。,王從之止武安君而謝韓魏使黃歇歸約親於楚。,0.0,0.33333333333333337,0.0,1.0,0.0
四十三年己丑楚以左徒黃歇侍太子完為質於秦,四十三年 （ 己丑 ） 楚 以 左徒 黃歇 侍 太子完 為 質 於 秦 。,"：，""四十三年己丑楚以左徒黃歇侍太子完為質於秦""。，、。。""""（），。""""，",0.0,0.5,0.0,1.0,0.0
秦置南陽郡,秦 置 南陽郡 。,，：秦置南陽郡。，。。，。，。？,0.0,1.0,0.0,1.0,0.0
秦魏楚共伐燕,秦 、 魏 、 楚 共 伐 燕 。,秦魏楚共伐燕，。，。，，。，、，,0.0,0.5,0.0,1.0,0.0
燕惠王薨子武成王立,燕惠王 薨 ， 子 武成王 立 。,，。，。：燕惠王薨，子武成王立。。，（,0.0,1.0,0.0,1.0,0.0
四十四年庚寅趙藺相如伐齊至平邑,四十四年 （ 庚寅 ） 趙 藺相如 伐 齊 ， 至 平邑 。,，：四十四年庚寅趙藺相如伐齊至平邑。，。，：，。。，，,0.0,0.4,0.0,1.0,0.0
趙田部吏趙奢收租稅平原君家不肯出趙奢以法治之殺平原君用事者九人,趙 田部吏 趙奢 收 租稅 ， 平原君 家 不 肯 出 ； 趙奢 以 法 治 之 ， 殺 平原君 用 事 者 九 人 。,趙，。，。：田部吏趙奢收租稅平原君家，不肯出趙，奢以法治之殺，平原君用事者九人。。，，。，，,0.0,0.22222222222222224,0.0,1.0,0.0
平原君怒將殺之趙奢曰君於趙為貴公子今縱君家而不奉公則法削法削則國弱國弱則諸侯加兵是無趙也,"平原君 怒 ， 將 殺 之 。 趙奢 曰 ： "" 君 於 趙 為 貴 公子 ， 今 縱 君 家 而 不 奉 公 則 法 削 ， 法 削 則 國 弱 ， 國 弱 則 諸侯 加 兵 ， 是 無 趙 也 。",平 原 君 怒 將 殺 之  趙 奢 曰  君 於 趙 為 貴 公 子  今縱  君 家 而 不 奉 公  則 法 削  法 削 則 國 弱  國 弱 則 諸 侯 加 兵  是 無 趙 也 ,0.8048780487804877,0.0,0.8048780487804877,1.0,0.0
君安得有此富乎以君之貴奉公如法則上下平上下平則國強國強則趙固而君為貴戚豈輕於天下邪,"君 安 得 有 此 富 乎 ！ 以 君 之 貴 ， 奉 公 如 法 則 上下 平 ， 上下 平 則 國 強 ， 國 強 則 趙 固 ， 而 君 為 貴戚 ， 豈 輕 於 天下 邪 ！ """,君 安  得  有  此  富  乎  以  君  之  貴奉    公  如  法  則  上下  平  上下  平  則  國  強  國  強  則  趙  固  而  君  為  貴  戚豈      輕  於天下邪  ,0.8450704225352113,0.0,0.8450704225352113,1.0,0.0
平原君以為賢言之於王王使治國賦國賦太平民富而府庫實,平原君 以 為 賢 ， 言 之 於 王 。 王 使 治 國賦 ， 國賦 太平 ， 民 富 而 府庫 實 。,平 原 君  以 為 賢  言 之 於 王  王 使 治 國  賦  國 賦 太 平  民 富 而 府庫  實 ,0.6976744186046512,0.0,0.6976744186046512,1.0,0.0
四十五年辛卯秦伐趙圍閼與,四十五年 （ 辛卯 ） 秦 伐 趙 ， 圍 閼與 。,"四十五年辛卯秦伐趙圍閼與，。，。："" ""，（、），。，",0.0,0.4,0.0,1.0,0.0
趙王召廉頗樂乘而問之曰可救否皆曰道遠險陜難救,"趙王 召 廉頗 、 樂乘 而 問 之 曰 ： "" 可 救 否 ？ "" 皆 曰 ： "" 道 遠 險 陜 ， 難 救 。 """,，。，。：趙王召廉頗樂乘而問之曰可救否皆曰道遠險陜難救。，。，。,0.0,0.2857142857142857,0.0,1.0,0.0
問趙奢趙奢對曰道遠險陜譬猶兩鼠斗於穴中將勇者勝,"問 趙奢 ， 趙奢 對 曰 ： "" 道 遠 險 陜 ， 譬猶 兩 鼠 斗 於 穴 中 ， 將 勇 者 勝 。 ""","，。，""問趙奢趙""（奢），：""對曰""（）。：""道遠險陜譬猶兩鼠斗於穴中將勇者勝""。，。，，",0.0,0.22222222222222224,0.0,1.0,0.0
王乃令趙奢將兵救之去邯鄲三十里而止令軍中曰有以軍事諫者死,"王 乃 令 趙奢 將 兵 救 之 。 去 邯鄲 三十 里 而 止 ， 令 軍 中 曰 ： "" 有 以 軍事 諫 者 死 ！ """,，。，《》。：王乃令趙奢將兵救之去邯鄲三十里而止令軍中曰有以軍事諫者死。（），。，，,0.0,0.0,0.0,1.0,0.0
秦師軍武安西鼓噪勒兵武安屋瓦盡振趙軍中候有一人言急救武安趙奢立斬之,秦師 軍 武安 西 ， 鼓 噪 勒 兵 ， 武安 屋 瓦 盡 振 。 趙 軍中候 有 一 人 言 急 救 武安 ， 趙奢 立 斬 之 。,秦師軍  武安 西 鼓噪 勒兵 武安 屋瓦盡  振 趙軍 中候 有 一人 言 急救 武安 趙奢 立 斬 之,0.4888888888888889,0.0,0.4888888888888889,1.0,0.0
堅璧二十八日不行復益增壘,堅 璧 二十八 日 不 行 ， 復 益 增 壘 。,，。，。：- 堅璧：，（），。- 二十八日不行復益增壘：，，,0.0,0.0,0.0,1.0,0.0
秦間入趙軍趙奢善食遣之間以報秦將秦將大喜曰夫去國三十里而軍不行乃增壘閼與非趙地也趙奢既已遣間卷甲而趨一日一夜而至去閼與五十里而軍軍壘成秦師聞之悉甲而往趙軍士許歷請以軍事諫趙奢進之,"秦 間 入 趙軍 ， 趙奢 善 食 遣 之 。 間 以 報 秦 將 ， 秦 將 大 喜 曰 ： "" 夫 去 國 三十 里 而 軍 不 行 ， 乃 增 壘 ， 閼與 非 趙 地 也 ！ "" 趙奢 既 已 遣 間 ， 卷 甲 而 趨 ， 一 日 一 夜 而 至 ， 去 閼與 五十 里 而 軍 ， 軍壘 成 ， 秦師 聞 之 ， 悉 甲 而 往 。 趙 軍士 許歷 請 以 軍事 諫 ， 趙奢 進 之 。",，。，，。，，，，。，，。：秦間入趙軍趙奢善食遣之間以報秦將秦將大喜曰夫去國三十里而軍不行乃增壘閼與非趙地也趙奢既已遣間卷甲而趨一日一夜而至去閼與五十里而軍軍壘成秦師聞之悉甲而往趙軍士許歷請以軍事諫趙奢進之。,0.0,0.11764705882352941,0.0,1.0,0.0
許歷曰秦人不意趙至此其來氣盛將軍必厚集其陳以待之不然必敗趙奢曰請受教許歷請刑趙奢曰胥後令邯鄲,"許歷 曰 ： "" 秦 人 不 意 趙 至 此 ， 其 來 氣 盛 ， 將軍 必 厚 集 其 陳 以 待 之 ； 不 然 ， 必 敗 。 "" 趙奢 曰 ： "" 請 受 教 ！ "" 許歷 請 刑 ， 趙奢 曰 ： "" 胥 ， 後 令 邯鄲 。 """,許歷 曰 秦人 不 意 趙 至 此 其 來 氣 盛 將軍 必 厚 集 其 陳 以 待 之不 ，  然 必 敗 趙奢 曰 請 受 教 、 許歷 請 刑 趙奢 曰 胥 後 令 邯鄲 。,0.9230769230769231,0.13333333333333333,0.9230769230769231,1.0,0.12307692307692308
許歷復請諫曰先據北山上者勝後至者敗趙奢許諾即發萬人趨之秦師後至爭山不得上趙奢縱兵擊秦師秦師大敗解闕與而還,"許歷 復 請 諫 ， 曰 ： "" 先 據 北山 上 者 勝 ， 後 至 者 敗 。 "" 趙奢 許諾 ， 即 發 萬 人 趨 之 。 秦師 後 至 ， 爭 山 不 得 上 ； 趙奢 縱 兵 擊 秦師 ， 秦師 大 敗 ， 解 闕與 而 還 。",許歷復   請諫  曰 先 據 北 山 上 者勝  後 至 者 敗 趙 奢 許諾  即 發 萬 人 趨 之 秦 師 後 至 爭 山 不 得 上 趙 奢縱  兵擊  秦 師 秦 師 大 敗 解 闕 與 而 還,0.6136363636363636,0.0,0.6136363636363636,1.0,0.0
趙王封奢為馬服君與廉藺同位以許歷為國尉,趙王 封 奢 為 馬服君 ， 與 廉 、 藺 同 位 ； 以 許歷 為 國尉 。,趙 王  封  奢  為  馬服君  與  廉  藺  同位  以  許歷  為  國尉  。,0.7857142857142857,0.4,0.7857142857142857,1.0,0.3142857142857143
穰侯言客卿灶於秦王使伐齊取剛壽以廣其陶邑,穰侯 言 客卿 灶 於 秦王 ， 使 伐 齊 ， 取 剛 、 壽 以 廣 其 陶邑 。,穰侯 言 客卿 灶 於 秦王  使 伐 齊 取 剛壽  以廣  其 陶 邑 ,0.7096774193548386,0.0,0.7096774193548386,1.0,0.0
初魏人范睢從中大夫須賈使於齊齊襄王聞其辯口私賜之金及牛酒須賈以為睢以國陰事告齊也歸而告其相魏齊魏齊怒笞擊范睢折脅摺齒睢佯死卷以簀置廁中使客醉者更溺之以懲後令無妄言者,初 ， 魏人 范睢 從 中大夫 須賈 使 於 齊 ， 齊襄王 聞 其 辯口 ， 私 賜 之 金 及 牛 、 酒 。 須賈 以 為 睢 以 國 陰 事 告 齊 也 ， 歸 而 告 其 相 魏齊 。 魏齊 怒 ， 笞 擊 范睢 ， 折 脅 ， 摺 齒 。 睢 佯 死 ， 卷 以 簀 ， 置 廁 中 ， 使 客 醉 者 更 溺 之 ， 以 懲 後 ， 令 無 妄 言 者 。,初 魏  人  范睢    從  中  大夫  須賈使    於齊齊      襄王  聞  其  辯口  私  賜  之  金  及  牛酒  須賈  以  為  睢  以  國陰    事  告齊    也歸    而  告  其  相  魏齊  魏齊  怒  笞  擊  范睢    折  脅  摺齒睢佯死卷以簀置廁中使客醉者更溺之以懲後令無妄言者    ,0.5225225225225225,0.0,0.5225225225225225,1.0,0.0
范睢謂守者曰能出我我必有厚謝守者乃請棄簀中死人魏齊醉曰可矣范睢得出魏齊悔復召求之,"范睢 謂 守 者 曰 ： "" 能 出 我 ， 我 必 有 厚 謝 。 "" 守 者 乃 請 棄 簀 中 死人 。 魏齊 醉 ， 曰 ： "" 可 矣 。 "" 范睢 得 出 。 魏齊 悔 ， 復 召 求 之 。",范睢謂                守 者            曰能          出我我必有厚謝守者乃請棄簀中死人  魏 齊醉曰可矣范睢得出魏齊 悔 復 召 求 之 ,0.2978723404255319,0.0,0.2978723404255319,1.0,0.0
魏人鄭安平遂操范睢亡匿更姓名曰張祿,魏人 鄭安平 遂 操 范睢 亡 匿 ， 更 姓名 曰 張祿 。,，。，。：- 魏人，（），。- 鄭安平遂操范睢亡匿更，，姓名曰張祿。,0.15384615384615385,0.4,0.0,1.0,0.06153846153846154
秦謁者王稽使於魏范睢夜見王稽稽潛載與俱歸薦之於王王見之於離宮,秦 謁者 王稽 使 於 魏 ， 范睢 夜 見 王稽 。 稽 潛 載 與 俱 歸 ， 薦 之 於 王 ， 王 見 之 於 離宮 。,秦謁 者 王稽  使 於 魏  范睢 夜 見  王稽稽  潛 載 與 俱歸薦     之 於 王  王 見 之 於 離 宮 ,0.7083333333333334,0.0,0.7083333333333334,1.0,0.0
范睢佯為不知永巷而入其中王來而宦者怒逐之曰王至范睢謬曰秦安得王秦獨有太后穰侯耳,"范睢 佯 為 不 知 永巷 而 入 其 中 ， 王 來 而 宦者 怒 逐 之 ， 曰 ： "" 王 至 ！ "" 范睢 謬 曰 ： "" 秦 安 得 王 ， 秦 獨 有 太后 、 穰侯 耳 ！ """,范睢  佯 為 不 知 永 巷 而 入 其 中  王 來 而 宦 者 怒 逐 之 曰  王 至  范睢  謬 曰  秦 安 得 王  秦 獨 有 太 后 穰 侯 耳 ,0.8285714285714285,0.0,0.8285714285714285,1.0,0.0
王微聞其言乃屏左右跽而請曰先生何以幸教寡人對曰唯唯如是者三,"王 微 聞 其 言 ， 乃 屏 左右 ， 跽 而 請 曰 ： "" 先生 何 以 幸 教 寡人 ？ "" 對 曰 ： "" 唯 唯 。 "" 如 是 者 三 。","，。，""王微聞其言""，""""。""乃屏左右""（），""跽而請曰""（）。""先生何以幸教寡人""""對曰唯唯如是者三""。，，",0.0,0.3333333333333333,0.0,1.0,0.0
王曰先生卒不幸教寡人邪,"王 曰 ： "" 先生 卒 不 幸 教 寡人 邪 ？ """,王 曰 先生 卒 不幸 教 寡人 邪,0.823529411764706,0.0,0.823529411764706,1.0,0.0
范睢曰非敢然也,"范睢 曰 ： "" 非 敢 然 也 ！",范睢  曰 非 敢 然 也,1.0,0.0,1.0,1.0,0.0
臣羇旅之臣也交疏於王而所願陳者皆匡君之事處人骨肉之間願效愚忠而未知王之心也此所以王三問而不敢對者也臣知今日言之於前明日伏誅於後然臣不敢避也且死者人之所必不免也苟可以少有補於秦而死此臣之所大願也,臣 ， 羇旅 之 臣 也 ， 交 疏 於 王 ， 而 所 願 陳 者 皆 匡 君 之 事 ， 處 人 骨肉 之 間 ， 願 效 愚 忠 而 未 知 王 之 心 也 ， 此 所 以 王 三 問 而 不 敢 對 者 也 。 臣 知 今日 言 之 於 前 ， 明日 伏誅 於 後 ， 然 臣 不 敢 避 也 。 且 死 者 ， 人 之 所 必 不 免 也 ， 苟 可以 少 有 補 於 秦 而 死 ， 此 臣 之 所 大 願 也 。,臣 羇旅 之 臣 也  交 疏 於 王 而 所願陳   者 皆 匡 君 之 事  處 人 骨肉 之 間願   效 愚 忠 而未  知 王 之 心 也  此 所以 王 三 問 而 不 敢 對 者 也  臣 知 今 日 言 之 於 前 明日 伏誅  於 後  然 臣 不 敢 避 也  且 死 者 人 之 所 必 不 免 也  苟 可 以 少 有 補 於 秦 而 死  此臣之所大願也,0.8421052631578948,0.0,0.8421052631578948,1.0,0.0
獨恐臣死之後天下杜口裹足莫肯鄉秦耳,"獨 恐 臣 死 之 後 ， 天下 杜 口 裹 足 ， 莫 肯 鄉 秦 耳 。 """,獨 恐 臣 死 之 後 天下 杜口 裹足 莫 肯 鄉 秦 耳,0.7999999999999999,0.0,0.7999999999999999,1.0,0.0
王跽曰先生是何言也今者寡人得見先生是天以寡人溷先生而存先王之宗廟也,"王 跽 曰 ： "" 先生 ， 是 何 言 也 ！ 今 者 寡人 得 見 先生 ， 是 天 以 寡人 溷 先生 而 存 先王 之 宗廟 也 。",王跽  曰  先生  是  何  言  也  今  者  寡人  得  見  先生  是  天  以  寡人  溷  先生  而  存  先王  之  宗廟  也 ,0.9411764705882353,0.0,0.9411764705882353,1.0,0.0
事無大小上及太后下至大臣願先生悉以教寡人無疑寡人也范睢拜王亦拜范睢曰以秦國之大士卒之勇以治諸侯譬若走韓盧而博蹇兔也而閉關十五年不敢窺兵於山東者是穰侯為秦謀不忠而大王之計亦有所失也,"事 無 大 小 ， 上 及 太后 ， 下 至 大臣 ， 願 先生 悉 以 教 寡人 。 無 疑 寡人 也 ！ "" 范睢 拜 ， 王 亦 拜 。 范睢 曰 ： "" 以 秦國 之 大 ， 士卒 之 勇 ， 以 治 諸侯 ， 譬若 走 韓盧 而 博 蹇 兔 也 ， 而 閉 關 十五 年 ， 不 敢 窺 兵 於 山 東 者 ， 是 穰侯 為 秦 謀 不 忠 ， 而 大王 之 計 亦 有 所 失 也 。 """,事 無 大 小 上 及 太 后 下 至 大 臣願  先 生 悉 以 教 寡 人 無 疑 寡 人 也 范睢  拜 王 亦 拜 范睢  曰 以 秦 國 之 大 士 卒 之 勇 以 治 諸侯 譬 若 走 韓盧  而 博 蹇 兔 也 而 閉關  十五 年 不 敢窺  兵 於 山 東 者 是穰  侯 為 秦 謀 不 忠 而 大 王 之 計 亦  有所失也,0.7152317880794701,0.0,0.7152317880794701,1.0,0.0
王跽曰寡人願聞失計然左右多竊聽者范睢未敢言內先言外事以觀王之俯仰因進曰夫穰侯越韓魏而攻齊剛壽非計也,"王 跽 曰 ： "" 寡人 願 聞 失 計 ！ "" 然 左右 多 竊 聽 者 ， 范睢 未 敢 言 內 ， 先 言 外事 ， 以 觀 王 之 俯仰 。 因 進 曰 ： "" 夫 穰侯 越 韓 、 魏 而 攻 齊 剛 、 壽 ， 非 計 也 。","，。，""""""""。，，。，，、，。：""王跽曰寡人願聞失計然左右多竊聽者范睢未敢言內先言外事以觀王之俯仰因進曰夫穰侯越韓魏而攻齊剛壽非計也",0.0,0.0,0.0,1.0,0.0
齊閔王南攻楚破軍殺將再闢地千里而齊尺寸之地無得焉者豈不欲得地哉形勢不能有也諸侯見齊之罷敝起兵而伐齊大破之齊幾於亡以其伐楚而肥韓魏也今王不如遠交而近攻得寸則王之寸也得尺亦王之尺也今夫韓魏中國之處而天下之樞也王若用霸必親中國以為天下樞以威楚趙楚強則附趙趙強則附楚楚趙皆附齊必懼矣齊附則韓魏因可虜也王曰善乃以范睢為客卿與謀兵事,"齊閔王 南 攻 楚 ， 破 軍 殺 將 ， 再 闢 地 千 里 ， 而 齊 尺寸 之 地 無 得 焉 者 ， 豈 不 欲 得 地 哉 ？ 形勢 不 能 有 也 。 諸侯 見 齊 之 罷敝 ， 起 兵 而 伐 齊 ， 大 破 之 ， 齊 幾 於 亡 ， 以 其 伐 楚 而 肥 韓 、 魏 也 。 今 王 不 如 遠 交 而 近 攻 ， 得 寸 則 王 之 寸 也 ， 得 尺 亦 王 之 尺 也 。 今 夫 韓 、 魏 ， 中國 之 處 而 天下 之 樞 也 ， 王 若 用 霸 ， 必 親 中國 以 為 天下 樞 ， 以 威 楚 、 趙 ， 楚 強 則 附 趙 ， 趙 強 則 附 楚 ， 楚 、 趙 皆 附 ， 齊 必 懼 矣 ， 齊 附 則 韓 、 魏 因 可 虜 也 。 "" 王 曰 ： "" 善 。 "" 乃 以 范睢 為 客卿 ， 與 謀 兵事 。",，。，，。，，，，。，，。：齊閔王南攻楚破軍殺將再闢地千里而齊尺寸之地無得焉者豈不欲得地哉形勢不能有也諸侯見齊之罷敝起兵而伐齊大破之齊幾於亡以其伐楚而肥韓魏也今王不如遠交而近攻得寸則王之寸也得尺亦王之尺也今夫韓魏中國之處而天下之樞也王若用霸必親中國以為天下樞以威楚趙楚強則附趙趙強則附楚楚趙皆附齊必懼矣齊附則韓魏因可虜也王曰善乃以范睢為客卿與謀兵事。，，。，，。,0.0,0.05882352941176471,0.0,1.0,0.0
四十六年壬辰秦中更胡傷攻趙閼與不拔,四十六年 （ 壬辰 ） 秦 中更 胡傷 攻 趙 閼與 ， 不 拔 。,，。，。：- 四十六年，（），。- 壬辰秦中更胡傷攻趙閼與不拔，，。,0.16666666666666669,0.3333333333333333,0.0,1.0,0.05555555555555556
四十七年癸巳秦王用范睢之謀使五大夫綰伐魏拔懷,四十七年 （ 癸巳 ） 秦王 用 范睢 之 謀 ， 使 五大夫 綰 伐 魏 ， 拔 懷 。,四十七年癸巳秦王，。，。，，，。，用范睢之謀使五大夫綰伐魏拔懷，、，,0.0,0.0,0.0,1.0,0.0
四十八年甲午秦悼太子質於魏而卒,四十八年 （ 甲午 ） 秦 悼太子 質 於 魏 而 卒 。,"：，""四十八年甲午秦悼太子質於魏而卒""。，、。：- ："""" ，。- ："""" ，",0.0,0.5,0.0,1.0,0.0
四十九年乙未秦拔魏邢丘范睢日益親用事因承間說王曰臣居山東時聞齊之有孟嘗君不聞有王聞秦有太后穰侯不聞有王夫擅國之謂王能利害之謂王制殺生之謂王今太后擅行不顧穰侯出使不報華陽涇陽擊斷無諱高陵進退不請四貴備而國不危者未之有也為此四貴者下乃所謂無王也穰侯使者操王之重決制於諸侯剖符於天下征敵伐國莫敢不聽戰勝攻取則利歸於陶戰敗則結怨於百姓而禍歸於社稷臣又聞之木實繁者披其枝披其枝者傷其心大其都者危其國尊其臣者卑其主,四十九年 （ 乙未 ） 秦 拔 魏 邢丘 。 范睢 日 益 親 ， 用事 ， 因 承 間 說 王 曰 ： 臣 居 山 東 時 ， 聞 齊 之 有 孟嘗君 ， 不 聞 有 王 。 聞 秦 有 太后 、 穰侯 ， 不 聞 有 王 。 夫 擅 國 之 謂 王 ， 能 利害 之 謂 王 ， 制 殺 生 之 謂 王 。 今 太后 擅 行 不 顧 ， 穰侯 出 使 不 報 ， 華陽 、 涇陽 擊 斷 無 諱 ， 高陵 進 退 不 請 ， 四 貴 備 而 國 不 危 者 ， 未 之 有 也 。 為 此 四 貴 者 下 ， 乃 所 謂 無 王 也 。 穰侯 使者 操 王 之 重 ， 決 制 於 諸侯 ， 剖 符 於 天下 ， 征 敵 伐 國 ， 莫 敢 不 聽 ； 戰 勝 攻 取 則 利 歸 於 陶 ， 戰 敗 則 結 怨 於 百姓 而 禍 歸 於 社稷 。 臣 又 聞 之 ， 木 實 繁 者 披 其 枝 ， 披 其 枝 者 傷 其 心 ； 大 其 都 者 危 其 國 ， 尊 其 臣 者 卑 其 主 。,，。，，。，，，，。，，。：四十九年乙未秦拔魏邢丘范睢日益親用事因承間說王曰臣居山東時聞齊之有孟嘗君不聞有王聞秦有太后穰侯不聞有王夫擅國之謂王能利害之謂王制殺生之謂王今太后擅行不顧穰侯出使不報華陽涇陽擊斷無諱高陵進退不請四貴備而國不危者未之有也為此四貴者下乃所謂無王也穰侯使者操王之重決制於諸侯剖符於天下征敵伐國莫敢不聽戰勝攻取則利歸於陶戰敗則結怨於百姓而禍歸於社稷臣又聞之木實繁者披其枝披其枝者傷其心大其都者危其國尊其臣者卑其主。，，《》。，，。，，。，,0.0,0.05405405405405406,0.0,1.0,0.0
淖齒管齊射王股擢王筋懸之於廟梁宿昔而死,淖齒 管 齊 ， 射 王 股 ， 擢 王 筋 ， 懸 之 於 廟 梁 ， 宿昔 而 死 。,，。，。：淖齒管齊射王股擢王筋懸之於廟梁宿昔而死。，，。。，，,0.0,0.33333333333333337,0.0,1.0,0.0
李兌管趙囚主父於沙丘百日而餓死,李兌 管 趙 ， 囚 主父 於 沙丘 ， 百 日 而 餓 死 。,李兌 管 趙囚 主父 於 沙丘 百 日 而 餓 死,0.8695652173913043,0.0,0.8695652173913043,1.0,0.0
今臣觀四貴之用事此亦淖齒李兌之類也夫三代之所以亡國者君專授政於臣縱酒弋獵其所授者妒賢疾能御下蔽上以成其私不為主計而主不覺悟故失其國,今 臣 觀 四 貴 之 用事 ， 此 亦 淖齒 、 李兌 之 類 也 。 夫 三 代 之 所 以 亡 國 者 ， 君 專 授 政 於 臣 ， 縱 酒 弋 獵 ； 其 所 授 者 妒 賢 疾 能 ， 御 下 蔽 上 以 成 其 私 ， 不 為 主 計 ， 而 主 不 覺悟 ， 故 失 其 國 。,今 臣觀  四 貴 之 用事 此 亦 淖 齒 李 兌 之 類 也  夫 三 代 之 所 以亡  國 者  君 專 授 政 於 臣  縱酒弋   獵  其 所 授 者 妒 賢 疾 能  御 下 蔽 上  以 成 其 私  不 為 主 計  而 主 不覺  悟  故 失 其 國 ,0.8333333333333333,0.0,0.8333333333333333,1.0,0.0
今自有秩以上至諸大吏,今 自 有 秩 以 上 至 諸 大吏 。,今 自 有 秩 以 上 至 諸 大 吏,0.8421052631578948,0.0,0.8421052631578948,1.0,0.0
下及王左右無非相國之人者見王獨立於朝臣竊為王恐萬世之後有秦國者非王子孫也,"下 及 王 左右 ， 無 非 相國 之 人 者 ， 見 王 獨 立 於 朝 ， 臣 竊 為 王 恐 ， 萬 世 之 後 有 秦國 者 ， 非 王 子孫 也 ！ """,下 及 王 左右 無 非 相國 之 人 者 ， 見 王 獨立 於 朝 臣 ， 竊 為 王 恐 ， 萬世 之 後 有 秦 國 者 ， 非 王 子孫 也 。,0.8571428571428571,0.5454545454545454,0.8571428571428571,1.0,0.46753246753246747
王以為然於是廢太后逐穰侯高陵華陽涇陽君於關外以范睢為丞相封為應侯,王 以 為 然 ， 於是 廢 太后 ， 逐 穰侯 、 高陵 、 華陽 、 涇陽君 於 關 外 ， 以 范睢 為 丞相 ， 封 為 應侯 。,王 以 為 然於   是  廢 太 后  逐 穰 侯 高陵 華陽 涇陽 君  於 關 外  以 范睢為   丞 相  封為  應 侯 ,0.46808510638297873,0.0,0.46808510638297873,1.0,0.0
魏王使須賈聘於秦應侯敝衣間步而往見之,魏王 使 須賈 聘 於 秦 ， 應侯 敝 衣 間 步 而 往 見 之 。,魏 王  使  須賈  聘  於  秦  應侯  敝衣  間  步  而  往  見  之  。,0.8000000000000002,0.6666666666666666,0.8000000000000002,1.0,0.5333333333333334
須賈驚曰范叔固無恙乎,"須賈 驚 曰 ： "" 范叔 固 無 恙 乎 ！ """,，。，。：須賈驚曰范叔固無恙乎。（）（）。。，,0.0,0.0,0.0,1.0,0.0
留坐飲食取一綈袍贈之,留 坐 飲食 ， 取 一 綈袍 贈 之 。,，：留坐飲食取一綈袍贈之。，。。，。，。：- ,0.0,0.6666666666666666,0.0,1.0,0.0
遂為須賈御而至相府曰我為君先入通於相君須賈怪其久不出問於門下門下曰無范叔鄉者吾相張君也,"遂 為 須賈 御 而 至 相府 ， 曰 ： "" 我 為 君 先 入 通 於 相君 。 "" 須賈 怪 其 久 不 出 ， 問 於 門下 ， 門下 曰 ： "" 無 范叔 ， 鄉 者 吾 相 張 君 也 。 """,遂為須賈御而至相府曰我為君先入通於相君。須賈怪其久不出，問於門下。門下曰無范叔鄉者，吾相張君也。,0.0,0.4615384615384615,0.0,1.0,0.0
須賈知見欺乃膝行入謝罪,須賈 知 見 欺 ， 乃 膝 行 入 謝 罪 。,，。，。：「須賈知見欺乃膝行入謝罪」（）。「」、「」、「」、「」、「」。,0.0,0.6666666666666666,0.0,1.0,0.0
應侯坐責讓之且曰爾所以得不死者以綈袍戀戀尚有故人之意耳乃大供具請諸侯賓客坐須賈於堂下置莝豆於前而馬食之使歸告魏王曰速斬魏齊頭來不然且屠大梁,"應侯 坐 ， 責 讓 之 ， 且 曰 ： "" 爾 所 以 得 不 死 者 ， 以 綈袍 戀戀 尚 有 故 人 之 意 耳 ！ "" 乃 大 供 具 ， 請 諸侯 賓客 ； 坐 須賈 於 堂 下 ， 置 莝 、 豆 於 前 而 馬 食 之 ， 使 歸 告 魏王 曰 ： "" 速 斬 魏齊 頭 來 ， 不 然 ， 且 屠 大梁 ！ """,應侯 坐 責讓 之 且 曰爾  所以 得 不死 者  以綈 袍戀戀尚    有 故人 之 意 耳  乃 大 供具 請 諸侯賓 客 坐  須賈 於 堂 下  置莝 豆 於 前 而 馬 食 之  使歸  告 魏王 曰  速 斬 魏齊 頭 來  不然 且 屠 大梁 ,0.6605504587155964,0.0,0.6605504587155964,1.0,0.0
須賈還以告魏齊魏齊奔趙匿於平原君家,須賈 還 ， 以 告 魏齊 。 魏齊 奔 趙 ， 匿 於 平原君 家 。,須賈 還 以 告  魏齊魏齊奔    趙  匿 於 平原君 家 ,0.8181818181818182,0.0,0.8181818181818182,1.0,0.0
趙惠文王薨子孝成王丹立以平原君為相,趙惠文王 薨 ， 子 孝成王 丹 立 ； 以 平原君 為 相 。,，。，。：- 趙惠文王：，，。- 薨：，（），。- 子孝成王丹立以平原君為相：,0.30769230769230765,0.0,0.0,1.0,0.0
五十年丙申秦宣太后薨九月穰侯出之陶,五十年 （ 丙申 ） 秦 宣太后 薨 。 九月 ， 穰侯 出 之 陶 。,五十年丙申秦宣太后薨九月穰侯出之陶。,0.0,0.33333333333333337,0.0,1.0,0.0
臣光曰穰侯援立昭王除其災害薦白起為將南取鄢郢東屬地於齊使天下諸侯稽首而事秦秦益強大者穰侯之功也雖其專恣驕貪足以賈禍亦未至盡如范睢之言若睢者亦非能為秦忠謀直欲得穰侯之處故搤其吭而奪之耳,臣 光 曰 ： 穰侯 援 立 昭王 ， 除 其 災害 ； 薦 白起 為 將 ， 南 取 鄢 、 郢 ， 東 屬 地 於 齊 ， 使 天下 諸侯 稽首 而 事 秦 ， 秦 益 強大 者 ， 穰侯 之 功 也 。 雖 其 專 恣 驕 貪 足 以 賈 禍 ， 亦 未 至 盡 如 范睢 之 言 。 若 睢 者 ， 亦 非 能 為 秦 忠 謀 ， 直 欲 得 穰侯 之 處 ， 故 搤 其 吭 而 奪 之 耳 。,臣 光 曰  穰侯 援 立 昭王  除 其 災害  薦 白起 為 將  南 取 鄢郢  東 屬 地 於 齊  使 天下 諸侯 稽首 而 事 秦  秦 益 強大 者  穰侯 之 功 也  雖 其 專恣 驕貪  足 以 賈禍  亦 未 至盡  如 范睢 之 言  若 睢 者  亦 非 能 為 秦 忠謀   直 欲 得 穰侯 之 處  故 搤其吭而奪之耳,0.8243243243243242,0.0,0.8243243243243242,1.0,0.0
遂使秦王絕母子之義失舅甥之恩要之睢真傾危之士哉,遂 使 秦王 絕 母子 之 義 ， 失 舅甥 之 恩 。 要 之 ， 睢 真 傾危 之 士 哉 ！,"，。""遂使""，，，。""秦王""，，。""絕""，，，。""母子之義失舅甥""，""之恩要之睢真傾危之士哉""，",0.0,0.0,0.0,1.0,0.0
秦王以子安國君為太子,秦王 以 子 安國君 為 太子 。,"：，""秦王以子安國君為太子""。，。。""""，，。",0.0,1.0,0.0,1.0,0.0
秦伐趙取三城趙王新立太后用事求救於齊齊人曰必以長安君為質,"秦 伐 趙 ， 取 三 城 。 趙王 新 立 ， 太后 用事 ， 求 救 於 齊 。 齊人 曰 ： "" 必 以 長安君 為 質 。 """,，。，。：秦伐趙取三城，。趙王新立太后用事，，。求救於齊，。齊人曰必以長安君為質，,0.0,0.36363636363636365,0.0,1.0,0.0
太后不可齊師不出大臣強諫,太后 不 可 。 齊師 不 出 ， 大臣 強諫 。,太后  不可  齊  師  不  出  大臣  強  諫  。,0.47058823529411764,0.5,0.47058823529411764,1.0,0.23529411764705882
太后明謂左右曰復言長安君為質者老婦必唾其面,"太后 明 謂 左右 曰 ： "" 復 言 長安君 為 質 者 ， 老婦 必 唾 其 面 ！ """,太 后 明謂  左 右 曰復   言 長 安 君 為 質 者  老 婦 必 唾 其 面 ,0.45714285714285713,0.0,0.45714285714285713,1.0,0.0
左師觸龍願見太后太后盛氣而胥之入,左師 觸龍 願 見 太后 ， 太后 盛氣 而 胥 之 入 。,左 師 觸 龍願  見 太 后  太 后 盛 氣 而 胥 之 入 ,0.3846153846153846,0.0,0.3846153846153846,1.0,0.0
左師公徐趨而坐自謝曰老臣病足不得見久矣竊自恕而恐太后體之有所苦也故願望見太后太后曰老婦恃輦而行曰食得毋衰乎曰恃粥耳太后不和之色稍解左師公曰老臣賤息舒祺最少不肖而臣衰竊憐愛之願得補黑衣之缺以衛王宮昧死以聞,"左師公 徐 趨 而 坐 ， 自 謝 曰 ： "" 老臣 病 足 ， 不 得 見 久 矣 ， 竊 自 恕 ； 而 恐 太后 體 之 有 所 苦 也 ， 故 願 望見 太后 。 "" 太后 曰 ： "" 老婦 恃 輦 而 行 。 "" 曰 ： "" 食 得毋 衰 乎 ？ "" 曰 ： "" 恃 粥 耳 。 "" 太后 不 和 之 色 稍 解 ， 左師公 曰 ： "" 老臣 賤息 舒祺 ， 最 少 ， 不肖 ， 而 臣 衰 ， 竊 憐愛 之 ， 願 得 補 黑衣 之 缺 以 衛 王宮 ， 昧死 以 聞 ！ """,左 師 公 徐 趨 而 坐 自 謝 曰  老 臣 病 足 不 得 見 久 矣  竊 自 恕 而恐   太 后 體 之 有 所 苦 也  故願   望 見 太 后  太 后 曰  老 婦恃  輦 而 行 曰  食 得 毋                                    衰乎曰恃粥耳太后不和之色稍解左師公曰老臣賤息舒祺最少不肖而臣衰竊憐愛之願得補黑衣之缺以衛王宮昧死以聞  ,0.4461538461538461,0.0,0.4461538461538461,1.0,0.0
太后曰諾年幾何矣對曰十五歲矣雖少願及未填溝壑而托之,"太后 曰 ： "" 諾 。 年 幾 何 矣 。 "" 對 曰 ： "" 十五 歲 矣 。 雖 少 ， 願 及 未 填 溝壑 而 托 之 。 ""","，。，""太后曰""，。""諾""，，""年幾何矣對曰""。""十五歲矣""，。""雖少願及未填溝壑而托之""，。，",0.0,0.3333333333333333,0.0,1.0,0.0
太后曰丈夫亦愛少子乎對曰甚於婦人太后笑曰婦人異甚對曰老臣竊以為媼之愛燕后賢於長安君,"太后 曰 ： "" 丈夫 亦 愛 少 子 乎 ？ "" 對 曰 ： "" 甚 於 婦人 。 "" 太后 笑 曰 ： "" 婦人 異 甚 。 "" 對 曰 ： "" 老臣 竊 以 為 媼 之 愛 燕后 賢 於 長安君 。 """,，：太后曰丈夫亦愛少子乎對曰甚於婦人太后笑曰婦人異甚對曰老臣竊以為媼之愛燕后賢於長安君。，。。，，，。，。，，,0.0,0.2222222222222222,0.0,1.0,0.0
太后曰君過矣不若長安君之甚左師公曰父母愛其子則為之計深遠媼之送燕后也持其踵而泣念其遠也亦哀之矣已行非不思也祭祀則祝之曰必勿使反豈非為之計長久為子孫相繼為王也哉太后曰然左師公曰今三世以前至於趙王之子孫為侯者其繼有在者乎曰無有曰此其近者禍及身遠者及其子孫豈人主之子侯則不善哉位尊而無功奉厚而無勞而挾重器多也今媼尊長安君之位而封之以膏腴之地多與之重器而不及今令有功於國一旦山陵崩長安君何以自托於趙哉太后曰諾恣君之所使之於是為長安君約車百乘質於齊,"太后 曰 ： "" 君 過 矣 ！ 不 若 長安君 之 甚 。 "" 左師公 曰 ： "" 父母 愛 其 子 則 為 之 計 深遠 。 媼 之 送 燕后 也 ， 持 其 踵 而 泣 ， 念 其 遠 也 ， 亦 哀 之 矣 。 已 行 ， 非 不 思 也 ， 祭祀 則 祝 之 曰 ： 『 必 勿 使 反 ！ 』 豈 非 為 之 計 長久 ， 為 子孫 相 繼 為 王 也 哉 ？ "" 太后 曰 ： "" 然 。 "" 左師公 曰 ： "" 今 三 世 以 前 ， 至 於 趙王 之 子孫 為 侯 者 ， 其 繼 有 在 者 乎 ？ "" 曰 ： "" 無 有 。 "" 曰 ： "" 此 其 近 者 禍 及 身 ， 遠 者 及 其 子孫 。 豈 人主 之 子 侯 則 不 善 哉 ？ 位 尊 而 無 功 ， 奉 厚 而 無 勞 ， 而 挾 重器 多 也 。 今 媼 尊 長安君 之 位 ， 而 封 之 以 膏腴 之 地 ， 多 與 之 重器 ， 而 不 及 今 令 有 功 於 國 ， 一旦 山陵 崩 ， 長安君 何 以 自 托 於 趙 哉 ？ "" 太后 曰 ： "" 諾 ， 恣 君 之 所 使 之 ！ "" 於是 為 長安君 約 車 百 乘 質 於 齊 。",，。，。，，、、。，，、，。，。：太后曰君過矣不若長安君之甚左師公曰父母愛其子則為之計深遠媼之送燕后也持其踵而泣念其遠也亦哀之矣已行非不思也祭祀則祝之曰必勿使反豈非為之計長久為子孫相繼為王也哉太后曰然左師公曰今三世以前至於趙王之子孫為侯者其繼有在者乎曰無有曰此其近者禍及身遠者及其子孫豈人主之子侯則不善哉位尊而無功奉厚而無勞而挾重器多也今媼尊長安君之位而封之以膏腴之地多與之重器而不及今令有功於國一旦山陵崩長安君何以自托於趙哉太后曰諾恣君之所使之於是為長安君約車百乘質於齊，。，，，，。：- ，，,0.0,0.04878048780487806,0.0,1.0,0.0
齊師乃出秦師退,齊師 乃 出 ， 秦師 退 。,齊 師 乃 出 秦 師 退,0.5,0.0,0.5,1.0,0.0
齊安平君田單將趙師以伐燕取中陽又伐韓取注人,齊 安平君 田單 將 趙師 以 伐 燕 ， 取 中陽 ； 又 伐 韓 ， 取 注人 。,，。，。：齊安平君田單將趙師以伐燕取中陽又伐韓取注人。，。。，。，,0.0,0.4,0.0,1.0,0.0
齊襄王薨子建立建年少國事皆決於君王后,齊襄王 薨 ， 子 建 立 。 建 年 少 ， 國事 皆 決 於 君王后 。,"，。，。：- ""齊襄王薨""，（），。，，。- ""子建立建年少國事皆決於君王后""，",0.0,0.0,0.0,1.0,0.0
五十一年丁酉秦武安君伐韓拔九城斬首五萬,五十一年 （ 丁酉 ） 秦 武安君 伐 韓 ， 拔 九 城 ， 斬 首 五萬 。,五十一年 丁酉 秦 武安君 伐 韓 拔 九 城 斬首 五 萬,0.75,0.0,0.75,1.0,0.0
田單為趙相,田單 為 趙 相 。,，：田單為趙相。，。，，。，，,0.0,1.0,0.0,1.0,0.0
五十二年戊戌秦武安君伐韓取南陽攻太行道絕之,五十二年 （ 戊戌 ） 秦 武安君 伐 韓 ， 取 南陽 ； 攻 太行 道 ， 絕 之 。,五十二年 戊戌 秦 武安君 伐 韓 取 南陽 攻 太行道 絕 之,0.8799999999999999,0.0,0.8799999999999999,1.0,0.0
楚頃襄王疾病,楚 頃襄王 疾病 。,楚頃襄王疾病，。，。，，。，、，,0.0,1.0,0.0,1.0,0.0
黃歇言於應侯曰今楚王疾恐不起秦不如歸其太子太子得立其事秦必重而德相國無窮是親與國而得儲萬乘也不歸則咸陽布衣耳,"黃歇 言 於 應侯 曰 ： "" 今 楚王 疾 恐 不 起 ， 秦 不 如 歸 其 太子 。 太子 得 立 ， 其 事 秦 必 重 而 德 相國 無 窮 ， 是 親 與國 而 得 儲 萬 乘 也 。 不 歸 ， 則 咸陽 布衣 耳 。",黃歇 言 於 應侯 曰  今 楚 王 疾  恐 不 起  秦 不 如歸  其 太子  太子 得 立  其 事 秦 必 重  而 德 相國 無窮   是 親 與 國 而 得儲   萬乘 也  不歸  則 咸陽 布 衣 耳 ,0.7272727272727273,0.0,0.7272727272727273,1.0,0.0
楚更立君必不事秦是失與國而絕萬乘之和非計也應侯以告王王曰令太子之傅先往問疾反而後圖之黃歇與太子謀曰秦之留太子欲以求利也今太子力未能有以利秦也,"楚 更 立 君 ， 必 不 事 秦 ， 是 失 與國 而 絕 萬 乘 之 和 ， 非 計 也 。 "" 應侯 以 告 王 。 王 曰 ： "" 令 太子 之 傅 先 往 問 疾 ， 反 而 後 圖 之 。 "" 黃歇 與 太子 謀 曰 ： "" 秦 之 留 太子 ， 欲 以 求 利 也 。 今 太子 力 未 能 有 以 利 秦 也 。",楚 更 立 君  必 不 事 秦  是 失 與 國 而 絕 萬 乘 之 和  非 計 也  應 侯  以 告 王  王 曰  令 太 子 之 傅 先 往 問 疾 反 而 後 圖 之  黃歇   與 太 子 謀 曰  秦 之 留 太 子  欲 以 求 利 也  今 太 子 力 未 能 有 以 利 秦也,0.8396946564885497,0.0,0.8396946564885497,1.0,0.0
而陽文君子二人在中王若卒大命太子不在陽文君子必立為後太子不得奉宗廟矣不如亡秦與使者俱出,而 陽文君 子 二 人 在 中 。 王 若 卒 大命 ， 太子 不 在 ， 陽文君 子 必 立 為 後 ， 太子 不 得 奉 宗廟 矣 。 不如 亡 秦 ， 與 使者 俱 出 。,而陽 文 君子 二 人 在 中 王 若 卒 大 命 太 子 不 在陽 文 君子 必 立 為 後 太 子 不 得 奉 宗廟 矣 不 如 亡 秦 與 使 者 俱 出,0.619718309859155,0.0,0.619718309859155,1.0,0.0
臣請止以死當之太子因變服為楚使者御而出關而黃歇守舍常為太子謝病度太子已遠乃自言於王曰楚太子已歸出遠矣歇願賜死王怒欲聽之應侯曰歇為人臣出身以徇其主太子立必用歇不如無罪而歸之以親楚王從之黃歇至楚三月秋傾襄王薨考烈王即位以黃歇為相封以淮北地號曰春申君,"臣 請 止 ， 以 死 當 之 ！ "" 太子 因 變 服 為 楚 使者 御 而 出 關 ； 而 黃歇 守 舍 ， 常 為 太子 謝病 。 度 太子 已 遠 ， 乃 自 言 於 王 曰 ： "" 楚太子 已 歸 ， 出 遠 矣 。 歇 願 賜死 ！ "" 王 怒 ， 欲 聽 之 。 應侯 曰 ： "" 歇 為 人臣 ， 出 身 以 徇 其 主 ， 太子 立 ， 必 用 歇 。 不如 無 罪 而 歸 之 ， 以 親 楚 。 "" 王 從 之 。 黃歇 至 楚 三 月 ， 秋 ， 傾襄王 薨 。 考烈王 即位 ； 以 黃歇 為 相 ， 封 以 淮北 地 ， 號 曰 春申君 。",，。，，。，，，，。，，。：臣請止以死當之太子因變服為楚使者御而出關而黃歇守舍常為太子謝病度太子已遠乃自言於王曰楚太子已歸出遠矣歇願賜死王怒欲聽之應侯曰歇為人臣出身以徇其主太子立必用歇不如無罪而歸之以親楚王從之黃歇至楚三月秋傾襄王薨考烈王即位以黃歇為相封以淮北地號曰春申君。，，。，,0.0,0.07142857142857142,0.0,1.0,0.0
五十三年己亥楚人納州於秦以平,五十三年 （ 己亥 ） 楚人 納 州 於 秦 以 平 。,五十三年己亥楚人納州於秦以平，。，。，，。，（）、，-，。，,0.0,0.5,0.0,1.0,0.0
武安君伐韓拔野王上黨路絕上黨守馮亭與其民謀曰鄭道已絕秦兵日進韓不能應不如以上黨歸趙趙受我秦必攻之趙被秦兵必親韓韓趙為一則可以當秦矣乃遣使者告於趙曰韓不能守上黨入之秦其吏民皆安於趙不樂為秦,"武安君 伐 韓 ， 拔 野王 。 上黨 路 絕 ， 上黨 守 馮亭 ， 與 其 民 謀 曰 ： "" 鄭 道 已 絕 ， 秦 兵 日 進 ， 韓 不 能 應 ， 不如 以 上黨 歸 趙 。 趙 受 我 ， 秦 必 攻 之 ； 趙 被 秦 兵 ， 必 親 韓 ； 韓 、 趙 為 一 ， 則 可 以 當 秦 矣 。 "" 乃 遣 使者 告 於 趙 曰 ： "" 韓 不 能 守 上黨 ， 入 之 秦 ， 其 吏 民 皆 安 於 趙 ， 不 樂 為 秦 。",武安君  伐  韓  拔  野王  上黨  路  絕  上黨  守  馮亭  與  其  民  謀  曰  鄭道  已  絕  秦兵  日進韓      不  能  應  不如  以  上黨歸趙趙        受  我秦    必  攻  之趙    被  秦兵  必  親韓韓趙        為  一  則  可以  當秦    矣  乃  遣  使者告於趙曰韓不能守上黨入之秦其吏民皆安於趙不樂為秦  ,0.53125,0.0,0.53125,1.0,0.0
有城市邑十七願再拜獻之大王趙王以告平陽君豹對曰聖人甚禍無故之利,"有 城市邑 十七 ， 願 再 拜 獻 之 大王 ！ "" 趙王 以 告 平陽君 豹 ， 對 曰 ： "" 聖人 甚 禍 無 故 之 利 。 """,有 城市 邑 十七 願 再拜獻  之 大王 趙王 以 告 平陽君 豹 對 曰聖 人 甚 禍 無 故 之 利,0.7555555555555555,0.0,0.7555555555555555,1.0,0.0
王曰人樂吾德何謂無故對曰秦蠶食韓地中絕不令相通固自以為坐而受上黨也韓氏所以不入於秦者欲嫁其禍於趙也,"王 曰 ： "" 人 樂 吾 德 ， 何 謂 無 故 ？ "" 對 曰 ： "" 秦 蠶食 韓 地 ， 中 絕 ， 不 令 相 通 ， 固 自 以 為 坐 而 受 上黨 也 。 韓氏 所 以 不 入 於 秦 者 ， 欲 嫁 其 禍 於 趙 也 。",王 曰  人  樂  吾  德  何  謂  無  故  對  曰  秦  蠶  食  韓  地  中  絕  不  令  相  通  固  自  以  為  坐  而  受  上黨    也韓    氏  所  以  不  入  於  秦  者欲嫁其禍於趙也  ,0.813953488372093,0.0,0.813953488372093,1.0,0.0
秦服其勞而趙受其利雖強大不能得之於弱小弱小固能得之於強大乎豈得謂之非無故哉不如勿受王以告平原君平原君請受之王乃使平原君往受地以萬戶都三封其太守為華陽君以千戶都三封其縣令為侯吏民皆益爵三級馮亭垂涕不見使者曰吾不忍賣主地而食之也,"秦 服 其 勞 而 趙 受 其 利 ， 雖 強大 不 能 得 之 於 弱小 ， 弱小 固 能 得 之 於 強大 乎 ！ 豈 得 謂 之 非 無 故 哉 ？ 不如 勿 受 。 "" 王 以 告 平原君 ， 平原君 請 受 之 。 王 乃 使 平原君 往 受 地 ， 以 萬 戶 都 三 封 其 太守 為 華陽君 ， 以 千 戶 都 三 封 其 縣令 為 侯 ， 吏 民 皆 益 爵 三 級 。 馮亭 垂 涕 不 見 使者 ， 曰 ： "" 吾 不 忍 賣 主 地 而 食 之 也 ！ """,秦  服  其  勞  而  趙受    其  利  雖  強  大  不  能  得  之  於  弱  小  弱  小  固  能  得  之  於  強  大  乎  豈  得謂之      非  無  故  哉  不如  勿受    王  以  告  平原君  平原君  請受    之  王  乃  使  平原君  往受    地  以  萬  戶  都  三  封  其  太守  為  華陽君  以  千  戶都三封其縣令為侯吏民皆益爵三級馮亭垂涕不見使者曰吾不忍賣主地而食之也,0.6114649681528662,0.0,0.6114649681528662,1.0,0.0
五十五年辛丑秦左庶長王齕攻上黨拔之,五十五年 （ 辛丑 ） 秦 左庶長 王齕 攻 上黨 ， 拔 之 。,，。，。：五十五年辛丑，。秦，左庶長（），王齕，攻上黨拔之,0.0,0.0,0.0,1.0,0.0
上黨民走趙趙廉頗軍於長平,上黨 民 走 趙 。 趙 廉頗 軍 於 長平 。,上黨民走趙趙廉頗軍於長平，。，。，，。，、，。,0.0,0.6666666666666666,0.0,1.0,0.0
以按據上黨民,以 按 據 上黨 民 。,以 按據  上黨  民,0.6666666666666665,0.0,0.6666666666666665,1.0,0.0
王齕因伐趙趙軍數戰不勝止一裨將四尉,王齕 因 伐 趙 。 趙軍 數 戰 不 勝 ， 止 一 裨將 、 四 尉 。,"，。，。：- ""王齕""，（），。- ""因伐趙趙軍數戰不勝止一裨將四尉""""""""""""""，""""""",0.125,0.0,0.0,1.0,0.0
趙王與樓昌虞卿謀樓昌請發重使為媾,趙王 與 樓昌 、 虞卿 謀 ， 樓昌 請 發 重使 為 媾 。,趙王與樓昌虞卿謀樓昌請發重使為媾,0.0,0.0,0.0,1.0,0.0
虞卿曰今制媾者在秦秦必欲破王之軍矣雖往請媾秦將不聽不如發使以重寶附楚魏楚魏受之則秦疑天下之合從媾乃可成也王不聽使鄭朱媾於秦秦受之王謂虞卿曰秦內鄭朱矣,"虞卿 曰 ： "" 今 制 媾 者 在 秦 ， 秦 必 欲 破 王 之 軍 矣 ； 雖 往 請 媾 ， 秦 將 不 聽 。 不如 發 使 以 重寶 附 楚 、 魏 ， 楚 、 魏 受 之 ， 則 秦 疑 天下 之 合從 ， 媾 乃 可 成 也 。 "" 王 不 聽 ， 使 鄭朱 媾 於 秦 ， 秦 受 之 。 王 謂 虞卿 曰 ： "" 秦 內 鄭朱 矣 。 """,虞卿 曰 今 制媾  者 在 秦 秦 必 欲 破 王 之 軍 矣 雖 往 請媾  秦 將 不聽  不 如 發 使 以 重寶  附 楚 魏 楚 魏 受 之 則 秦 疑 天下 之 合 從媾   乃 可 成 也 王 不聽  使 鄭朱媾  於 秦 秦 受 之 王謂  虞卿 曰 秦 內 鄭朱 矣,0.8031496062992125,0.0,0.8031496062992125,1.0,0.0
對曰王必不得媾而軍破矣何則天下之賀戰勝者皆在秦矣夫鄭朱貴人也秦王應侯必顯重之以示天下,"對 曰 ： "" 王 必 不 得 媾 而 軍 破 矣 。 何則 ， 天下 之 賀 戰 勝 者 皆 在 秦 矣 。 夫 鄭朱 ， 貴 人 也 ， 秦王 、 應侯 必 顯重 之 以 示 天下 。",對 曰 王 必 不 得 媾 而軍  破 矣 何 則 天下 之 賀戰 勝 者 皆 在 秦 矣 夫 鄭 朱 貴人 也 秦 王 應侯 必顯  重 之 以 示 天下,0.6857142857142857,0.0,0.6857142857142857,1.0,0.0
天下見王之媾於秦必不救王秦知天下之不救王則媾不可得成矣既而秦果顯鄭朱而不與趙媾,"天下 見 王 之 媾 於 秦 ， 必 不 救 王 ； 秦 知 天下 之 不 救 王 ， 則 媾 不 可 得 成 矣 。 "" 既而 秦 果 顯 鄭朱 而 不 與 趙 媾 。",               天下見    王之媾於           秦必      不救王秦知天下之不救王則媾不可得成矣既而秦果顯鄭朱而不 與 趙媾  ,0.048780487804878044,0.0,0.048780487804878044,1.0,0.0
秦數敗趙兵廉頗堅壁不出趙王以頗失亡多而更怯不戰怒數讓之,秦 數 敗 趙 兵 ， 廉頗 堅 壁 不 出 。 趙王 以 頗 失 亡 多 而 更 怯 不 戰 ， 怒 ， 數 讓 之 。,，。，《》。：秦數敗趙兵廉頗堅壁不出趙王以頗失亡多而更怯不戰怒數讓之。，，。，，,0.0,0.33333333333333337,0.0,1.0,0.0
應侯又使人行千金於趙為反間曰秦之所畏獨畏馬服君之子趙括為將耳,"應侯 又 使 人 行 千 金 於 趙 為 反間 ， 曰 ： "" 秦 之 所 畏 ， 獨 畏 馬服君 之 子 趙括 為 將 耳 ！",應侯 又 使 人 行 千金 於 趙 為 反間 曰 秦 之 所 畏獨  畏 馬服 君 之 子 趙括 為 將 耳,0.816326530612245,0.0,0.816326530612245,1.0,0.0
廉頗易與且降矣,"廉頗 易 與 ， 且 降 矣 ！ ""","：。，（、）。""廉頗易與且降矣""。：- """"：",0.0,0.0,0.0,1.0,0.0
趙王遂以趙括代頗將藺相如曰王以名使括若膠柱鼓瑟耳,"趙王 遂 以 趙括 代 頗 將 。 藺相如 曰 ： "" 王 以 名 使 括 ， 若 膠 柱 鼓 瑟 耳 。",，。，。：趙王遂以趙括代頗將藺相如曰王以名使括若膠柱鼓瑟耳。（），，。，,0.0,0.4,0.0,1.0,0.0
括徒能讀其父書傳不知合變也,"括 徒 能 讀 其 父 書 傳 ， 不 知 合變 也 。 """,括徒 能 讀 其 父 書 傳 不 知 合 變 也,0.75,0.0,0.75,1.0,0.0
王不聽初趙括自少時學兵法以天下莫能當嘗與其父奢言兵事奢不能難然不謂善括母問其故奢曰兵死地也而括易言之,"王 不 聽 ， 初 ， 趙括 自 少 時 學 兵法 ， 以 天下 莫 能 當 ； 嘗 與 其 父 奢 言 兵事 ， 奢 不 能 難 ， 然 不 謂 善 。 括 母 問 其 故 ， 奢 曰 ： "" 兵 ， 死 地 也 ， 而 括 易 言 之 。",，。，。：王不聽初趙括自少時學兵法以天下莫能當嘗與其父奢言兵事奢不能難然不謂善括母問其故奢曰兵死地也而括易言之。，，，。，，：，,0.0,0.15384615384615385,0.0,1.0,0.0
使趙不將括則已若必將之破趙軍者必括也及括將行其母上書言括不可使王曰何以,"使 趙 不 將 括 則 已 ； 若 必 將 之 ， 破 趙軍 者 必 括 也 。 "" 及 括 將 行 ， 其 母 上書 ， 言 括 不 可 使 。 王 曰 ： "" 何 以 ？ """,使 趙 不 將 括 則 已 ， 若 必 將 之 破 趙軍  者 ， 必 括 也 ， 及 括 將 行 ， 其 母 上 書 言 括 不 可 使 ， 王 曰 ： 何 以,0.955223880597015,0.28571428571428575,0.955223880597015,1.0,0.2729211087420043
對曰始妾事其父時為將身所奉飯而進食者以十數所友者以百數王及宗室所賞賜者盡以與軍吏士大夫受命之日不問家事今括一旦為將東鄉而朝軍吏無敢仰視之者王所賜金帛歸藏於家而日視便利田宅可買者買之王以為如其父父子異心願王勿遣王曰母置之吾已決矣,"對 曰 ： "" 始 妾 事 其 父 ， 時 為 將 ， 身 所 奉 飯 而 進 食 者 以 十 數 ， 所 友 者 以 百 數 ， 王 及 宗室 所 賞賜 者 ， 盡 以 與 軍吏 士大夫 ； 受 命 之 日 ， 不 問 家事 。 今 括 一旦 為 將 ， 東 鄉 而 朝 ， 軍吏 無 敢 仰 視 之 者 ； 王 所 賜 金帛 ， 歸 藏 於 家 ， 而 日 視 便利 田宅 可 買 者 買 之 。 王 以 為 如 其 父 ， 父 子 異 心 ， 願 王 勿 遣 ！ "" 王 曰 ： "" 母 置 之 ， 吾 已 決 矣 ！ ""","，。，，。，。，( ) , - : 、 。 〈 〉 《 》 「 」 『 』 〔 〕 ！ （ ） ， ． ： ； ？，。，，。：對曰始妾事其父時為將身所奉飯而進食者以十數所友者以百數王及宗室所賞賜者盡以與軍吏士大夫受命之日不問家事今括一旦為將東鄉而朝軍吏無敢仰視之者王所賜金帛歸藏於家而日視便利田宅可買者買之王以為如其父父子異心願王勿遣王曰母置之吾已決矣",0.0,0.0,0.0,1.0,0.0
母因曰即如有不稱妾請無隨坐,"母 因 曰 ： "" 即 如 有 不 稱 ， 妾 請 無 隨坐 ！ """,，：母因曰即如有不稱妾請無隨坐。，。，，。。，。，。，,0.0,0.0,0.0,1.0,0.0
趙王許之,趙王 許 之 。,，：趙王許之。，。。，。，。：、、,0.0,1.0,0.0,1.0,0.0
秦王聞括已為趙將乃陰使武安君為上將軍而王齕為裨將令軍中有敢洩武安君將者斬趙括至軍悉更約束易置軍吏出兵擊秦師武安君佯敗而走張二奇兵以劫之,"秦王 聞 括 已 為 趙將 ， 乃 陰 使 武安君 為 上將軍 而 王齕 為 裨將 ， 令 軍 中 ： "" 有 敢 洩 武安君 將 者 斬 ！ "" 趙括 至 軍 ， 悉 更 約束 ， 易 置 軍吏 ， 出 兵 擊 秦師 。 武安君 佯 敗 而 走 ， 張 二 奇 兵 以 劫 之 。",秦王 聞 括 已 為 趙 將 乃陰  使 武安君 為 上 將軍 而 王 齕 為裨  將 令 軍 中 有 敢洩  武安君 將 者 斬 趙括 至 軍 悉 更 約束 易 置軍  吏 出 兵擊  秦 師 武安君 佯敗  而 走 張 二 奇兵 以 劫 之,0.6534653465346535,0.0,0.6534653465346535,1.0,0.0
趙括乘勝追造秦壁壁堅拒不得入奇兵二萬五千人絕趙軍之後又五千騎絕趙壁間,趙括 乘勝 追 造 秦 壁 ， 壁 堅 拒 不 得 入 ， 奇 兵 二萬五千 人 絕 趙軍 之 後 ， 又 五千 騎 絕 趙 壁 間 。,，。：趙括乘勝追造秦壁壁堅拒不得入奇兵二萬五千人絕趙軍之後又五千騎絕趙壁間。，《》。（）、（）、（）、（）、（,0.0,0.4,0.0,1.0,0.0
趙軍分而為二糧道絕武安君出輕兵擊之趙戰不利因築壁堅守以待救至秦王聞趙食道絕自如河內發民年十五以上悉詣長平遮絕趙救兵及糧食,趙軍 分 而 為 二 ， 糧道 絕 。 武安君 出 輕 兵 擊 之 ， 趙 戰 不 利 ， 因 築 壁 堅守 以 待 救 至 。 秦王 聞 趙 食道 絕 ， 自 如 河內 發 民 年 十五 以上 悉 詣 長平 ， 遮 絕 趙 救兵 及 糧食 。,，。。，，，。，。：趙軍分而為二糧道絕武安君出輕兵擊之。趙戰不利，因築壁堅守，，。，以待救至秦王聞趙食道絕自如河內發民年十五以上悉詣長平遮絕趙救兵及糧食  ,0.0,0.18181818181818182,0.0,1.0,0.0
齊人楚人救趙趙人乏食請粟於齊王弗許周子曰夫趙之於齊楚捍蔽也猶齒之有唇也唇亡則齒寒今日亡趙明日患及齊楚矣救趙之務宜若奉漏甕沃焦釜然,"齊人 、 楚人 救 趙 。 趙人 乏 食 ， 請 粟 於 齊 ， 王 弗 許 。 周子 曰 ： "" 夫 趙 之 於 齊 、 楚 ， 捍 蔽 也 ， 猶 齒 之 有 唇 也 ， 唇 亡 則 齒 寒 ； 今日 亡 趙 ， 明日 患 及 齊 、 楚 矣 。 救 趙 之 務 ， 宜 若 奉 漏甕 沃 焦釜 然 。",，。，。：齊人楚人救趙趙人乏食請粟於齊王弗許周子曰夫趙之於齊楚捍蔽也猶齒之有唇也唇亡則齒寒今日亡趙明日患及齊楚矣救趙之務宜若奉漏甕沃焦釜然。，，。。，，。，。,0.0,0.11764705882352941,0.0,1.0,0.0
且救趙高義也卻秦師顯名也義救亡國威卻強秦不務為此而愛粟為國計者過矣齊王弗聽九月趙軍食絕四十六日皆內陰相殺食急來攻壘欲出為四隊四五復之不能出,"且 救 趙 ， 高義 也 ； 卻 秦師 ， 顯 名 也 ； 義 救 亡國 ， 威 卻 強 秦 。 不 務 為 此 而 愛 粟 ， 為 國 計 者 過 矣 ！ "" 齊王 弗 聽 。 九月 ， 趙軍 食 絕 四十六 日 ， 皆 內 陰 相 殺 食 。 急 來 攻 壘 ， 欲 出 為 四 隊 ， 四 ， 五 復 之 ， 不 能 出 。",，。，。，，。，，。，，。：且救趙高義也卻秦師顯名也義救亡國威卻強秦不務為此而愛粟為國計者過矣齊王弗聽九月趙軍食絕四十六日皆內陰相殺食急來攻壘欲出為四隊四五復之不能出,0.0,0.0,0.0,1.0,0.0
趙括自出銳卒搏戰秦人射殺之,趙括 自 出 銳 卒 搏戰 ， 秦人 射 殺 之 。,，：趙括自出銳卒搏戰秦人射殺之。，。。，。，。：- ,0.0,0.6666666666666666,0.0,1.0,0.0
趙師大敗卒四十萬人皆降,趙師 大 敗 ， 卒 四十萬 人 皆 降 。,"：，""趙師大敗卒四十萬人皆降""。，（）。。""""""""，""",0.0,0.6666666666666666,0.0,1.0,0.0
武安君曰秦已拔上黨上黨民不樂為秦而歸趙趙卒反覆非盡殺之恐為亂乃挾詐而盡坑殺之遺其小者二百四十人歸趙前後斬首虜四十五萬人趙人大震,"武安君 曰 ： "" 秦 已 拔 上黨 ， 上黨 民 不 樂 為 秦 而 歸 趙 。 趙 卒 反覆 ， 非 盡 殺 之 ， 恐 為 亂 。 "" 乃 挾 詐 而 盡 坑 殺 之 ， 遺 其 小 者 二百四十 人 歸 趙 ， 前後 斬 首虜 四十五萬 人 ； 趙人 大 震 。",武安君 曰 秦 已 拔 上黨  上黨  民 不 樂為  秦 而歸  趙 趙 卒 反覆  非盡             殺 之恐為亂乃挾詐而盡坑殺之遺  其 小 者 二 百 四 十 人歸  趙 前 後 斬 首 虜 四 十 五 萬 人 趙 人 大 震,0.5054945054945055,0.0,0.5054945054945055,1.0,0.0
五十六年壬寅十月武安君分軍為三王齕攻趙武安皮牢拔之,五十六年 （ 壬寅 ） 十月 ， 武安君 分 軍 為 三 ： 王齕 攻 趙 武安 、 皮牢 ， 拔 之 。,"，。，。：- ""五十六年壬寅十月""，，（）。，，，。- ""武安君分軍為三王齕攻趙武安皮牢拔之""，",0.0,0.0,0.0,1.0,0.0
司馬梗北定太原盡有上黨地韓魏使蘇代厚幣說應侯曰武安君即圍邯鄲乎,"司馬梗 北 定 太原 ， 盡 有 上黨 地 。 韓 、 魏 使 蘇代 厚 幣 說 應侯 曰 ： "" 武安君 即 圍 邯鄲 乎 ？ """,司馬 梗 北 定 太原盡  有 上黨 地 韓 魏 使 蘇代 厚幣 說 應侯 曰 武安君 即圍  邯鄲 乎,0.7142857142857143,0.0,0.7142857142857143,1.0,0.0
曰然蘇代曰趙亡則秦王王矣武安君為三公君能為之下乎雖欲無為之下固不得已矣秦嘗攻韓圍邢丘困上黨上黨之民皆反為趙天下不樂為秦民之日久矣,"曰 ： "" 然 。 "" 蘇代 曰 ： "" 趙 亡 則 秦王 王 矣 ； 武安君 為 三公 ， 君 能 為 之 下 乎 ？ 雖 欲 無 為 之 下 ， 固 不 得 已 矣 。 秦 嘗 攻 韓 ， 圍 邢丘 ， 困 上黨 ， 上黨 之 民 皆 反 為 趙 ， 天下 不 樂 為 秦 民 之 日 久 矣 。",，。，，。，，，，。，，。：曰然蘇代曰趙亡則秦王王矣武安君為三公君能為之下乎雖欲無為之下固不得已矣秦嘗攻韓圍邢丘困上黨上黨之民皆反為趙天下不樂為秦民之日久矣,0.0,0.0,0.0,1.0,0.0
今亡趙北地入燕東地入齊南地入韓魏則君之所得民無幾何人矣不如因而割之無以為武安君功也應侯言於秦王曰秦兵勞請許韓趙之割地以和且休士卒王聽之割韓垣雍趙六城以和正月皆罷兵,"今 亡 趙 ， 北 地 入 燕 ， 東 地 入 齊 ， 南 地 入 韓 ， 魏 ， 則 君 之 所 得 民 無 幾何 人 矣 。 不如 因 而 割 之 ， 無 以 為 武安君 功 也 。 "" 應侯 言 於 秦王 曰 ： "" 秦 兵 勞 ， 請 許 韓 、 趙 之 割 地 以 和 ， 且 休 士卒 。 "" 王 聽 之 ， 割 韓 垣雍 、 趙 六 城 以 和 ， 正月 ， 皆 罷 兵 。",今 亡 趙 北 地 入 燕 東 地 入 齊 南 地 入 韓 魏 則 君 之 所 得 民 無 幾 何 人 矣 不 如 因 而 割 之 無 以 為 武 安 君 功 也 應 侯 言 於 秦 王 曰  秦 兵勞  ， 請 許 韓 趙 之 割 地 以 和 ， 且 休 士 卒 ， 王 聽 之 ， 割韓  垣 雍 趙 六 城以和正月皆罷兵,0.75,0.27272727272727276,0.75,1.0,0.20454545454545459
武安君由是與應侯有隙,武安君 由 是 與 應侯 有 隙 。,：。：武安君由是與應侯有隙。，。，。，。，,0.0,1.0,0.0,1.0,0.0
趙王將使趙郝約事於秦割六縣,趙王 將 使 趙郝 約 事 於 秦 ， 割 六 縣 。,，。，。：- 趙王：，，。- 將使趙郝約事於秦割六縣：，。,0.15384615384615385,0.5,0.0,1.0,0.07692307692307693
虞卿謂趙王曰秦之攻王也倦而歸乎王以其力尚能進愛王而弗攻乎王曰秦不遺餘力矣必以倦而歸也,"虞卿 謂 趙王 曰 ： "" 秦 之 攻 王 也 ， 倦 而 歸 乎 ？ 王 以 其 力 尚 能 進 ， 愛 王 而 弗 攻 乎 ？ "" 王 曰 ： "" 秦 不 遺 餘 力 矣 ， 必 以 倦 而 歸 也 。 """,，：虞卿謂趙王曰秦之攻王也倦而歸乎王以其力尚能進愛王而弗攻乎王曰秦不遺餘力矣必以倦而歸也。，。。，，。，，，，。,0.0,0.2222222222222222,0.0,1.0,0.0
虞卿曰秦以其力攻其所不能取倦而歸王又以其力之所不能取以送之是助秦自攻也來年秦攻王王無救矣,"虞卿 曰 ： "" 秦 以 其 力 攻 其 所 不 能 取 ， 倦 而 歸 ， 王 又 以 其 力 之 所 不 能 取 以 送 之 ， 是 助 秦 自 攻 也 。 來年 秦 攻 王 ， 王 無 救 矣 。 """,虞卿 曰 秦  以 其 力 攻 其 所 不 能 取倦    而歸   王  又 以 其 力 之 所 不 能 取  以 送 之  是 助 秦 自 攻 也  來 年  秦 攻 王  王 無 救 矣 ,0.8915662650602411,0.0,0.8915662650602411,1.0,0.0
趙王計未定樓緩至趙趙王與之計之樓緩曰虞卿得其一不得其二秦趙構難而天下皆說何也曰吾且因強而乘弱矣今趙不如亟割地為和以疑天下慰秦之心不然天下將因秦之怒乘趙之敝瓜分之趙且亡何秦之圖乎虞卿聞之復見曰危哉樓子之計是愈疑天下而何慰秦之心哉獨不言其示天下弱乎且臣言勿與者非固勿與而已也秦索六城於王而王以六城賂齊齊秦之深讎也其聽王不待辭之畢也則是王失之於齊而取償於秦而示天下有能為也,"趙王 計 未 定 ， 樓緩 至 趙 ， 趙王 與 之 計 之 。 樓緩 曰 ： "" 虞卿 得 其 一 ， 不 得 其 二 。 秦 、 趙 構 難 而 天下 皆 說 ， 何 也 ？ 曰 ： 『 吾 且 因 強 而 乘 弱 矣 。 』 今 趙 不 如 亟 割 地 為 和 以 疑 天下 ， 慰 秦 之 心 。 不 然 ， 天下 將 因 秦 之 怒 ， 乘 趙 之 敝 ， 瓜分 之 ， 趙 且 亡 ， 何 秦 之 圖 乎 ！ "" 虞卿 聞 之 ， 復 見 曰 ： "" 危 哉 樓子 之 計 ， 是 愈 疑 天下 ， 而 何 慰 秦 之 心 哉 ！ 獨 不 言 其 示 天下 弱 乎 ？ 且 臣 言 勿 與 者 ， 非 固 勿 與 而已 也 ； 秦 索 六 城 於 王 ， 而 王 以 六 城 賂 齊 。 齊 ， 秦 之 深 讎 也 ， 其 聽 王 不 待 辭 之 畢 也 。 則 是 王 失 之 於 齊 而 取 償 於 秦 ， 而 示 天下 有 能 為 也 。",趙王 計 未 定樓  緩 至趙   趙王 與之  計之樓緩     曰  虞 卿 得 其 一  不 得 其 二秦趙構     難 而天下  皆 說  何 也  曰  吾 且 因 強 而 乘 弱 矣  今趙  不 如亟 割 地為  和  以 疑天下慰秦之      心  不 然天下   將 因秦之   怒  乘趙之   敝  瓜 分之趙    且 亡  何秦之   圖 乎  虞 卿聞之    復 見 曰  危 哉樓   子之  計 是愈   疑天下   而 何慰秦之    心 哉  獨 不 言 其 示天下  弱 乎  且 臣 言 勿 與 者  非 固 勿 與 而 已 也秦   索 六 城 於王而王以六城賂齊齊秦之深讎也其聽王不待辭之畢也則是王失之於齊而取償於秦而示天下有能為也,0.4924242424242424,0.0,0.4924242424242424,1.0,0.0
王以此發聲兵未窺於境臣見秦之重賂至趙而反媾於王也從秦為媾韓魏聞之必盡重王是王一舉而結三國之親而與秦易道也,"王 以 此 發 聲 ， 兵 未 窺 於 境 ， 臣 見 秦 之 重賂 至 趙 而 反 媾 於 王 也 。 從 秦 為 媾 ， 韓 、 魏 聞 之 ， 必 盡 重 王 ， 是 王 一 舉 而 結 三 國 之 親 而 與 秦 易道 也 。 """,王 以 此 發聲  兵 未窺  於 境 臣 見 秦 之 重 賂 至 趙 而 反 媾 於 王 也 從 秦為  媾 韓 魏 聞 之 必             盡重王是王一舉 而結三國之親而 與 秦 易 道 也,0.6436781609195402,0.0,0.6436781609195402,1.0,0.0
趙王曰善使虞卿東見齊王與之謀秦虞卿未返秦使者已在趙矣,"趙王 曰 ： "" 善 。 "" 使 虞卿 東 見 齊王 ， 與 之 謀 秦 。 虞卿 未 返 ， 秦 使者 已 在 趙 矣 。","趙，。，。：王曰""善使虞卿東見齊王與之謀秦""，""虞卿未返秦使者已在趙矣""。，，。，",0.0,0.2,0.0,1.0,0.0
樓緩聞之亡去趙王封虞卿以一城,樓緩 聞 之 ， 亡 去 。 趙王 封 虞卿 以 一 城 。,"，。，。：""樓緩聞之""，。""亡去趙王""，""""？""封虞卿以一城""，",0.0,0.0,0.0,1.0,0.0
秦之始伐趙也魏王問於大夫皆以為秦伐趙於魏便孔斌曰何謂也曰勝趙則吾因而服焉不勝趙則可承敝而擊之子順曰不然秦自孝公以來戰未嘗屈今又屬其良將何敝之承大夫曰縱其勝趙於我何損鄰之羞國之福也子順曰秦貪暴之國也勝趙必復他求吾恐於時魏受其師也,"秦 之 始 伐 趙 也 ， 魏王 問 於 大夫 ， 皆 以 為 秦 伐 趙 ， 於 魏 便 。 孔斌 曰 ： "" 何 謂 也 ？ "" 曰 ： "" 勝 趙 ， 則 吾 因 而 服 焉 ； 不 勝 趙 ， 則 可 承 敝 而 擊 之 。 "" 子順 曰 ： "" 不 然 。 秦 自 孝公 以 來 ， 戰 未嘗 屈 ， 今 又 屬 其 良將 ， 何 敝 之 承 ！ "" 大夫 曰 ： "" 縱 其 勝 趙 ， 於 我 何 損 ？ 鄰 之 羞 ， 國 之 福 也 。 "" 子順 曰 ： "" 秦 ， 貪 暴 之 國 也 ， 勝 趙 ， 必 復 他 求 ， 吾 恐 於 時 魏 受 其 師 也 。",，。，，。。，、、、、，，。，、、、，，。，，。，秦之始伐趙也魏王問於大夫皆，，，，，以為秦伐趙於魏便孔斌曰何謂也曰勝趙則吾因而服焉。，？。不勝趙則可承敝而擊之子順曰不然秦自孝公，，以來戰未嘗屈今又屬其良將何敝之承大夫曰縱其勝趙於我何損鄰之羞國之福也子順曰秦貪暴之國也勝趙必復他求吾恐於時魏受其師也。,0.0,0.0625,0.0,1.0,0.0
先人有言燕雀處屋子母相哺呴呴焉相樂也自以為安矣灶突炎上棟宇將焚燕雀顏不變不知禍之將及己也今子不悟趙破患將及己可以人而同於燕雀乎子順者孔子六世孫也,"先人 有 言 ， 燕雀 處 屋 ， 子母 相 哺 ， 呴呴 焉 相 樂 也 ， 自 以 為 安 矣 。 灶 突 炎 上 ， 棟宇 將 焚 ， 燕雀 顏 不 變 ， 不 知 禍 之 將 及 己 也 。 今 子 不 悟 趙 破 患 將 及 己 ， 可 以 人 而 同 於 燕雀 乎 ！ "" 子順 者 ， 孔子 六 世孫 也 。",先人 有 言 燕雀 處 屋子 母 相 哺呴呴 焉 相樂  也 自 以 為 安 矣 灶 突 炎 上 棟 宇 將 焚 燕雀顏  不 變 不 知 禍 之 將 及 己 也 今 子 不 悟 趙 破 患 將 及 己 可 以 人 而 同 於 燕雀 乎 子 順 者 孔子 六 世 孫 也,0.8225806451612904,0.0,0.8225806451612904,1.0,0.0
初魏王聞子順賢遣使者奉黃金束帛聘以為相,初 ， 魏王 聞 子順 賢 ， 遣 使者 奉 黃金 束帛 ， 聘 以 為 相 。,，：初魏王聞子順賢遣使者奉黃金束帛聘以為相。，。。，。，。：- ，,0.0,0.4,0.0,1.0,0.0
子順曰若王能信用吾道吾道固為治世也雖蔬食飲水吾猶為之若徒欲制服吾身委以重祿吾猶一夫耳魏王奚少於一夫,"子順 曰 ： "" 若 王 能 信 用 吾 道 ， 吾 道 固 為 治 世 也 ， 雖 蔬食 飲 水 ， 吾 猶 為 之 。 若 徒 欲 制 服 吾 身 ， 委 以 重 祿 ， 吾 猶 一 夫 耳 ， 魏王 奚 少 於 一 夫 ！ """,子 順 曰  若 王 能 信 用 吾 道  吾 道 固 為 治 世 也  雖 蔬 食 飲 水  吾 猶 為 之  若 徒 欲 制 服 吾 身  委 以 重祿   吾 猶 一 夫 耳  魏 王 奚 少 於 一 夫 ,0.8723404255319149,0.0,0.8723404255319149,1.0,0.0
使者固請子順乃之魏魏王郊迎以為相子順改嬖寵之官以事賢才奪無任之祿以賜有功,使者 固 請 ， 子順 乃 之 魏 ； 魏王 郊 迎 以 為 相 。 子順 改 嬖寵 之 官 以 事 賢 才 ， 奪 無 任 之 祿 以 賜 有 功 。,，：使者固請子順乃之魏魏王郊迎以為相子順改嬖寵之官以事賢才奪無任之祿以賜有功。，。。，，，。，，，,0.0,0.33333333333333337,0.0,1.0,0.0
諸喪職者咸不悅乃造謗言,諸 喪 職 者 咸 不 悅 ， 乃 造 謗言 。,，：諸喪職者咸不悅乃造謗言。，。。，。，。，，,0.0,0.6666666666666666,0.0,1.0,0.0
文咨以告子順,文咨 以 告 子順 。," """": ""文 咨 以 告 子 順"", """": ""     "" ",0.4,0.0,0.4,1.0,0.0
子順曰民之不可與慮始久矣古之善為政者其初不能無謗子產相鄭三年而後謗止吾先君之相魯三月而後謗止今吾為政日新雖不能及賢庸知謗乎文咨曰未識先君之謗何也子順曰先君相魯人誦之曰麛裘而芾投之無戾芾而麛裘投之無郵及三月政化既成民又誦曰裘衣章甫實獲我所章甫裘衣惠我無私,"子順 曰 ： "" 民 之 不 可 與 慮 始 久 矣 ！ 古 之 善 為 政 者 ， 其 初 不 能 無 謗 。 子產 相 鄭 ， 三 年 而 後 謗 止 ； 吾 先君 之 相 魯 ， 三 月 而 後 謗 止 。 今 吾 為 政 日 新 ， 雖 不 能 及 賢 ， 庸 知 謗 乎 ！ "" 文咨 曰 ： "" 未 識 先君 之 謗 何 也 ？ "" 子順 曰 ： "" 先君 相 魯 ， 人 誦 之 曰 ： 『 麛 裘 而 芾 ， 投 之 無 戾 。 芾 而 麛 裘 ， 投 之 無 郵 。 』 及 三 月 ， 政化 既 成 ， 民 又 誦 曰 ： 『 裘衣 章甫 ， 實 獲 我 所 ， 章甫 裘衣 ， 惠 我 無 私 。 』 """,，。，，。，，，，。，，。：子順曰民之不可與慮始久矣古之善為政者其初不能無謗子產相鄭三年而後謗止吾先君之相魯三月而後謗止今吾為政日新雖不能及賢庸知謗乎文咨曰未識先君之謗何也子順曰先君相魯人誦之曰麛裘而芾投之無戾芾而麛裘投之無郵及三月政化既成民又誦曰裘衣章甫實獲我所章甫裘衣惠我無私。，、,0.0,0.07142857142857142,0.0,1.0,0.0
文咨喜曰乃今知先生不異乎聖賢矣子順相魏凡九月陳大計輒不用乃喟然曰言不見用是吾言之不當也言不當於主居人之官食人之祿是尸利素餐吾罪深矣,"文咨 喜 曰 ： "" 乃 今 知 先生 不 異 乎 聖賢 矣 。 "" 子順 相 魏 凡 九 月 ， 陳 大計 輒 不 用 ， 乃 喟然 曰 ： "" 言 不 見 用 ， 是 吾 言 之 不 當 也 。 言 不 當 於 主 ， 居 人 之 官 ， 食 人 之 祿 ， 是 尸 利 素 餐 ， 吾 罪 深 矣 ！ """,文 咨  喜  曰  乃  今  知  先生  不  異乎    聖賢  矣  子  順  相  魏  凡  九月  陳  大計輒      不  用  乃喟    然  曰言    不  見  用  是  吾言    之  不  當  也言    不  當  於  主  居  人  之  官食人之祿是尸利素餐吾罪深矣 ,0.5742574257425742,0.0,0.5742574257425742,1.0,0.0
退而以病致仕,退 而 以 病 致仕 。,退，。，。，，。，、，而以病致仕,0.0,0.0,0.0,1.0,0.0
人謂子順曰王不用子子其行乎答曰行將何之山東之國將並於秦秦為不義義所不入遂寢於家新垣固請子順曰賢者所在必興化致治,"人 謂 子順 曰 ： "" 王 不 用 子 ， 子 其 行 乎 ？ "" 答 曰 ： "" 行 將 何 之 ？ 山 東 之 國 將 並 於 秦 ； 秦 為 不 義 ， 義 所 不 入 。 "" 遂 寢 於 家 。 新垣固 請 子順 曰 ： "" 賢 者 所 在 ， 必 興 化 致 治 。","，。，""""""""。，""""、""""、""""。，（），，，。：""人謂子順曰王不用子子其行乎答曰行將何之山東之國將並於秦秦為不義義所不入遂寢於家新垣固請子順曰賢者所在必興化致治",0.0,0.0,0.0,1.0,0.0
今子相魏未聞異政而即自退意者志不得乎何去之速也子順曰以無異政所以自退也且死病無良醫,"今 子 相 魏 ， 未 聞 異 政 而 即 自 退 ， 意 者 志 不 得 乎 ， 何 去 之 速 也 ？ "" 子順 曰 ： "" 以 無 異 政 ， 所 以 自 退 也 ， 且 死 病 無 良 醫 。",今 子 相 魏  未 聞 異 政  而 即 自 退 意  者 志 不 得乎    何 去 之 速  也  子 順 曰  以 無 異 政  所 以 自 退  也  且 死 病 無 良 醫 ,0.925,0.0,0.925,1.0,0.0
今秦有吞食天下之心以義事之固不獲安救亡不暇何化之興昔伊摯在夏呂望在商而二國不治豈伊呂之不欲哉勢不可也,今 秦 有 吞 食 天下 之 心 ， 以 義 事 之 ， 固 不 獲 安 ； 救 亡 不 暇 ， 何 化 之 興 ！ 昔 伊摯 在 夏 ， 呂望 在 商 ， 而 二 國 不 治 ， 豈 伊 、 呂 之 不 欲 哉 ？ 勢 不 可 也 。,今 秦  有 吞  食 天下  之 心  以 義  事 之  固 不  獲 安  救 亡  不 暇  何 化  之 興  昔  伊摯   在 夏  呂 望  在 商  而二   國  不 治  豈  伊呂   之 不 欲  哉勢    不 可  也 ,0.8695652173913044,0.0,0.8695652173913044,1.0,0.0
當今山東之國敝而不振三晉割地以求安二周折而入秦燕齊楚已屈服矣,當 今 山 東 之 國 敝 而 不 振 ， 三晉 割 地 以 求 安 ， 二周 折 而 入 秦 ， 燕 、 齊 、 楚 已 屈服 矣 。,當今 山東 之 國 敝 而 不 振 三晉 割 地 以 求 安 二周 折 而 入 秦 燕 齊 楚 已 屈服 矣,0.8846153846153846,0.0,0.8846153846153846,1.0,0.0
以此觀之不出二十年天下其盡為秦乎,"以 此 觀 之 ， 不 出 二十 年 ， 天下 其 盡 為 秦 乎 ！ """,，。，。：以此觀之不出二十年天下其盡為秦乎。（），，（）。,0.0,0.0,0.0,1.0,0.0
秦王欲為應侯必報其仇聞魏齊在平原君所乃為好言誘平原君至秦而執之,秦王 欲 為 應侯 必 報 其 仇 ， 聞 魏齊 在 平原君 所 ， 乃 為 好言 誘 平原君 至 秦 而 執 之 。,秦 王 欲為  應侯 必 報 其 仇 聞 魏 齊 在 平原君 所 乃為  好言  誘 平原君 至 秦 而執  之,0.6666666666666666,0.0,0.6666666666666666,1.0,0.0
遣使謂趙王曰不得齊首吾不出王弟於關魏齊窮抵虞卿虞卿棄相印與魏齊偕亡,"遣 使 謂 趙王 曰 ： "" 不 得 齊 首 ， 吾 不 出 王 弟 於 關 ！ "" 魏齊 窮 ， 抵 虞卿 ， 虞卿 棄 相印 ， 與 魏齊 偕 亡 。",遣使 謂 趙王 曰 不得 齊 首 吾 不 出 王 弟 於關  魏齊窮   抵 虞卿 虞卿棄  相 印 與 魏齊  偕亡 ,0.5714285714285714,0.0,0.5714285714285714,1.0,0.0
至魏欲因信陵君以走楚信陵君意難見之魏齊怒自殺趙王卒取其首以與秦秦乃歸平原君九月五大夫王陵復將兵伐趙,至 魏 ， 欲 因 信陵君 以 走 楚 。 信陵君 意 難 見 之 ， 魏齊 怒 ， 自 殺 。 趙王 卒 取 其 首 以 與 秦 ， 秦 乃 歸 平原君 。 九月 ， 五大夫 王陵 復 將 兵 伐 趙 。,，。。，。。：至魏欲因信陵君以走楚。，，。，。，。，。信陵君意難見之魏齊怒自殺趙王卒取其首，。以與秦秦乃歸平原君九月五大夫王陵復將兵伐趙，。，，,0.0,0.3333333333333333,0.0,1.0,0.0
武安君病不任行,武安君 病 ， 不 任 行 。,武安君病不，任行。，。，，。，、，,0.0,0.5,0.0,1.0,0.0
五十七年癸卯正月王陵攻邯鄲少利益發卒佐陵陵亡五校,五十七年 （ 癸卯 ） 正月 ， 王陵 攻 邯鄲 ， 少 利 ， 益 發 卒 佐 陵 ； 陵 亡 五 校 。,，：五十七年癸卯正月王陵攻邯鄲少利益發卒佐陵陵亡五校。，。，，。，，，。，，。,0.0,0.25,0.0,1.0,0.0
武安君病癒王欲使代之武安君曰邯鄲實未易攻也且諸侯之救日至彼諸侯怨秦之日久矣秦雖勝於長平士卒死者過半國內空遠絕河山而爭人國都趙應其內諸侯攻其外破秦軍必矣王自命不行乃使應侯請之武安君終辭疾不肯行乃以王齕代王陵,"武安君 病 癒 ， 王 欲 使 代 之 。 武安君 曰 ： "" 邯鄲 實 未 易 攻 也 ； 且 諸侯 之 救 日 至 。 彼 諸侯 怨 秦 之 日 久 矣 ， 秦 雖 勝 於 長平 ， 士卒 死 者 過 半 ， 國 內 空 ， 遠 絕 河山 而 爭 人 國都 ， 趙 應 其 內 ， 諸侯 攻 其 外 ， 破 秦軍 必 矣 。 "" 王 自 命 不 行 ， 乃 使 應侯 請 之 。 武安君 終 辭 疾 ， 不 肯 行 ； 乃 以 王齕 代 王陵 。",，。，，。，，，。，，。：武安君病癒王欲使代之武安君曰邯鄲實未易攻也且諸侯之救日至彼諸侯怨秦之日久矣秦雖勝於長平士卒死者過半國內空遠絕河山而爭人國都趙應其內諸侯攻其外破秦軍必矣王自命不行乃使應侯請之武安君終辭疾不肯行乃以王齕代王陵。，。，。,0.0,0.10526315789473684,0.0,1.0,0.0
趙王使平原君求救於楚平原君約其門下食客文武備具者二十人與之俱得十九人餘無可取者毛遂自薦於平原君,趙王 使 平原君 求 救 於 楚 ， 平原君 約 其 門 下 食客 文 武 備 具 者 二十 人 與 之 俱 ， 得 十九 人 ， 餘 無 可 取 者 。 毛遂 自 薦 於 平原君 。,趙王使平原君求救於楚平原君約其門下食客文武備具者二十人與之俱得十九人餘無可取者毛遂自薦於平原君,0.0,0.0,0.0,1.0,0.0
平原君曰夫賢士之處世也譬若錐之處囊中其末立見,"平原君 曰 ： "" 夫 賢 士 之 處 世 也 ， 譬 若 錐 之 處 囊 中 ， 其 末 立 見 。",平 原 君 曰  夫 賢 士 之 處 世 也  譬 若 錐 之 處 囊 中  其 末 立 見 ,0.9047619047619048,0.0,0.9047619047619048,1.0,0.0
今先生處勝之門下三年於此矣左右未有所稱誦勝未有所聞是先生無所有也先生不能先生留,"今 先生 處 勝 之 門 下 三 年 於 此 矣 ， 左右 未 有 所 稱 誦 ， 勝 未 有 所 聞 ， 是 先生 無 所 有 也 。 先生 不 能 ， 先生 留 ！ """,今 先生 處 勝 之 門 下 三 年 於 此 矣 左 右 未 有 所稱 誦 勝 未 有 所 聞 是 先生 無 所 有 也 先生 不 能 先生 留,0.9117647058823528,0.0,0.9117647058823528,1.0,0.0
毛遂曰臣乃今日請處囊中耳使遂蚤得處囊中乃脫穎而出非特其末見而已,"毛遂 曰 ： "" 臣 乃 今日 請 處 囊 中 耳 ！ 使 遂 蚤 得 處 囊 中 ， 乃 脫 穎 而 出 ， 非 特 其 末 見 而已 。 """,，。，。：毛遂曰臣乃今日請處囊中耳使遂蚤得處囊中乃脫穎而出非特其末見而已。，（），，，。,0.0,0.33333333333333337,0.0,1.0,0.0
平原君乃與之俱十九人相與目笑之,平原君 乃 與 之 俱 ， 十九 人 相 與 目 笑 之 。,平 原 君 乃 與 之 俱 十 九 人 相與  目 笑 之 ,0.6153846153846153,0.0,0.6153846153846153,1.0,0.0
平原君至楚與楚王言合從之利害日出而言之日中不決毛遂按劍歷階而上謂平原君曰從之利害兩言而決耳,"平原君 至 楚 ， 與 楚王 言 合從 之 利害 ， 日 出 而 言 之 ， 日中 不 決 。 毛遂 按 劍 歷 階 而 上 ， 謂 平原君 曰 ： "" 從 之 利害 ， 兩 言 而 決 耳 ！",平 原 君  至  楚  與  楚 王  言  合 從  之 利 害  日 出  而                                    言之日中不   決毛遂按劍歷階而上謂平原君曰從之利害兩言而決耳  ,0.2962962962962963,0.0,0.2962962962962963,1.0,0.0
今日出而言日中不決何也楚王怒叱曰胡不下,"今 日 出 而 言 ， 日中 不 決 ， 何 也 ？ "" 楚王 怒 叱 曰 ： "" 胡 不 下 ！",今 日 出 而 言 日 中 不 決 何 也  楚 王 怒 叱 曰  胡 不 下 ,0.8333333333333333,0.0,0.8333333333333333,1.0,0.0
吾乃與而君言汝何為者也毛遂按劍而前曰王之所以叱遂者以楚國之眾也今十步之內王不得恃楚國之眾也王之命懸於遂手吾君在前叱者何也且遂聞湯以七十里之地王天下文王以百里之壤而臣諸侯豈其士卒眾多哉誠能據其勢而奮其威也今楚地方五千里持戟百萬此霸王之資也以楚之強天下弗能當白起小豎子耳率數萬之眾興師以與楚戰一戰而舉鄢郢再戰而燒夷陵三戰而辱王之先人此百世之怨而趙之所羞而王弗之惡焉合從者為楚非為趙也吾君在前叱者何也楚王曰唯唯誠若先生之言謹奉社稷以從,"吾 乃 與 而 君 言 ， 汝 何 為 者 也 ？ "" 毛遂 按 劍 而 前 曰 ： "" 王 之 所 以 叱 遂 者 ， 以 楚國 之 眾 也 。 今 十 步 之 內 ， 王 不 得 恃 楚國 之 眾 也 ！ 王 之 命 懸 於 遂 手 。 吾 君 在 前 ， 叱 者 何 也 ？ 且 遂 聞 湯 以 七十 里 之 地 王 天下 ， 文王 以 百 里 之 壤 而 臣 諸侯 ， 豈 其 士卒 眾 多 哉 ？ 誠 能 據 其 勢 而 奮 其 威 也 。 今 楚 地 方 五千 里 ， 持 戟 百萬 ， 此 霸王 之 資 也 。 以 楚 之 強 ， 天下 弗 能 當 。 白起 ， 小豎子 耳 ， 率 數萬 之 眾 ， 興 師 以 與 楚 戰 ， 一 戰 而 舉 鄢 、 郢 ， 再 戰 而 燒 夷陵 ， 三 戰 而 辱 王 之 先人 ， 此 百 世 之 怨 而 趙 之 所 羞 ， 而 王 弗 之 惡 焉 。 合從 者 為 楚 ， 非 為 趙 也 。 吾 君 在 前 ， 叱 者 何 也 ？ "" 楚王 曰 ： "" 唯 唯 ， 誠 若 先生 之 言 ， 謹 奉 社稷 以 從 。 ""","，。，，。，。，( ) , - : 、 。 〈 〉 《 》 「 」 『 』 〔 〕 ！ （ ） ， ． ： ； ？，。，，。：吾乃與而君言汝何為者也毛遂按劍而前曰王之所以叱遂者以楚國之眾也今十步之內王不得恃楚國之眾也王之命懸於遂手吾君在前叱者何也且遂聞湯以七十里之地王天下文王以百里之壤而臣諸侯豈其士卒眾多哉誠能據其勢而奮其威也今楚地方五千里持戟百萬此霸王之資也以楚之強天下弗能當白起小豎子耳率數萬之眾興師以與楚戰一戰而舉鄢郢再戰而燒夷陵三戰而辱王之先人此百世之怨而趙之所羞而王弗之惡焉合從者為楚非為趙也吾君在前叱者何也楚王曰唯唯誠若先生之言謹奉社稷以從。，。，。，",0.0,0.052631578947368425,0.0,1.0,0.0
毛遂曰從定乎楚王曰定矣毛遂謂楚王之左右曰取雞狗馬之血來,"毛遂 曰 ： "" 從 定 乎 ？ "" 楚王 曰 ： "" 定 矣 。 "" 毛遂 謂 楚王 之 左右 曰 ： "" 取 雞 、 狗 、 馬 之 血 來 ！ """,，：毛遂曰從定乎楚王曰定矣毛遂謂楚王之左右曰取雞狗馬之血來。，。。，，，。，，。，,0.0,0.0,0.0,1.0,0.0
毛遂奉銅盤而跪進之楚王曰王當歃血以定從次者吾君次者遂遂定從於殿上毛遂左手持盤血而右手招十九人曰公等相與歃此血於堂下公等錄錄所謂因人成事者也,"毛遂 奉 銅盤 而 跪 進 之 楚王 曰 ： "" 王 當 歃 血 以 定 從 ， 次 者 吾 君 ， 次 者 遂 。 "" 遂 定 從 於 殿 上 。 毛遂 左 手 持 盤血 而 右 手 招 十九 人 曰 ： "" 公 等 相與 歃 此 血 於 堂 下 ！ 公 等 錄錄 ， 所 謂 『 因 人 成 事 』 者 也 。 """,毛遂 奉 銅 盤 而 跪 進 之 楚 王 曰  王 當歃  血 以 定 從  次 者 吾 君  次 者 遂  遂 定 從 於 殿 上  毛 遂 左 手 持 盤 血 而 右 手 招 十 九 人 曰  公 等 相 與歃  此 血 於 堂 下  公 等錄錄    所 謂 因 人 成 事者也 ,0.7642276422764228,0.0,0.7642276422764228,1.0,0.0
平原君已定從而歸至於趙曰勝不敢相天下士矣,"平原君 已 定 從 而 歸 ， 至 於 趙 ， 曰 ： "" 勝 不 敢 相 天下 士 矣 ！ """,平 原 君 已 定 從 而歸  至 於 趙 曰勝   不 敢 相 天下 士 矣 ,0.7058823529411765,0.0,0.7058823529411765,1.0,0.0
遂以毛遂為上客,遂 以 毛遂 為 上客 。,遂  以  毛遂  為  上  客  。,0.7272727272727272,1.0,0.7272727272727272,1.0,0.7272727272727272
於是楚王使春申君將兵救趙魏王亦使將軍晉鄙將兵十萬救趙,於是 楚王 使 春申君 將 兵 救 趙 ， 魏王 亦 使 將軍 晉鄙 將 兵 十萬 救 趙 。,於是，。：楚王使春申君將兵救趙，魏王亦。（、、、）、（使將軍晉鄙將、兵、）（十萬救趙）。，：-  ，，,0.0,0.5,0.0,1.0,0.0
秦王使謂魏王曰吾攻趙旦暮且下諸侯敢救之者吾已拔趙必移兵先擊之魏王恐遣人止晉鄙留兵壁鄴名為救趙實挾兩端,"秦王 使 謂 魏王 曰 ： "" 吾 攻 趙 ， 旦暮 且 下 ， 諸侯 敢 救 之 者 ， 吾 已 拔 趙 ， 必 移 兵 先 擊 之 ！ "" 魏王 恐 ， 遣 人 止 晉鄙 ， 留 兵 壁 鄴 ， 名 為 救 趙 ， 實 挾 兩 端 。","，。，。：，，，，，，。，：- ""秦王使謂魏王曰吾攻趙旦暮且下諸侯敢救之""：，""者吾已拔趙必移兵先擊之魏王恐遣人止晉鄙留兵壁鄴名為救趙實挾兩端""。，，",0.0,0.15384615384615385,0.0,1.0,0.0
又使將軍新垣衍間入邯鄲因平原君說趙王欲共尊秦為帝以卻其兵齊人魯仲連在邯鄲聞之往見新垣衍曰彼秦者棄禮義而上首功之國也,"又 使 將軍 新垣衍 間 入 邯鄲 ， 因 平原君 說 趙王 ， 欲 共 尊 秦 為 帝 ， 以 卻 其 兵 。 齊人 魯仲連 在 邯鄲 ， 聞 之 ， 往 見 新垣衍 曰 ： "" 彼 秦 者 ， 棄 禮義 而 上 首功 之 國 也 。",又 使 將軍 新垣衍 間 入 邯鄲 因 平原君 說 趙王 欲 共 尊 秦為  帝 以 卻 其 兵 齊人 魯仲連 在 邯鄲 聞 之 往 見 新垣衍 曰 彼 秦 者棄禮  義 而 上 首功 之 國 也,0.9024390243902439,0.0,0.9024390243902439,1.0,0.0
彼即肆然而為帝於天下則連有蹈東海而死耳不願為之民也且梁未睹秦稱帝之害故耳吾將使秦王烹醢梁王新垣衍怏然不悅曰先生惡能使秦王烹醢梁王,"彼 即 肆然 而 為 帝 於 天下 ， 則 連 有 蹈 東海 而 死 耳 ， 不 願 為 之 民 也 ！ 且 梁 未 睹 秦 稱 帝 之 害 故 耳 ， 吾 將 使 秦王 烹 醢 梁王 ！ "" 新垣衍 怏然 不 悅 曰 ： "" 先生 惡 能 使 秦王 烹 醢 梁王 ？ ""","，。，。：  ""彼即肆然而為帝於天下則連有蹈東海而死耳不願為之民也且梁未睹秦稱帝之害故耳吾將使秦王烹醢梁王新垣衍怏然不悅曰先生惡能使秦王烹醢梁王""  ，（），，。""""（），。，""",0.0,0.0,0.0,1.0,0.0
魯仲連曰固也吾將言之昔者九侯鄂侯文王紂之三公也九侯有子而好獻之於紂紂以為惡醢九侯鄂侯爭之強辯之疾故脯鄂侯文王聞之喟然而歎故拘之牖里之庫百日欲令之死,"魯仲連 曰 ： "" 固 也 ， 吾 將 言 之 。 昔者 九侯 、 鄂侯 、 文王 ， 紂 之 三 公 也 。 九侯 有 子 而 好 ， 獻 之 於 紂 ， 紂 以 為 惡 ， 醢 九侯 ； 鄂侯 爭 之 強 ， 辯 之 疾 ， 故 脯 鄂侯 ； 文王 聞 之 ， 喟然 而 歎 ， 故 拘 之 牖里 之 庫 百 日 ， 欲 令 之 死 。",魯仲連曰固也吾將言之昔者九侯鄂侯文王紂之三公也九侯有子而好獻之於紂紂以為惡醢九侯鄂侯爭之強辯之疾故脯鄂侯文王聞之喟然而歎故拘之牖里之庫百日欲令之死,0.0,0.0,0.0,1.0,0.0
今秦萬乘之國也梁亦萬乘之國也俱據萬乘之國各有稱王之名奈何睹其一戰而勝欲從而帝之卒就脯醢之地乎,今 秦 ， 萬 乘 之 國 也 ， 梁 ， 亦 萬 乘 之 國 也 ； 俱 據 萬 乘 之 國 ， 各 有 稱 王 之 名 ， 奈何 睹 其 一 戰 而 勝 ， 欲 從 而 帝 之 ， 卒 就 脯醢 之 地 乎 ！,今 秦 萬乘 之 國 也 梁 亦 萬乘 之 國 也 俱 據 萬乘 之 國 各 有 稱 王 之 名 奈何 睹 其 一 戰 而 勝 欲 從 而 帝 之 卒 就 脯 醢 之 地 乎,0.8604651162790699,0.0,0.8604651162790699,1.0,0.0
且秦無已而帝則將行其天子之禮以號令於天下則且變易諸侯之大臣彼將奪其所不肖而與其所賢奪其所憎而與其所愛彼又將使其子女讒妾為諸侯妃姬處梁之宮梁王安得晏然而已乎而將軍又何以得故寵乎新垣衍起再拜曰吾乃今知先生天下之士也吾請出不敢復言帝秦矣,"且 秦 無 已 而 帝 ， 則 將 行 其 天子 之 禮 以 號令 於 天下 ， 則 且 變 易 諸侯 之 大臣 ， 彼 將 奪 其 所 不 肖 而 與 其 所 賢 ， 奪 其 所 憎 而 與 其 所 愛 ， 彼 又 將 使 其 子女 讒 妾 為 諸侯 妃姬 ， 處 梁 之 宮 ， 梁王 安 得 晏然 而 已 乎 ！ 而 將軍 又 何 以 得 故 寵 乎 ！ "" 新垣衍 起 ， 再 拜 曰 ： "" 吾 乃 今 知 先生 天下 之 士 也 ！ 吾 請 出 ， 不 敢 復 言 帝 秦 矣 ！ """,，。，，。，，，，。，，。：且秦無已而帝則將行其天子之禮以號令於天下則且變易諸侯之大臣彼將奪其所不肖而與其所賢奪其所憎而與其所愛彼又將使其子女讒妾為諸侯妃姬處梁之宮梁王安得晏然而已乎而將軍又何以得故寵乎新垣衍起再拜曰吾乃今知先生天下之士也吾請出不敢復言帝秦矣。，，。，,0.0,0.0,0.0,1.0,0.0
燕武成王薨子孝王立,燕武成王 薨 ， 子 孝王 立 。,"，。，。""燕武成王薨""（），""子孝王立""（）。，，""",0.0,1.0,0.0,1.0,0.0
初魏公子無忌仁而下士致食客三千人魏有隱士曰侯嬴年七十家貧為大梁夷門監者,初 ， 魏 公子無忌 仁 而 下士 ， 致 食客 三千 人 。 魏 有 隱士 曰 侯嬴 ， 年 七十 ， 家 貧 ， 為 大梁 夷門 監 者 。,初 魏 公子 無忌 仁 而 下 士 致 食 客 三 千 人  魏 有 隱士 曰 侯嬴 年 七 十  家 貧  為 大 梁 夷門 監者 ,0.6037735849056604,0.0,0.6037735849056604,1.0,0.0
公子置酒大會賓客坐定公子從車騎虛左自迎侯生,公子 置 酒 大 會 賓客 ， 坐 定 ， 公子 從 車騎 虛 左 自 迎 侯生 。,，。，。，，。，、，。，。：公子置酒大會賓客坐定公子從車騎虛左自迎侯生,0.0,0.0,0.0,1.0,0.0
侯生攝敝衣冠直上載公子上坐不讓公子執轡愈恭侯生又謂公子曰臣有客在市屠中願枉車騎過之公子引車入市侯生下見其客朱亥睥睨故久立與其客語微察公子公子色愈和乃謝客就車至公子家公子引侯生坐上坐偏贊賓客賓客皆驚,"侯生 攝 敝 衣 冠 ， 直 上 載 公子 上坐 不 讓 ； 公子 執 轡 愈 恭 。 侯生 又 謂 公子 曰 ： "" 臣 有 客 在 市屠 中 ， 願 枉 車騎 過 之 。 "" 公子 引 車 入 市 ， 侯生 下 見 其 客 朱亥 ， 睥睨 ， 故 久 立 ， 與 其 客 語 ， 微 察 公子 ， 公子 色 愈 和 ； 乃 謝 客 就 車 ， 至 公子 家 。 公子 引 侯生 坐 上坐 ， 偏 贊 賓客 ， 賓客 皆 驚 。",，。，，。，，，，。，，。：侯生攝敝衣冠直上載公子上坐不讓公子執轡愈恭侯生又謂公子曰臣有客在市屠中願枉車騎過之公子引車入市侯生下見其客朱亥睥睨故久立與其客語微察公子公子色愈和乃謝客就車至公子家公子引侯生坐上坐偏贊賓客賓客皆驚。，《》,0.0,0.10526315789473684,0.0,1.0,0.0
及秦圍趙趙平原君之夫人公子無忌之姊也平原君使者冠蓋相屬於魏讓公子曰勝所以自附於婚姻者以公子之高義能急人之困也今邯鄲旦暮降秦而魏救不至縱公子輕勝棄之獨不憐公子姊邪,"及 秦 圍 趙 ， 趙 平原君 之 夫人 ， 公子無忌 之 姊 也 ， 平原君 使者 冠蓋 相 屬 於 魏 ， 讓 公子 曰 ： "" 勝 所 以 自 附 於 婚姻 者 ， 以 公子 之 高義 ， 能 急 人 之 困 也 。 今 邯鄲 旦暮 降 秦 而 魏 救 不 至 ， 縱 公子 輕 勝 棄 之 ， 獨 不 憐 公子 姊 邪 ！ """,及 秦圍  趙  趙 平原君  之 夫人  公子 無忌  之 姊  也  平原君  使 者 冠蓋  相屬  於 魏  讓 公子 曰  勝 所以 自 附 於 婚姻 者  以 公子 之 高義   能 急 人 之 困  也  今 邯鄲 旦暮  降 秦  而 魏 救 不 至縱   公子 輕 勝棄   之  獨 不 憐 公子 姊邪  ,0.7999999999999999,0.0,0.7999999999999999,1.0,0.0
公子患之數請魏王敕晉鄙令救趙及賓客辯士遊說萬端王終不聽公子乃屬賓客約車騎百餘乘欲赴斗以死於趙過夷門見侯生侯生曰公子勉之矣老臣不能從,"公子 患 之 ， 數 請 魏王 敕 晉鄙 令 救 趙 ， 及 賓客 辯士 遊說 萬端 ， 王 終 不 聽 。 公子 乃 屬 賓客 約 車騎 百餘 乘 ， 欲 赴 斗 以 死 於 趙 ； 過 夷門 ， 見 侯生 。 侯生 曰 ： "" 公子 勉 之 矣 ， 老臣 不 能 從 ！ """,                           公子患之數請魏王敕晉鄙令救                 趙及賓客辯士遊說萬端王終不聽           公子乃屬賓客約車騎百餘乘欲赴斗以死於趙過夷門見侯生侯生曰公子 勉 之 矣  老 臣 不 能 從 ,0.2,0.0,0.2,1.0,0.0
公子去行數里心不快復還見侯生侯生笑曰臣固知公子之還也,"公子 去 ， 行 數 里 ， 心 不 快 ， 復 還 見 侯生 。 侯生 笑 曰 ： "" 臣 固 知 公子 之 還 也 ！","公子去行數里心不快復還見侯生侯生笑曰臣固知公子之還也，。，""""""""。，""""、""""，。，，、，",0.0,0.0,0.0,1.0,0.0
今公子無他端而欲赴秦軍譬如以肉投餒虎何功之有公子再拜問計侯嬴屏人曰吾聞晉鄙兵符在王臥內而如姬最幸力能竊之嘗聞公子為如姬報其父仇如姬欲為公子死無所辭公子誠一開口則得虎符奪晉鄙之兵北救趙西郤秦此五伯之功也,"今 公子 無 他端 而 欲 赴 秦軍 ， 譬如 以 肉 投 餒 虎 ， 何 功 之 有 ！ "" 公子 再 拜 問 計 。 侯嬴 屏 人 曰 ： "" 吾 聞 晉鄙 兵符 在 王 臥 內 ， 而 如姬 最 幸 ， 力 能 竊 之 。 嘗 聞 公子 為 如姬 報 其 父 仇 ， 如姬 欲 為 公子 死 無 所 辭 。 公子 誠 一 開 口 ， 則 得 虎符 ， 奪 晉鄙 之 兵 ， 北 救 趙 ， 西 郤 秦 ， 此 五 伯 之 功 也 。 """,今公子  無 他 端 而 欲 赴 秦軍   譬如   以 肉 投 餒 虎  何 功 之 有公子    再 拜 問  計 侯 嬴  屏 人 曰  吾 聞  晉 鄙 兵 符 在 王 臥 內  而如  姬 最 幸  力 能 竊 之  嘗 聞公子   為如  姬報   其 父 仇如   姬 欲 為公子  死  無 所 辭公子   誠 一 開 口  則 得 虎 符奪   晉鄙之兵北救趙西郤秦此五伯之功也 ,0.605263157894737,0.0,0.605263157894737,1.0,0.0
公子如其言果得兵符公子行侯生曰將在外君令有所不受,"公子 如 其 言 ， 果 得 兵符 。 公子 行 ， 侯生 曰 ： "" 將 在 外 ， 君 令 有 所 不 受 。",，。，。：公子如其言果得兵符公子行侯生曰將在外君令有所不受。（），（），：，。，，,0.0,0.2857142857142857,0.0,1.0,0.0
有如晉鄙合符而不授兵復請之則事危矣,有如 晉鄙 合 符 而 不 授 兵 ， 復 請 之 ， 則 事 危 矣 。,有 如 晉 鄙 合 符 而 不 授 兵 復 請 之 則 事 危 矣 。,0.8125,0.5,0.8125,1.0,0.40625
臣客朱亥其人力士可與俱晉鄙若聽大善不聽可使擊之於是公子請朱亥與俱至鄴晉鄙合符疑之舉手視公子曰吾擁十萬之眾屯於境上今單車來代之何如哉朱亥袖四十斤鐵椎椎殺晉鄙公子遂勒兵下令軍中曰父子俱在軍中者父歸兄弟俱在軍中者兄歸獨子無兄弟者歸養,"臣 客 朱亥 ， 其 人 力士 ， 可 與 俱 ， 晉鄙 若 聽 ， 大 善 ， 不 聽 ， 可 使 擊 之 ！ "" 於是 公子 請 朱亥 與 俱 。 至 鄴 ， 晉鄙 合 符 ， 疑 之 ， 舉 手 視 公子 曰 ： "" 吾 擁 十萬 之 眾 屯 於 境 上 ， 今 單車 來 代 之 ， 何如 哉 ？ "" 朱亥 袖 四十 斤 鐵椎 ， 椎 殺 晉鄙 ， 公子 遂 勒 兵 下 令 軍 中 曰 ： "" 父子 俱 在 軍 中 者 ， 父 歸 ， 兄弟 俱 在 軍 中 者 ， 兄 歸 ！ 獨 子 無 兄弟 者 ， 歸 養 ！ """,，。，，。，。，（）、，-:、。，。，，。：臣客朱亥其人力士可與俱晉鄙若聽大善不聽可使擊之於是公子請朱亥與俱至鄴晉鄙合符疑之舉手視公子曰吾擁十萬之眾屯於境上今單車來代之何如哉朱亥袖四十斤鐵椎椎殺晉鄙公子遂勒兵下令軍中曰父子俱在軍中者父歸兄弟俱在軍中者兄歸獨子無兄弟者歸養。，,0.0,0.0,0.0,1.0,0.0
得選兵八萬人將之而進,得 選 兵 八萬 人 ， 將 之 而 進 。,得 選 兵 八 萬 人 將 之 而 進,0.8421052631578948,0.0,0.8421052631578948,1.0,0.0
王齕久圍邯鄲不拔諸侯來救戰數不利,王齕 久 圍 邯鄲 不 拔 ， 諸侯 來 救 ， 戰 數 不 利 。,"，。，。：- ""王齕""，（），。- ""久圍邯鄲不拔諸侯來救戰數不利""：""""",0.13333333333333336,0.0,0.0,1.0,0.0
武安君聞之曰王不聽吾計今何如矣,"武安君 聞 之 曰 ： "" 王 不 聽 吾 計 ， 今 何如 矣 ？ """,武安君 聞 之 曰 王 不聽  吾 計 今 何 如 矣,0.75,0.0,0.75,1.0,0.0
王聞之怒強起武安君,王 聞 之 ， 怒 ， 強 起 武安君 。,王 聞 之 怒 強  起 武安君 ,1.0,0.0,1.0,1.0,0.0
武安君稱病篤不肯起,武安君 稱 病 篤 ， 不 肯 起 。,武安君  稱  病篤  不肯  起  。,0.5,0.6666666666666666,0.5,1.0,0.3333333333333333
五十八年甲辰十月免武安君為士伍遷之陰密,五十八年 （ 甲辰 ） 十月 ， 免 武安君 為 士伍 ， 遷 之 陰密 。,，。，。：- 五十八年：，，。- 甲辰十月免武安君為士伍遷之陰密：（，），，,0.16666666666666669,0.0,0.0,1.0,0.0
十二月益發卒軍汾城旁,十二月 ， 益 發 卒 軍 汾城 旁 。,十二月 益 發 卒軍  汾城 旁,0.7692307692307692,0.0,0.7692307692307692,1.0,0.0
武安君病未行諸侯攻王齕齕數卻使者日至王乃使人遣武安君不得留咸陽中武安君出咸陽西門十里至杜郵,武安君 病 ， 未 行 ， 諸侯 攻 王齕 ， 齕 數 卻 ， 使者 日 至 ， 王 乃 使 人 遣 武安君 ， 不 得 留 咸陽 中 ， 武安君 出 咸陽 西門 十 里 ， 至 杜郵 。,武安君 病 未 行 諸侯 攻 王 齕 齕 數卻  使 者 日 至 王 乃 使 人 遣 武安君 不 得 留 咸陽 中 武安君 出 咸陽 西門 十里 至 杜郵,0.8125,0.0,0.8125,1.0,0.0
王與應侯群臣謀曰白起之遷意尚怏怏有餘言,"王 與 應侯 群 臣 謀 曰 ： "" 白起 之 遷 ， 意 尚 怏怏 有 餘 言 。 """,王 與 應侯 群臣謀  曰  白起 之 遷 意 尚怏怏    有 餘 言 ,0.7586206896551724,0.0,0.7586206896551724,1.0,0.0
王乃使使者賜之劍武安君遂自殺秦人憐之鄉邑皆祭祀焉,王 乃 使 使者 賜 之 劍 ， 武安君 遂 自 殺 。 秦人 憐 之 ， 鄉邑 皆 祭祀 焉 。,，：王乃使使者賜之劍武安君遂自殺秦人憐之鄉邑皆祭祀焉。，。。，。，。：- ，,0.0,0.4,0.0,1.0,0.0
魏公子無忌大破秦師於邯鄲下王齕解邯鄲圍走鄭安平為趙所困將二萬人降趙應侯由是得罪,魏 公子無忌 大 破 秦師 於 邯鄲 下 ， 王齕 解 邯鄲 圍 走 。 鄭安平 為 趙 所 困 ， 將 二萬 人 降 趙 ， 應侯 由是 得 罪 。,魏 公子 無忌 大破 秦 師 於 邯鄲 下 王 齕 解 邯鄲圍  走 鄭 安平為  趙 所 困 將 二 萬 人 降 趙 應侯 由 是 得罪,0.5,0.0,0.5,1.0,0.0
公子無忌既存趙遂不敢歸魏與賓客留居趙使將將其軍還魏,公子無忌 既 存 趙 ， 遂 不 敢 歸 魏 ， 與 賓客 留 居 趙 ， 使 將 將 其 軍 還 魏 。,，。，（）。：公子無忌既存趙遂不敢歸魏與賓客留居趙使將將其軍還魏。，，，，。，，,0.0,0.4,0.0,1.0,0.0
趙王與平原君計以五城封公子趙王掃除自迎執主人之禮引公子就西階公子側行辭讓從東階上自言罪過以負於魏無功於趙趙王與公子飲至暮口不忍獻五城以公子退讓也趙王以鄗為公子湯沐邑,趙王 與 平原君 計 ， 以 五 城 封 公子 。 趙王 掃 除 自 迎 ， 執 主人 之 禮 ， 引 公子 就 西 階 。 公子 側行 辭讓 ， 從 東 階 上 ， 自 言 罪過 。 以 負 於 魏 ， 無 功 於 趙 。 趙王 與 公子 飲 至 暮 ， 口 不 忍 獻 五 城 ， 以 公子 退讓 也 。 趙王 以 鄗 為 公子 湯沐邑 。,趙王與平原君計以五城封公子趙王掃除自迎執主人之禮引公子就西階公子側行辭讓從東階上自言罪過以負於魏無功於趙趙王與公子飲至暮口不忍獻五城以公子退讓也趙王以鄗為公子湯沐邑,0.0,0.0,0.0,1.0,0.0
魏亦復以信陵奉公子,魏 亦 復 以 信陵 奉 公子 。," 。""魏亦復以信陵奉公子""，，。：- """"：（），。-",0.0,1.0,0.0,1.0,0.0
公子聞趙有處士毛公隱於博徒薛公隱於賣漿家欲見之兩人不肯見公子乃間步從之遊平原君聞而非之公子曰吾聞平原君之賢故背魏而救趙今平原君所與游徒豪舉耳不求士也以無忌從此兩人游尚恐其不我欲也平原君乃以為羞乎為裝欲去,"公子 聞 趙 有 處士 毛公 隱 於 博徒 ， 薛公 隱 於 賣 漿 家 ， 欲 見 之 ， 兩 人 不 肯 見 ， 公子 乃 間 步 從 之 遊 。 平原君 聞 而 非 之 。 公子 曰 ： "" 吾 聞 平原君 之 賢 ， 故 背 魏 而 救 趙 。 今 平原君 所 與 游 ， 徒 豪 舉 耳 ， 不 求 士 也 。 以 無忌 從 此 兩 人 游 ， 尚 恐 其 不 我 欲 也 ， 平原君 乃 以 為 羞 乎 ！ "" 為 裝 欲 去 。",公 子 聞 趙 有 處 士 毛 公 隱 於 博 徒 薛 公 隱 於賣漿   家 欲       見       之                                             兩 人     不肯見公子乃間步從之遊    平原君聞而非之公子曰吾聞平原君之賢故背魏而救趙今平原君所與游徒豪舉耳不求士也以無忌從此兩人游尚恐其不我欲也平原君乃以為羞乎為裝欲去,0.2181818181818182,0.0,0.2181818181818182,1.0,0.0
平原君免冠謝乃止,平原君 免 冠 謝 ， 乃 止 。,平 原 君 免 冠 謝  乃 止 ,0.7142857142857143,0.0,0.7142857142857143,1.0,0.0
平原君欲封魯連使者三返終不肯受,平原君 欲 封 魯連 ， 使者 三 返 ， 終 不 肯 受 。,平 原  君 欲 封  魯  連  使 者  三 返  終 不肯  受 ,0.4799999999999999,0.0,0.4799999999999999,1.0,0.0
又以千金為魯連壽魯連笑曰所貴於天下士為人排患釋難解紛亂而無取也,"又 以 千 金 為 魯連 壽 ， 魯連 笑 曰 ： "" 所 貴 於 天下 士 ， 為 人 排 患 釋 難 解 紛亂 而 無 取 也 。",又 以 千金 為 魯連壽   魯連 笑 曰  所貴  於 天下 士為  人 排 患釋  難 解 紛 亂 而 無 取 也 ,0.6399999999999999,0.0,0.6399999999999999,1.0,0.0
即有取是商賈之事也,"即 有 取 ， 是 商賈 之 事 也 ！ """,即 有 取 是 商賈 之 事 也,1.0,0.0,1.0,1.0,0.0
遂辭平原君而去終身不復見,遂 辭 平原君 而 去 ， 終身 不 復 見 。,"：，""遂辭平原君而去終身不復見""。，：""""""""。。，：- """" ，（""",0.0,0.6666666666666666,0.0,1.0,0.0
秦太子之妃曰華陽夫人無子夏姬生子異人異人質於趙秦數伐趙趙人不禮之,秦太子 之 妃 曰 華陽夫人 ， 無 子 ； 夏姬 生 子 異人 。 異人 質 於 趙 ； 秦 數 伐 趙 ， 趙人 不 禮 之 。,秦 太子 之 妃 曰 華陽夫人 無 子 夏姬 生 子 異人 異人 質 於 趙 秦 數 伐 趙 趙人 不禮  之,0.8695652173913043,0.0,0.8695652173913043,1.0,0.0
異人以庶孽孫質於諸侯車乘進用不饒居處困不得意,異人 以 庶孽 孫 質 於 諸侯 ， 車乘 進用 不 饒 ， 居處 困 不 得 意 。,，。，。，，。，（）、，-，。，。：異人以庶孽孫質於諸侯車乘進用不饒居處困不得意,0.0,0.0,0.0,1.0,0.0
陽翟大賈呂不韋適邯鄲見之曰此奇貨可居,"陽翟 大賈 呂不韋 適 邯鄲 ， 見 之 ， 曰 ： "" 此 奇 貨 可 居 ！ """,陽翟大賈呂，。，。，，。，、，。不韋適邯鄲見之曰此奇貨可居，。：,0.0,0.0,0.0,1.0,0.0
乃往見異人說曰吾能大子之門,"乃 往 見 異人 。 說 曰 ： "" 吾 能 大 子 之 門 ！ """,乃 往 見 異人 說 曰 吾 能 大 子 之 門,1.0,0.0,1.0,1.0,0.0
異人笑曰且自大君之門不韋曰子不知也吾門待子門而大異人心知所謂乃引與坐深語不韋曰秦王老矣太子愛華陽夫人夫人無子子之兄弟二十餘人子傒有秦國之業士倉又輔之,"異人 笑 曰 ： "" 且 自 大 君 之 門 ！ "" 不韋 曰 ： "" 子 不 知 也 ， 吾 門 待 子 門 而 大 。 "" 異人 心 知 所 謂 ， 乃 引 與 坐 ， 深 語 。 不韋 曰 ： "" 秦王 老 矣 。 太子 愛 華陽夫人 ， 夫人 無 子 ， 子 之 兄弟 二十餘 人 ， 子傒 有 秦國 之 業 ， 士倉 又 輔 之 。",異人  笑  曰  且  自  大  君  之  門  不  韋  曰子    不  知  也  吾  門  待子    門  而  大  異人    心  知  所謂  乃  引  與  坐  深  語  不  韋  曰  秦王  老  矣  太子  愛  華陽  夫人  夫人  無子子      之  兄弟二  十餘人子傒有秦國之業士倉又輔之,0.6538461538461539,0.0,0.6538461538461539,1.0,0.0
子居中不甚見幸久質諸侯太子即位子不得爭為嗣矣,"子 居 中 ， 不 甚 見 幸 ， 久 質 諸侯 。 太子 即 位 ， 子 不 得 爭 為 嗣 矣 。 """,子 居 中 不 甚 見 幸  久 質諸  侯 太 子 即 位  子 不 得 爭 為 嗣 矣 ,0.8292682926829269,0.0,0.8292682926829269,1.0,0.0
異人曰然則柰何不韋曰能立適嗣者獨華陽夫人耳,"異人 曰 ： "" 然 則 柰 何 ？ "" 不韋 曰 ： "" 能 立 適嗣 者 ， 獨 華陽夫人 耳 。",異人  曰  然則柰    何  不韋  曰  能  立  適嗣  者  獨  華陽夫人  耳  。,0.8571428571428571,0.33333333333333337,0.8571428571428571,1.0,0.28571428571428575
不韋雖貧請以千金為子西遊立子為嗣異人曰必如君策請得分秦國與君共之不韋乃以五百金與異人令結賓客復以五百金買奇物玩好,"不韋 雖 貧 ， 請 以 千 金 為 子 西 遊 ， 立 子 為 嗣 。 "" 異人 曰 ： "" 必 如 君 策 ， 請 得 分 秦國 與 君 共 之 。 "" 不韋 乃 以 五百 金 與 異人 ， 令 結 賓客 。 復 以 五百 金 買 奇 物 玩好 。","，。不韋雖貧請以，千金為子西遊立，子為嗣異人曰必。（）如君策請得分，秦國與君共之。不韋乃以五百金與異人令結賓客復以，五百金買奇物玩好。，。，，。、。：- """,0.0,0.25,0.0,1.0,0.0
自奉而西見華陽夫人之姊而以奇物獻於夫人因譽子異人之賢賓客遍天下常日夜泣思太子及夫人曰異人也以夫人為天夫人大喜不韋因使其姊說夫人曰夫以色事人者色衰則愛弛,"自 奉 而 西 ， 見 華陽夫人 之 姊 ， 而 以 奇 物 獻 於 夫人 ， 因 譽 子 異人 之 賢 ， 賓客 遍 天下 ， 常 日 夜 泣 思 太子 及 夫人 ， 曰 ： "" 異人 也 以 夫人 為 天 ！ "" 夫人 大 喜 。 不韋 因 使 其 姊 說 夫人 曰 ： 夫 以 色 事 人 者 ， 色 衰 則 愛 弛 。",，。，，。，，，，。，，。：自奉而西見華陽夫人之姊而以奇物獻於夫人因譽子異人之賢賓客遍天下常日夜泣思太子及夫人曰異人也以夫人為天夫人大喜不韋因使其姊說夫人曰夫以色事人者色衰則愛弛。,0.0,0.15384615384615385,0.0,1.0,0.0
今夫人愛而無子不以繁華時蚤自結於諸子中賢孝者舉以為適即色衰愛弛雖欲開一言尚可得乎今子異人賢而自知中子不得為適夫人誠以此時拔之是子異人無國而有國夫人無子而有子也則終身有寵於秦矣夫人以為然承間言於太子曰子異人絕賢來往者皆稱譽之因泣曰妾不幸無子願得子異人立以為子以托妾身太子許之與夫人刻玉符約以為嗣因厚饋遺異人而請呂不韋傅之異人名譽盛於諸侯,"今 夫人 愛 而 無 子 ， 不 以 繁華 時 蚤 自 結 於 諸子 中 賢 孝 者 ， 舉 以 為 適 ， 即 色 衰 愛 弛 ， 雖 欲 開 一 言 ， 尚 可 得 乎 ！ 今 子 異人 賢 ， 而 自 知 中子 ， 不 得 為 適 ， 夫人 誠 以 此 時 拔 之 ， 是 子 異人 無 國 而 有 國 ， 夫人 無 子 而 有 子 也 ， 則 終身 有 寵 於 秦 矣 。 "" 夫人 以 為 然 ， 承 間 言 於 太子 曰 ： 子 異人 絕 賢 ， 來 往 者 皆 稱 譽 之 。 "" 因 泣 曰 ： "" 妾 不 幸 無 子 ， 願 得 子 異人 立 以 為 子 以 托 妾身 ！ "" 太子 許 之 ， 與 夫人 刻 玉符 ， 約 以 為 嗣 ， 因 厚 饋 遺 異人 ， 而 請 呂不韋 傅 之 。 異人 名譽 盛 於 諸侯 。",，。，，。：。，，；，，，。，，。：今夫人愛而無子不以繁華時蚤自結於諸子中賢孝者舉以為適即色衰愛弛雖欲開一言尚可得乎今子異人賢而自知中子不得為適夫人誠以此時拔之是子異人無國而有國夫人無子而有子也則終身有寵於秦矣夫人以為然承間言於太子曰子異人絕賢來往者皆稱譽之因泣曰妾不幸無子願得子異人立以為子以托妾身太子許之與夫人刻玉符約以為嗣因厚饋遺異人而請呂不韋傅之異人名譽盛於諸侯。，。，，。，，，,0.0,0.07407407407407407,0.0,1.0,0.0
呂不韋娶邯鄲諸姬絕美者與居知其有娠異人從不韋飲見而請之不韋佯怒既而獻之孕期年而生子政異人遂以為夫人邯鄲之圍趙人欲殺之異人與不韋行金六百斤予守者脫亡赴秦軍遂得歸異人楚服而見華陽夫人夫人曰吾楚人也當自子之因更其名曰楚,"呂不韋 娶 邯鄲 諸 姬 絕美 者 與 居 ， 知 其 有 娠 ， 異人 從 不韋 飲 ， 見 而 請 之 。 不韋 佯 怒 ， 既而 獻 之 ， 孕 期 年 而 生 子 政 ， 異人 遂 以 為 夫人 。 邯鄲 之 圍 ， 趙人 欲 殺 之 ， 異人 與 不韋 行 金 六百 斤 予 守 者 ， 脫 亡 赴 秦軍 ， 遂 得 歸 。 異人 楚服 而 見 華陽夫人 ， 夫人 曰 ： "" 吾 楚人 也 ， 當 自 子 之 。 "" 因 更 其 名 曰 楚 。",，。，，。，，，，。，，。：呂不韋娶邯鄲諸姬絕美者與居知其有娠異人從不韋飲見而請之不韋佯怒既而獻之孕期年而生子政異人遂以為夫人邯鄲之圍趙人欲殺之異人與不韋行金六百斤予守者脫亡赴秦軍遂得歸異人楚服而見華陽夫人夫人曰吾楚人也當自子之因更其名曰楚。，,0.0,0.10526315789473684,0.0,1.0,0.0
五十九年乙巳秦將軍摎伐韓取陽城負黍斬首四萬伐趙取二十餘縣斬首虜九萬赧王恐背秦與諸侯約從將天下銳師出伊闕攻秦令無得通陽城,五十九年 （ 乙巳 ） 秦 將軍 摎 伐 韓 ， 取 陽城 、 負黍 ， 斬 首 四萬 。 伐 趙 ， 取 二十餘 縣 ， 斬 首虜 九萬 。 赧王 恐 ， 背 秦 ， 與 諸侯 約 從 ， 將 天下 銳師 出 伊闕 攻 秦 ， 令 無 得 通 陽城 。,，。，，。：五十九年乙巳秦將軍摎伐韓取陽城負黍斬首四萬伐趙取二十餘縣斬首虜九萬赧王恐背秦與諸侯約從將天下銳師出伊闕攻秦令無得通陽城。，、、。，。，、、，,0.0,0.13333333333333333,0.0,1.0,0.0
秦王使將軍摎攻西周赧王入秦頓首受罪盡獻其邑三十六口三萬秦受其獻歸赧王於周是歲赧王崩,秦王 使 將軍 摎 攻 西周 ， 赧王 入 秦 ， 頓 首 受 罪 ， 盡 獻 其 邑 三十六 ， 口 三萬 。 秦 受 其 獻 ， 歸 赧王 於 周 。 是 歲 ， 赧王 崩 。,，。。秦王使將軍摎攻西周，，，，，，，。，，，。赧王入秦頓首受罪盡獻其邑三十六口三萬秦受其獻歸，赧王於，周，，是歲赧王崩,0.0,0.0,0.0,1.0,0.0
周后稷名弃,周 后稷 ， 名 弃 。,，。，。，，。，周后稷名弃，,0.0,0.0,0.0,1.0,0.0
其母有邰氏女曰姜原,其 母 有邰氏 女 ， 曰 姜原 。,其 母 有 邰 氏 女 曰 姜 原,0.5333333333333333,0.0,0.5333333333333333,1.0,0.0
姜原爲帝嚳元妃,姜原 爲 帝嚳 元妃 。,姜原爲帝嚳元妃，。，。，，。、，。,0.0,1.0,0.0,1.0,0.0
姜原出野見巨人跡心忻然説欲踐之踐之而身動如孕者,姜原 出 野 ， 見 巨人 跡 ， 心 忻 然 説 ， 欲 踐 之 ， 踐 之 而 身 動 如 孕 者 。,姜 原 出 野 見 巨人跡  心 忻 然 説 欲 踐 之 踐 之 而 身 動 如 孕 者,0.8571428571428571,0.0,0.8571428571428571,1.0,0.0
居期而生子以爲不祥弃之隘巷馬牛過者皆辟不踐徙置之林中適會山林多人遷之而弃渠中冰上飛鳥以其翼覆薦之,居 期 而 生 子 ， 以 爲 不 祥 ， 弃 之 隘 巷 ， 馬 牛 過 者 皆 辟 不 踐 ； 徙 置 之 林 中 ， 適 會 山 林 多 人 ， 遷 之 ； 而 弃 渠 中 冰 上 ， 飛 鳥 以 其 翼 覆 薦 之 。,，。，。，，。，，。，。：居期而生子以爲不祥弃之隘巷馬牛過者皆辟不踐徙置之林中適會山林多人遷之而弃渠中冰上飛鳥以其翼覆薦之,0.0,0.0,0.0,1.0,0.0
姜原以爲神遂收養長之,姜原 以 爲 神 ， 遂 收 養 長 之 。,"：，""姜原以爲神遂收養長之""。，。""""（），。""""",0.0,0.6666666666666666,0.0,1.0,0.0
初欲弃之因名曰弃,初 欲 弃 之 ， 因 名 曰 弃 。,初 欲 弃 之 因 名 曰 弃,1.0,0.0,1.0,1.0,0.0
弃爲兒時屹如巨人之志,弃 爲 兒 時 ， 屹 如 巨人 之 志 。,弃爲兒時屹如巨人之志。,0.0,0.6666666666666666,0.0,1.0,0.0
其游戲好種樹麻菽麻菽美,其 游戲 ， 好 種 樹 麻 、 菽 ， 麻 、 菽 美 。,"，。，。：- ""其游戲好種樹麻菽麻菽美""，，""""""""。，，。- ",0.0,0.33333333333333337,0.0,1.0,0.0
及爲成人遂好耕農相地之宜宜穀者稼穡焉民皆法則之,及 爲 成人 ， 遂 好 耕 農 ， 相 地 之 宜 ， 宜 穀 者 稼 穡 焉 ， 民 皆 法 則 之 。,及爲成人遂好耕農相地之宜宜穀者稼穡焉民皆法則之,0.0,0.0,0.0,1.0,0.0
帝堯聞之舉弃爲農師天下得其利有功,帝堯 聞 之 ， 舉 弃 爲 農師 ， 天下 得 其 利 ， 有 功 。,"，。，，。，：- ""帝堯""，（），。- ""聞之舉弃爲農師天下得其利有功""，""""，""",0.13333333333333336,0.0,0.0,1.0,0.0
帝舜曰弃黎民始飢爾后稷播時百穀,帝舜 曰 ： 「 弃 ， 黎民 始 飢 ， 爾 后稷 播 時 百 穀 。 」,，。，。：帝舜，曰，弃，黎民，始飢，爾，后稷，播時百穀,0.0,0.36363636363636365,0.0,1.0,0.0
封弃於邰號曰后稷别姓姬氏,封 弃 於 邰 ， 號 曰 后稷 ， 别 姓 姬氏 。,。：封弃於邰號曰后稷别姓姬氏。，。：- ，，,0.0,0.5,0.0,1.0,0.0
后稷之興在陶唐虞夏之際皆有令德,后稷 之 興 ， 在 陶唐 、 虞 、 夏 之 際 ， 皆 有 令 德 。,后 稷 之 興 在 陶唐 虞 夏 之 際 皆 有 令 德,0.888888888888889,0.0,0.888888888888889,1.0,0.0
后稷卒子不窋立,后稷 卒 ， 子 不窋 立 。,后 稷 卒 子 不窋 立,0.7272727272727272,0.0,0.7272727272727272,1.0,0.0
不窋末年夏后氏政衰去稷不務不窋以失其官而犇戎狄之閒,不窋 末 年 ， 夏后氏 政 衰 ， 去 稷 不 務 ， 不窋 以 失 其 官 而 犇 戎狄 之 閒 。,，。，。：不窋末年夏后氏政衰去稷不務不窋以失其官而犇戎狄之閒。（）（）。，，,0.0,0.4,0.0,1.0,0.0
不窋卒子鞠立,不窋 卒 ， 子 鞠 立 。,不窋卒子鞠立，。，。，，。，、，,0.0,0.6666666666666666,0.0,1.0,0.0
鞠卒子公劉立,鞠 卒 ， 子 公劉 立 。,鞠卒子公劉立，。，。，，。，、，,0.0,0.6666666666666666,0.0,1.0,0.0
公劉雖在戎狄之閒復脩后稷之業務耕種行地宜自漆沮度渭取材用行者有資居者有畜積民賴其慶,公劉 雖 在 戎狄 之 閒 ， 復 脩 后稷 之 業 ， 務 耕 種 ， 行 地 宜 ， 自 漆 、 沮 度 渭 ， 取 材 用 ， 行 者 有 資 ， 居 者 有 畜積 ， 民 賴 其 慶 。,公劉雖   在 戎 狄 之閒復脩    后 稷 之 業務   耕 種 行 地 宜 自 漆 沮 度 渭 取 材 用  行 者 有 資 居 者 有畜 積   民賴  其 慶 ,0.6571428571428571,0.0,0.6571428571428571,1.0,0.0
百姓懷之多徙而保歸焉,百姓 懷 之 ， 多 徙 而 保歸 焉 。,百姓 懷 之 多 徙 而 保歸  焉,1.0,0.0,1.0,1.0,0.0
周道之興自此始故詩人歌樂思其德,周 道 之 興 自 此 始 ， 故 詩人 歌 樂 思 其 德 。,周 道 之 興 自 此 始 故詩人歌 樂 思 其 德,0.8461538461538461,0.0,0.8461538461538461,1.0,0.0
公劉卒子慶節立國於豳,公劉 卒 ， 子 慶節 立 ， 國 於 豳 。,，。，。：- 公劉：，，。，。- 卒子慶節立國於豳：。,0.2,0.4,0.0,1.0,0.08000000000000002
慶節卒子皇僕立,慶節 卒 ， 子 皇僕 立 。,"：，""慶節卒子皇僕立""。，。。""""（），",0.0,0.6666666666666666,0.0,1.0,0.0
皇僕卒子差弗立,皇僕 卒 ， 子 差弗 立 。,皇 僕 卒 子 差 弗 立,0.5,0.0,0.5,1.0,0.0
差弗卒子毁隃立,差弗 卒 ， 子 毁隃 立 。,差 弗 卒 子 毁隃  立,0.7272727272727272,0.0,0.7272727272727272,1.0,0.0
毁隃卒子公非立,毁隃 卒 ， 子 公非 立 。,毁隃卒子公非立，。，。，，。，、，,0.0,0.6666666666666666,0.0,1.0,0.0
公非卒子高圉立,公非 卒 ， 子 高圉 立 。,公 非 卒 子 高 圉 立,0.5,0.0,0.5,1.0,0.0
高圉卒子亞圉立,高圉 卒 ， 子 亞圉 立 。,高圉卒子亞圉立，。，。，，。，、，,0.0,0.6666666666666666,0.0,1.0,0.0
亞圉卒子公叔祖類立,亞圉 卒 ， 子 公叔祖類 立 。,"：，""亞圉卒子公叔祖類立""。，。。""""（），。",0.0,0.6666666666666666,0.0,1.0,0.0
公叔祖類卒子古公亶父立,公叔祖類 卒 ， 子 古公亶父 立 。,，：公叔祖類卒子古公亶父立。，。，。。，，。,0.0,0.6666666666666666,0.0,1.0,0.0
古公亶父復脩后稷公劉之業積德行義國人皆戴之,古公亶父 復 脩 后稷 、 公劉 之 業 ， 積 德 行 義 ， 國人 皆 戴 之 。,古 公亶父 復脩  后稷 公劉 之 業 積 德 行 義 國人 皆 戴 之,0.8000000000000002,0.0,0.8000000000000002,1.0,0.0
薰育戎狄攻之欲得財物予之,薰育 戎狄 攻 之 ， 欲 得 財 物 ， 予 之 。,"    """": ""薰育 戎狄 攻 之 欲 得 財物 予 之 """,0.8421052631578948,0.0,0.8421052631578948,1.0,0.0
已復攻欲得地與民,已 復 攻 ， 欲 得 地 與 民 。,已復  攻 欲 得 地 與 民,0.7999999999999999,0.0,0.7999999999999999,1.0,0.0
民皆怒欲戰,民 皆 怒 ， 欲 戰 。,，：民皆怒欲戰。，。。，。，。？,0.0,0.6666666666666666,0.0,1.0,0.0
古公曰有民立君將以利之今戎狄所爲攻戰以吾地與民民之在我與其在彼何異民欲以我故戰殺人父子而君之予不忍爲,古公 曰 ： 「 有 民 立 君 ， 將 以 利 之 。 今 戎狄 所 爲 攻 戰 ， 以 吾 地 與 民 。 民 之 在 我 ， 與 其 在 彼 ， 何 異 。 民 欲 以 我 故 戰 ， 殺 人 父 子 而 君 之 ， 予 不 忍 爲 。 」,古 公 曰  有 民 立 君  將 以 利 之  今 戎 狄 所  爲 攻戰   以 吾 地 與 民  民 之 在 我 與 其 在 彼  何 異  民 欲 以 我 故戰殺    人 父 子 而 君 之  予 不 忍 爲 ,0.8631578947368421,0.0,0.8631578947368421,1.0,0.0
乃與私屬遂去豳度漆沮踰梁山止於岐下,乃 與 私屬 遂 去 豳 ， 度 漆 、 沮 ， 踰 梁山 ， 止 於 岐 下 。,乃 與 私屬 遂 去 豳 度 漆沮 踰 梁山 止 於 岐下,0.7857142857142856,0.0,0.7857142857142856,1.0,0.0
豳人舉國扶老攜弱盡復歸古公於岐下,豳人 舉 國 扶 老 攜 弱 ， 盡 復 歸 古公 於 岐 下 。,"，。，。：""豳人""，，，。""舉國扶老攜弱盡復歸古公於岐""，下，，：""""""""，",0.0,0.0,0.0,1.0,0.0
及他旁國聞古公仁亦多歸之,及 他 旁 國 聞 古公 仁 ， 亦 多 歸 之 。,及 他 旁 國 聞 古公  仁 亦 多歸  之 ,0.8571428571428572,0.0,0.8571428571428572,1.0,0.0
於是古公乃貶戎狄之俗而營築城郭室屋而邑别居之,於是 古公 乃 貶 戎狄 之 俗 ， 而 營 築 城 郭 室 屋 ， 而 邑 别 居 之 。,於 是 古 公 乃 貶 戎 狄 之 俗 而 營 築 城 郭 室 屋 而 邑别  居 之,0.7,0.0,0.7,1.0,0.0
作五官有司,作 五官 有司 。,作 五 官 有 司,0.25,0.0,0.25,1.0,0.0
民皆歌樂之頌其德,民 皆 歌 樂 之 ， 頌 其 德 。,民皆歌樂之頌其德。,0.0,0.6666666666666666,0.0,1.0,0.0
古公有長子曰太伯次曰虞仲,古公 有 長子 曰 太伯 ， 次 曰 虞仲 。,，：古公有長子曰太伯次曰虞仲。，。。，。，。？,0.0,0.6666666666666666,0.0,1.0,0.0
太姜生少子季歷季歷娶太任皆賢婦人生昌有聖瑞,太姜 生 少子 季歷 ， 季歷 娶 太任 ， 皆 賢 婦人 ， 生 昌 ， 有 聖 瑞 。,太 姜 生 少 子 季歷  季歷娶   太 任 皆 賢 婦 人 生 昌 有 聖 瑞,0.5454545454545454,0.0,0.5454545454545454,1.0,0.0
古公曰我世當有興者其在昌乎,古公 曰 ： 「 我 世 當 有 興 者 ， 其 在 昌 乎 ？ 」,，：古公曰我世當有興者其在昌乎。，。。，。，。，，,0.0,0.0,0.0,1.0,0.0
長子太伯虞仲知古公欲立季歷以傳昌乃二人亡如荆蠻文身斷髮以讓季歷,長子 太伯 、 虞仲 知 古公 欲 立 季歷 以 傳 昌 ， 乃 二 人 亡 如 荆蠻 ， 文 身 斷 髮 ， 以 讓 季歷 。,長 子 太伯 虞仲 知 古公 欲 立 季歷 以 傳 昌 乃二 人 亡 如 荆蠻 文 身 斷髮  以讓  季歷,0.7391304347826088,0.0,0.7391304347826088,1.0,0.0
古公卒季歷立是爲公季,古公 卒 ， 季歷 立 ， 是 爲 公季 。,"：，""古公卒季歷立是爲公季""。，。。""""，。",0.0,0.5,0.0,1.0,0.0
公季脩古公遺道篤於行義諸侯順之,公季 脩 古公 遺 道 ， 篤 於 行 義 ， 諸侯 順 之 。,公 季脩  古 公 遺 道 篤 於 行 義 諸侯 順 之,0.7199999999999999,0.0,0.7199999999999999,1.0,0.0
公季卒子昌立是爲西伯,公季 卒 ， 子 昌 立 ， 是 爲 西伯 。,公 季 卒 子 昌 立 是爲  西伯,0.625,0.0,0.625,1.0,0.0
西伯曰文王遵后稷公劉之業則古公公季之法篤仁敬老慈少,西伯 曰 文王 ， 遵 后稷 、 公劉 之 業 ， 則 古公 、 公季 之 法 ， 篤 仁 ， 敬 老 ， 慈 少 。,，。，。：西伯曰文王遵后稷公劉之業則古公公季之法篤仁敬老慈少。（）（），，、。,0.0,0.2222222222222222,0.0,1.0,0.0
禮下賢者日中不暇食以待士士以此多歸之,禮 下 賢 者 ， 日中 不 暇 食 以 待 士 ， 士 以 此 多 歸 之 。,禮 下 賢 者 日 中 不 暇 食 以 待 士  士 以 此 多歸  之 ,0.8235294117647058,0.0,0.8235294117647058,1.0,0.0
伯夷叔齊在孤竹聞西伯善養老盍往歸之,伯夷 、 叔齊 在 孤竹 ， 聞 西伯 善 養 老 ， 盍 往 歸 之 。,伯夷 叔齊 在 孤竹 聞 西伯 善養  老 盍 往歸  之,0.7500000000000001,0.0,0.7500000000000001,1.0,0.0
太顛閎夭散宜生鬻子辛甲大夫之徒皆往歸之,太顛 、 閎夭 、 散宜生 、 鬻子 、 辛甲大夫 之 徒 皆 往 歸 之 。,太顛 閎 夭 散 宜 生 鬻 子 辛 甲 大夫 之 徒 皆 往歸  之,0.3703703703703703,0.0,0.3703703703703703,1.0,0.0
崇侯虎譖西伯於殷紂曰西伯積善累德諸侯皆嚮之將不利於帝,崇侯虎 譖 西伯 於 殷紂 曰 ： 「 西伯 積 善 累 德 ， 諸侯 皆 嚮 之 ， 將 不 利 於 帝 。 」,，：崇侯虎譖西伯於殷紂曰西伯積善累德諸侯皆嚮之將不利於帝。，。。，，。，，,0.0,0.4,0.0,1.0,0.0
帝紂乃囚西伯於羑里,帝紂 乃 囚 西伯 於 羑里 。,"：，""帝紂乃囚西伯於羑里""。，。。""""（），。""""",0.0,1.0,0.0,1.0,0.0
閎夭之徒患之,閎夭 之 徒 患 之 。,，：閎夭之徒患之。，。，。，，。，,0.0,1.0,0.0,1.0,0.0
乃求有莘氏美女驪戎之文馬有熊九駟他奇怪物因殷嬖臣費仲而獻之紂,乃 求 有莘氏 美 女 ， 驪戎 之 文 馬 ， 有熊 九 駟 ， 他 奇 怪 物 ， 因 殷 嬖 臣 費仲 而 獻 之 紂 。,乃 求 有 莘 氏 美 女 驪 戎 之 文 馬 有 熊 九 駟 他 奇 怪 物 因 殷 嬖 臣 費 仲 而 獻 之 紂,0.7636363636363636,0.0,0.7636363636363636,1.0,0.0
紂大説曰此一物足以釋西伯況其多乎,紂 大 説 ， 曰 ： 「 此 一 物 足以 釋 西伯 ， 況 其 多 乎 ！ 」,，。，。：紂大説曰此一物足以釋西伯況其多乎。，，，，,0.0,0.0,0.0,1.0,0.0
乃赦西伯賜之弓矢斧鉞使西伯得征伐,乃 赦 西伯 ， 賜 之 弓 矢 斧 鉞 ， 使 西伯 得 征伐 。,乃 赦 西伯 賜 之 弓矢 斧鉞 使 西伯 得 征伐,0.7500000000000001,0.0,0.7500000000000001,1.0,0.0
曰譖西伯者崇侯虎也,曰 ： 「 譖 西伯 者 ， 崇侯虎 也 。 」,"：。""曰譖西伯者崇侯虎也""，。，""""。，""""，",0.0,0.5,0.0,1.0,0.0
西伯乃獻洛西之地以請紂去炮格之刑,西伯 乃 獻 洛 西 之 地 ， 以 請 紂 去 炮格 之 刑 。,西伯 乃 獻 洛西 之 地  以 請  紂 去炮   格 之 刑 ,0.7407407407407408,0.0,0.7407407407407408,1.0,0.0
紂許之,紂 許 之 。,，，。紂許之，。，。，，，,0.0,1.0,0.0,1.0,0.0
西伯陰行善諸侯皆來決平,西伯 陰 行 善 ， 諸侯 皆 來 決平 。,，：西伯陰行善諸侯皆來決平。，。。，。，。：- ,0.0,0.6666666666666666,0.0,1.0,0.0
於是虞芮之人有獄不能決乃如周,於是 虞 、 芮 之 人 有 獄 不 能 決 ， 乃 如 周 。,於，。是虞芮之人有獄，。，，。，、，。不能決乃如周，,0.0,0.0,0.0,1.0,0.0
入界耕者皆讓畔民俗皆讓長,入 界 ， 耕 者 皆 讓 畔 ， 民俗 皆 讓 長 。,"：，""入界耕者皆讓畔民俗皆讓長""。，。。""""，。""""",0.0,0.5,0.0,1.0,0.0
虞芮之人未見西伯皆慙相謂曰吾所争周人所恥何往爲祇取辱耳,虞 、 芮 之 人 未 見 西伯 ， 皆 慙 ， 相 謂 曰 ： 「 吾 所 争 ， 周人 所 恥 ， 何 往 爲 ， 祇 取 辱 耳 。 」,，：虞芮之人未見西伯皆慙相謂曰吾所争周人所恥何往爲祇取辱耳。，。。，。，，。：- ,0.0,0.2222222222222222,0.0,1.0,0.0
遂還俱讓而去,遂 還 ， 俱 讓 而 去 。,遂還  俱讓  而 去,0.4,0.0,0.4,1.0,0.0
諸侯聞之曰西伯蓋受命之君,諸侯 聞 之 ， 曰 「 西伯 蓋 受 命 之 君 」 。,，：諸侯聞之曰西伯蓋受命之君。，。。，。，。，,0.0,0.5,0.0,1.0,0.0
明年伐犬戎,明年 ， 伐 犬戎 。,，：明年伐犬戎。，。，，，、、。，,0.0,0.6666666666666666,0.0,1.0,0.0
明年伐密須,明年 ， 伐 密須 。,明 年 伐 密 須,0.25,0.0,0.25,1.0,0.0
明年敗耆國,明年 ， 敗 耆國 。,，：明年敗耆國。，。：- ：，。- ：，,0.0,0.6666666666666666,0.0,1.0,0.0
殷之祖伊聞之懼以告帝紂,殷 之 祖伊 聞 之 ， 懼 ， 以 告 帝紂 。,"：。""殷之祖伊聞之懼以告帝紂""，。""""，，，。",0.0,0.5,0.0,1.0,0.0
紂曰不有天命乎是何能爲,紂 曰 ： 「 不 有 天命 乎 ？ 是 何 能 爲 ！ 」,"：，""紂曰不有天命乎是何能爲""。，。，""""，。，。，",0.0,0.0,0.0,1.0,0.0
明年伐邘,明年 ， 伐 邘 。,明 年 伐邘 ,0.0,0.0,0.0,1.0,0.0
明年伐崇侯虎,明年 ， 伐 崇侯虎 。,明 年 伐 崇侯虎,0.5714285714285715,0.0,0.5714285714285715,1.0,0.0
而作豐邑自岐下而徙都豐,而 作 豐邑 ， 自 岐 下 而 徙 都 豐 。,，。，。：- 而：，，作。- ：，，。- 豐邑自岐下而徙都豐,0.0,0.0,0.0,1.0,0.0
明年西伯崩太子發立是爲武王,明年 ， 西伯 崩 ， 太子發 立 ， 是 爲 武王 。,，：明年西伯崩太子發立是爲武王。，。。，。，。：- ，,0.0,0.4,0.0,1.0,0.0
西伯蓋卽位五十年,西伯 蓋 卽 位 五十 年 。,西伯 蓋 卽位 五十 年,0.7272727272727272,0.0,0.7272727272727272,1.0,0.0
其囚羑里蓋益易之八卦爲六十四卦,其 囚 羑里 ， 蓋 益 《 易 》 之 八 卦 爲 六十四 卦 。,其 囚羑  里 蓋 益 易 之 八 卦  爲 六 十 四 卦,0.6923076923076924,0.0,0.6923076923076924,1.0,0.0
詩人道西伯蓋受命之年稱王而斷虞芮之訟,詩人 道 西伯 ， 蓋 受 命 之 年 稱 王 而 斷 虞 芮 之 訟 。,詩人 道 西伯蓋  受命 之 年 稱 王 而 斷 虞 芮 之訟 ,0.6896551724137931,0.0,0.6896551724137931,1.0,0.0
後十年而崩謚爲文王,後 十 年 而 崩 ， 謚 爲 文王 。,後 十 年 而 崩謚  爲 文 王 。,0.625,0.6666666666666666,0.625,1.0,0.41666666666666663
改法度制正朔矣,改 法度 ， 制 正朔 矣 。,改 法度 制 正朔 矣,1.0,0.0,1.0,1.0,0.0
追尊古公爲太王公季爲王季蓋王瑞自太王興,追 尊 古公 爲 太王 ， 公季 爲 王季 ： 蓋 王 瑞 自 太王 興 。,追尊 古公 爲 太王 公 季 爲 王季 蓋 王 瑞 自 太王興  、,0.6666666666666666,0.0,0.6666666666666666,1.0,0.0
武王卽位太公望爲師周公旦爲輔召公畢公之徒左右王師脩文王緒業,武王 卽 位 ， 太公望 爲 師 ， 周公旦 爲 輔 ， 召公 、 畢公 之 徒 左右 王 ， 師 脩 文王 緒業 。,武 王 卽位 太公望爲  師 周公 旦爲輔   召公畢  公 之 徒 左右 王 師脩  文王 緒業 ,0.39999999999999997,0.0,0.39999999999999997,1.0,0.0
九年武王上祭于畢,九年 ， 武王 上祭 于 畢 。,九 年 武 王 上 祭 于畢 ,0.0,0.0,0.0,1.0,0.0
東觀兵至于盟津,東 觀 兵 ， 至 于 盟津 。,東 觀 兵 至 于 盟 津,0.7692307692307692,0.0,0.7692307692307692,1.0,0.0
爲文王木主載以車中軍,爲 文王 木主 ， 載 以 車 ， 中軍 。,，。，。：- 爲：，（）、（）。。- 文王木主載以車中軍：,0.22222222222222224,0.0,0.0,1.0,0.0
武王自稱太子發言奉文王以伐不敢自專,武王 自 稱 太子發 ， 言 奉 文王 以 伐 ， 不 敢 自 專 。,武 王 自稱  太 子 發 言 奉 文 王 以 伐 不 敢 自 專,0.5517241379310345,0.0,0.5517241379310345,1.0,0.0
乃告司馬司徒司空諸節齊栗信哉予無知以先祖有德臣小子受先功畢立賞罰以定其功,乃 告 司馬 、 司徒 、 司空 、 諸 節 ： 「 齊 栗 ， 信 哉 ！ 予 無 知 ， 以 先祖 有 德 臣 ， 小子 受 先 功 ， 畢 立 賞 罰 ， 以 定 其 功 。 」,乃 告 司馬 司徒 司空 諸 節 齊 栗 信 哉 予 無 知 以 先祖 有 德 臣 小子 受 先 功畢  立賞  罰 以 定 其 功,0.9,0.0,0.9,1.0,0.0
遂興師,遂 興 師 。,遂興師  ,0.0,0.0,0.0,1.0,0.0
師尚父號曰總爾衆庶與爾舟楫後至者斬,師尚父 號 曰 ： 「 總 爾 衆庶 ， 與 爾 舟 楫 ， 後 至 者 斬 。 」,師 尚父 號 曰 總爾  衆庶 與爾  舟楫 後 至 者 斬,0.5384615384615384,0.0,0.5384615384615384,1.0,0.0
武王渡河中流白魚躍入王舟中武王俯取以祭,武王 渡 河 ， 中流 ， 白 魚 躍 入 王 舟 中 ， 武王 俯 取 以 祭 。,武王渡河中流白魚躍入王舟中武王俯取以祭，。，。，，。，、，。，,0.0,0.4,0.0,1.0,0.0
既渡有火自上復于下至于王屋流爲烏其色赤其聲魄云,既 渡 ， 有 火 自 上 復 于 下 ， 至 于 王 屋 ， 流 爲 烏 ， 其 色 赤 ， 其 聲 魄 云 。,"：，""既渡有火自上復于下至于王屋流爲烏其色赤其聲魄云""。，（），。，，：""""，""""，""",0.0,0.2857142857142857,0.0,1.0,0.0
是時諸侯不期而會盟津者八百諸侯,是 時 ， 諸侯 不 期 而 會 盟津 者 八百 諸侯 。,是 時  諸侯  不期  而  會  盟津  者  八百  諸侯  。,0.8571428571428572,0.6666666666666666,0.8571428571428572,1.0,0.5714285714285714
諸侯皆曰紂可伐矣,諸侯 皆 曰 ： 「 紂 可 伐 矣 。 」,"：，""諸侯皆曰紂可伐矣""。，。。""""，""""，",0.0,0.6666666666666666,0.0,1.0,0.0
武王曰女未知天命未可也,武王 曰 ： 「 女 未 知 天命 ， 未 可 也 。 」,"：，""武王曰女未知天命未可也""。，。，（），。：- """"，，",0.0,0.5,0.0,1.0,0.0
乃還師歸,乃 還 師 歸 。,乃還  師歸 ,0.0,0.0,0.0,1.0,0.0
居二年聞紂昏亂暴虐滋甚殺王子比干囚箕子,居 二 年 ， 聞 紂 昏亂 暴 虐 滋 甚 ， 殺 王子 比干 ， 囚 箕子 。,居二年聞紂昏亂暴虐滋甚殺王子比干囚箕子。,0.0,0.4,0.0,1.0,0.0
太師疵少師彊抱其樂器而犇周,太師疵 、 少師彊 抱 其 樂器 而 犇 周 。,太師 疵 少師 彊 抱 其 樂器 而犇  周,0.47058823529411764,0.0,0.47058823529411764,1.0,0.0
於是武王徧告諸侯曰殷有重罪不可以不畢伐,於是 武王 徧 告 諸侯 曰 ： 「 殷 有 重 罪 ， 不 可以 不 畢 伐 。 」,於 是 武 王 徧 告 諸侯 曰 殷 有 重 罪 不 可 以 不畢  伐,0.625,0.0,0.625,1.0,0.0
乃遵文王遂率戎車三百乘虎賁三千人甲士四萬五千人以東伐紂,乃 遵 文王 ， 遂 率 戎車 三百 乘 ， 虎賁 三千 人 ， 甲士 四萬五千 人 ， 以 東 伐 紂 。,，。，《》。：乃遵文王遂率戎車三百乘虎賁三千人甲士四萬五千人以東伐紂。（），。、、,0.0,0.33333333333333337,0.0,1.0,0.0
十一年十二月戊午師畢渡盟津諸侯咸會,十一年 十二月 戊午 ， 師 畢 渡 盟津 ， 諸侯 咸 會 。,十一年 十二月 戊午 師畢  渡 盟津 諸侯 咸 會,0.8421052631578948,0.0,0.8421052631578948,1.0,0.0
曰孳孳無怠,曰 ： 「 孳孳 無 怠 ！ 」,，：曰孳孳無怠。，。，，。、，,0.0,0.0,0.0,1.0,0.0
武王乃作太誓告于衆庶今殷王紂乃用其婦人之言自絶于天毁壞其三正離逷其王父母弟乃斷弃其先祖之樂乃爲淫聲用變亂正聲怡説婦人故今予發維共行天罰勉哉夫子不可再不可三,武王 乃 作 《 太誓 》 ， 告 于 衆庶 ： 「 今 殷王 紂 乃 用 其 婦人 之 言 ， 自 絶 于 天 ， 毁 壞 其 三正 ， 離逷 其 王父 母弟 ， 乃 斷 弃 其 先祖 之 樂 ， 乃 爲 淫 聲 ， 用 變 亂 正聲 ， 怡 説 婦人 。 故 今 予 發 維 共 行 天罰 。 勉 哉 夫子 ， 不 可 再 ， 不 可 三 ！ 」,武王乃    作  太誓  告  于  衆庶  今  殷王  紂乃    用其    婦人  之  言  自  絶  于  天  毁壞其    三正  離逷其    王  父母  弟乃斷      弃其    先祖  之  樂乃    爲  淫聲  用  變  亂  正聲  怡説  婦人  故  今  予  發維共行天罰勉哉夫子不可再不可三  ,0.5098039215686274,0.0,0.5098039215686274,1.0,0.0
二月甲子昧爽武王朝至于商郊牧野乃誓,二月 甲子 昧爽 ， 武王 朝 至 于 商 郊 牧野 ， 乃 誓 。,"，。，、。：- ""二月甲子昧爽武王朝至""，（），于商郊牧野乃誓。，，，。- ",0.0,0.4,0.0,1.0,0.0
武王左杖黄鉞右秉白旄以麾,武王 左 杖 黄鉞 ， 右 秉 白 旄 ， 以 麾 。,，：武王左杖黄鉞右秉白旄以麾。，。，，，。：- ，,0.0,0.5,0.0,1.0,0.0
曰遠矣西土之人,曰 ： 「 遠 矣 西 土 之 人 ！ 」,曰遠矣西土之人，。，。，，。，、，,0.0,0.0,0.0,1.0,0.0
武王曰嗟我有國冢君司徒司馬司空亞旅師氏千夫長百夫長及庸蜀羌髳微纑彭濮人稱爾戈比爾干立爾矛予其誓,武王 曰 ： 「 嗟 ！ 我 有國 冢君 ， 司徒 、 司馬 、 司空 ， 亞旅 、 師氏 ， 千夫長 、 百夫長 ， 及 庸 、 蜀 、 羌 、 髳 、 微 、 纑 、 彭 、 濮 人 ， 稱 爾 戈 ， 比 爾 干 ， 立 爾 矛 ， 予 其 誓 。 」,，：武王曰嗟我有國冢君司徒司馬司空亞旅師氏千夫長百夫長及庸蜀羌髳微纑彭濮人稱爾戈比爾干立爾矛予其誓。，。。，，，。，，，。,0.0,0.08695652173913045,0.0,1.0,0.0
王曰古人有言牝雞無晨牝雞之晨惟家之索今殷王紂維婦人言是用自弃其先祖肆祀不答昬弃其家國遺其王父母弟不用乃維四方之多罪逋逃是崇是長是信是使俾暴虐于百姓以姦軌于商國今予發維共行天之罰今日之事不過六步七步乃止齊焉夫子勉哉不過於四伐五伐六伐七伐乃止齊焉勉哉夫子尚桓桓如虎如羆如豺如離于商郊不禦克犇以役西土勉哉夫子爾所不勉其于爾身有戮,王 曰 ： 「 古人 有 言 『 牝 雞 無 晨 。 牝 雞 之 晨 ， 惟 家 之 索 』 。 今 殷王 紂 維 婦人 言 是 用 ， 自 弃 其 先 祖 肆祀 不 答 ， 昬 弃 其 家 國 ， 遺 其 王父 母弟 不 用 ， 乃 維 四方 之 多 罪 逋 逃 是 崇 是 長 ， 是 信 是 使 ， 俾 暴 虐 于 百姓 ， 以 姦 軌 于 商國 。 今 予 發 維 共 行 天 之 罰 。 今日 之 事 ， 不 過 六 步 七 步 ， 乃 止 齊 焉 ， 夫子 勉 哉 ！ 不 過 於 四 伐 五 伐 六 伐 七 伐 ， 乃 止 齊 焉 ， 勉 哉 夫子 ！ 尚 桓桓 ， 如 虎 如 羆 ， 如 豺 如 離 ， 于 商 郊 ， 不 禦 克 犇 ， 以 役 西 土 ， 勉 哉 夫子 ！ 爾 所 不 勉 ， 其 于 爾 身 有 戮 。 」,，。，，。：。，，。，，（）、，-:，，。：王曰古人有言牝雞無晨牝雞之晨惟家之索今殷王紂維婦人言是用自弃其先祖肆祀不答昬弃其家國遺其王父母弟不用乃維四方之多罪逋逃是崇是長是信是使俾暴虐于百姓以姦軌于商國今予發維共行天之罰今日之事不過六步七步乃止齊焉夫子勉哉不過於四伐五伐六伐七伐乃止齊焉勉哉夫子尚桓桓如虎如羆如豺如離于商郊不禦克犇以役西土勉哉夫子爾所不勉其于爾身有戮。，，。，，。，,0.0,0.06451612903225806,0.0,1.0,0.0
誓已諸侯兵會者車四千乘陳師牧野,誓 已 ， 諸侯 兵 會 者 車 四千 乘 ， 陳 師 牧野 。,，。，。：誓已諸侯兵會者車四千乘陳師牧野。，（）。、、、、,0.0,0.5,0.0,1.0,0.0
帝紂聞武王來亦發兵七十萬人距武王,帝紂 聞 武王 來 ， 亦 發 兵 七十萬 人 距 武王 。,，。，《》。：帝紂聞武王來亦發兵七十萬人距武王。：- ：，，，（,0.0,0.6666666666666666,0.0,1.0,0.0
武王使師尚父與百夫致師以大卒馳帝紂師,武王 使 師尚父 與 百 夫 致 師 ， 以 大卒 馳 帝紂 師 。,武王  使  師尚父  與  百夫  致  師  以  大卒馳    帝紂  師 ,0.7500000000000001,0.0,0.7500000000000001,1.0,0.0
紂師雖衆皆無戰之心心欲武王亟入,紂 師 雖 衆 ， 皆 無 戰 之 心 ， 心 欲 武王 亟 入 。,紂 師雖  衆 皆 無 戰 之 心 心 欲 武王 亟 入,0.888888888888889,0.0,0.888888888888889,1.0,0.0
紂師皆倒兵以戰以開武王,紂 師 皆 倒 兵 以 戰 ， 以 開 武王 。,紂師皆倒兵以戰以開武王，。，。，，。，、，,0.0,0.6666666666666666,0.0,1.0,0.0
武王馳之紂兵皆崩畔紂,武王 馳 之 ， 紂 兵 皆 崩 畔 紂 。,武王馳  之 紂 兵 皆 崩 畔 紂,0.823529411764706,0.0,0.823529411764706,1.0,0.0
紂走反入登于鹿臺之上蒙衣其殊玉自燔于火而死,紂 走 ， 反 入 登 于 鹿臺 之 上 ， 蒙 衣 其 殊 玉 ， 自 燔 于 火 而 死 。,，：紂走反入登于鹿臺之上蒙衣其殊玉自燔于火而死。，。。，，，。，，,0.0,0.4,0.0,1.0,0.0
武王持大白旗以麾諸侯諸侯畢拜武王武王乃揖諸侯諸侯畢從,武王 持 大白旗 以 麾 諸侯 ， 諸侯 畢 拜 武王 ， 武王 乃 揖 諸侯 ， 諸侯 畢 從 。,，：武王持大白旗以麾諸侯諸侯畢拜武王武王乃揖諸侯諸侯畢從。，。。，，，。，，，,0.0,0.4,0.0,1.0,0.0
武王至商國商國百姓咸待於郊,武王 至 商國 ， 商國 百姓 咸 待 於 郊 。,，：武王至商國商國百姓咸待於郊。，。。，。，。：- ,0.0,0.6666666666666666,0.0,1.0,0.0
於是武王使羣臣告語商百姓曰上天降休,於是 武王 使 羣 臣 告 語 商 百姓 曰 ： 「 上天 降 休 ！ 」,於 是 武 王 使 羣 臣 告 語 商 百 姓 曰  上 天 降 休 ,0.5999999999999999,0.0,0.5999999999999999,1.0,0.0
商人皆再拜稽首武王亦答拜,商 人 皆 再 拜 稽首 ， 武王 亦 答 拜 。,，：商人皆再拜稽首武王亦答拜。，。。，。，。？,0.0,0.6666666666666666,0.0,1.0,0.0
遂入至紂死所,遂 入 ， 至 紂 死 所 。,遂 入 至 紂 死 所,1.0,0.0,1.0,1.0,0.0
武王自射之三發而后下車以輕劍擊之以黄鉞斬紂頭縣大白之旗,武王 自 射 之 ， 三 發 而 后 下 車 ， 以 輕 劍 擊 之 ， 以 黄鉞 斬 紂 頭 ， 縣 大 白 之 旗 。,武 王 自 射 之 三 發 而 后 下 車 以 輕劍擊   之 以 黄 鉞 斬 紂頭縣   大 白 之 旗,0.7083333333333334,0.0,0.7083333333333334,1.0,0.0
已而至紂之嬖妾二女二女皆經自殺,已而 至 紂 之 嬖妾 二 女 ， 二 女 皆 經 自 殺 。,已 而 至 紂 之嬖 妾 二 女 二 女 皆 經 自 殺 ,0.7407407407407408,0.0,0.7407407407407408,1.0,0.0
武王又射三發擊以劍斬以玄鉞縣其頭小白之旗,武王 又 射 三 發 ， 擊 以 劍 ， 斬 以 玄鉞 ， 縣 其 頭 小 白 之 旗 。,"，。，。：- ""武王""，，，。- ""又""，，。- ""射""，，。- ""三發擊以劍斬以玄鉞縣其頭小白之旗""：""",0.27272727272727276,0.0,0.0,1.0,0.0
武王已乃出復軍,武王 已 乃 出 復 軍 。,"，。""武王"" ，，。 ""已""，，，。 ""乃出復軍""，， """"",0.4444444444444444,0.0,0.0,1.0,0.0
其明日除道脩社及商紂宫,其 明日 ， 除 道 ， 脩 社 及 商 紂 宫 。,，：其明日除道脩社及商紂宫。，。。，。，。，，,0.0,0.5,0.0,1.0,0.0
及期百夫荷罕旗以先驅,及 期 ， 百 夫 荷 罕旗 以 先 驅 。,，：及期百夫荷罕旗以先驅。，。。，。，。,0.0,0.6666666666666666,0.0,1.0,0.0
武王弟叔振鐸奉陳常車周公旦把大鉞畢公把小鉞以夾武王,武王 弟 叔振鐸 奉 陳 常車 ， 周公旦 把 大 鉞 ， 畢公 把 小 鉞 ， 以 夾 武王 。,，。武王弟叔振鐸奉陳常車，周公旦把大鉞畢，公把小鉞以夾，武王。，《》。，。，，，,0.0,0.5,0.0,1.0,0.0
散宜生太顛閎夭皆執劍以衛武王,散宜生 、 太顛 、 閎夭 皆 執 劍 以 衛 武王 。,散宜生 太顛 閎夭 皆執劍   以衛  武王,0.5333333333333333,0.0,0.5333333333333333,1.0,0.0
既入立于社南大卒之左左右畢從,既 入 ， 立 于 社 南 大卒 之 左 ， 左右 畢 從 。,既 入 立 于 社 南 大 卒 之 左  左 右畢  從,0.7199999999999999,0.0,0.7199999999999999,1.0,0.0
毛叔鄭奉明水衛康叔封布兹召公奭贊采師尚父牽牲,毛叔鄭 奉 明 水 ， 衛康叔封 布 兹 ， 召公奭 贊 采 ， 師尚父 牽 牲 。,毛叔鄭奉明水衛康叔封布兹召公奭贊采師尚父牽牲，。，。，，。，、，。，。,0.0,0.4,0.0,1.0,0.0
尹佚筴祝曰殷之末孫季紂殄廢先王明德侮蔑神祇不祀昏暴商邑百姓其章顯聞于天皇上帝,尹佚 筴 祝 曰 ： 「 殷 之 末 孫 季紂 ， 殄 廢 先王 明 德 ， 侮 蔑 神祇 不 祀 ， 昏 暴 商邑 百姓 ， 其 章 顯 聞 于 天皇上帝 。 」,，。，。，，，。，。：尹佚筴祝曰殷之末孫季紂殄廢先王明德侮蔑神祇不祀昏暴商邑百姓其章顯聞于天皇上帝。，,0.0,0.2857142857142857,0.0,1.0,0.0
於是武王再拜稽首曰膺更大命革殷受天明命,於是 武王 再 拜 稽首 ， 曰 ： 「 膺 更 大 命 ， 革 殷 ， 受 天 明 命 。 」,於 是 武 王 再 拜 稽 首 曰膺更  大 命 革 殷 受 天 明 命,0.6060606060606061,0.0,0.6060606060606061,1.0,0.0
武王又再拜稽首乃出,武王 又 再 拜 稽首 ， 乃 出 。,"，。""武王"" ，，。 ""又再拜稽首乃出""   """" ，"""" ，""",0.22222222222222224,0.0,0.0,1.0,0.0
封商紂子禄父殷之餘民,封 商紂 子 禄父 殷 之 餘 民 。,"，。，。：""封""，""""""""。""商紂子禄父殷之餘民""""""，""""，""",0.0,0.0,0.0,1.0,0.0
武王爲殷初定未集乃使其弟管叔鮮蔡叔度相禄父治殷,武王 爲 殷 初 定 未 集 ， 乃 使 其 弟 管叔鮮 、 蔡叔度 相 禄父 治 殷 。,武王 爲 殷 初 定 未 集 乃 使 其 弟 管 叔鮮  蔡 叔 度 相 禄 父 治 殷,0.7368421052631577,0.0,0.7368421052631577,1.0,0.0
已而命召公釋箕子之囚,已而 命 召公 釋 箕子 之 囚 。,"：，""已而命召公釋箕子之囚""。，。。""""，（""""），",0.0,1.0,0.0,1.0,0.0
命畢公釋百姓之囚表商容之閭,命 畢公 釋 百姓 之 囚 ， 表 商容 之 閭 。,，：命畢公釋百姓之囚表商容之閭。，。，，。。。，。,0.0,0.6666666666666666,0.0,1.0,0.0
命南宫括散鹿臺之財發鉅橋之粟以振貧弱萌隸,命 南宫括 散 鹿臺 之 財 ， 發 鉅橋 之 粟 ， 以 振 貧 弱 萌隸 。,命 南宫括 散 鹿臺 之 財 發 鉅橋 之 粟 以 振 貧弱 萌隸,0.896551724137931,0.0,0.896551724137931,1.0,0.0
命南宫括史佚展九鼎保玉,命 南宫括 、 史佚 展 九鼎 保玉 。,命南宫括史佚展九鼎保玉，。：，。 ，，（），。，、,0.0,0.6666666666666666,0.0,1.0,0.0
命閎夭封比干之墓,命 閎夭 封 比干 之 墓 。,，：命閎夭封比干之墓。，。：- ：，，。- ：,0.0,1.0,0.0,1.0,0.0
命宗祝享祠于軍,命 宗祝 享祠 于 軍 。,命 宗祝 享 祠 于 軍,0.7272727272727272,0.0,0.7272727272727272,1.0,0.0
乃罷兵西歸,乃 罷 兵 西 歸 。,乃 罷 兵 西歸 ,0.6666666666666665,0.0,0.6666666666666665,1.0,0.0
行狩記政事作武成,行 狩 ， 記 政事 ， 作 《 武 成 》 。,行狩記政事作武成，。，。，，。，、，,0.0,0.4,0.0,1.0,0.0
封諸侯班賜宗彝作分殷之器物,封 諸侯 ， 班 賜 宗彝 ， 作 《 分 殷 之 器 物 》 。,"。：""封諸侯班賜宗彝作分殷之器物"" 、（），""""（）。",0.0,0.4,0.0,1.0,0.0
武王追思先聖王乃襃封神農之後於焦黄帝之後於祝帝堯之後於薊帝舜之後於陳大禹之後於杞,武王 追 思 先 聖王 ， 乃 襃 封 神農 之 後 於 焦 ， 黄帝 之 後 於 祝 ， 帝堯 之 後 於 薊 ， 帝舜 之 後 於 陳 ， 大禹 之 後 於 杞 。,武 王 追 思 先 聖 王 乃 襃 封 神農  之 後 於 焦 黄 帝 之 後 於 祝 帝 堯 之 後 於 薊 帝 舜 之 後 於 陳 大 禹 之 後 於 杞,0.7500000000000001,0.0,0.7500000000000001,1.0,0.0
於是封功臣謀士而師尚父爲首封,於是 封 功臣 謀士 ， 而 師尚父 爲 首 封 。,，：於是封功臣謀士而師尚父爲首封。，。，，。，。。,0.0,0.6666666666666666,0.0,1.0,0.0
封尚父於營丘曰齊,封 尚父 於 營丘 ， 曰 齊 。,，。，。：封尚父於營丘曰齊。，，，。，。,0.0,0.6666666666666666,0.0,1.0,0.0
封弟周公旦於曲阜曰魯,封 弟 周公旦 於 曲阜 ， 曰 魯 。,，。，。：封弟周公旦於曲阜曰魯。。，，（），,0.0,0.6666666666666666,0.0,1.0,0.0
封召公奭於燕,封 召公奭 於 燕 。,，。：封召公奭於燕。，，（），。，，,0.0,1.0,0.0,1.0,0.0
封弟叔鮮於管餘各以次受封,封 弟 叔鮮 於 管 ， 餘 各 以 次 受 封 。,封弟叔鮮於管餘各以次受封。,0.0,0.6666666666666666,0.0,1.0,0.0
武王徵九牧之君登豳之阜以望商邑,武王 徵 九 牧 之 君 ， 登 豳 之 阜 ， 以 望 商邑 。,"，。，武王徵（）。""""、""九牧之君""、""登""、""豳之阜""、""以望""""商邑""。，。，",0.0,0.2222222222222222,0.0,1.0,0.0
武王至于周自夜不寐,武王 至 于 周 ， 自 夜 不 寐 。,武 王 至 于 周 自 夜 不 寐,0.823529411764706,0.0,0.823529411764706,1.0,0.0
周公旦卽王所曰曷爲不寐,周公旦 卽 王 所 ， 曰 ： 「 曷 爲 不 寐 ？ 」,，：周公旦卽王所曰曷爲不寐。，。。，。，。，,0.0,0.0,0.0,1.0,0.0
王曰告女維天不饗殷自發未生於今六十年麋鹿在牧蜚鴻滿野天不享殷乃今有成維天建殷其登名民三百六十夫不顯亦不賓滅以至今我未定天保何暇寐,王 曰 ： 「 告 女 ： 維 天 不 饗 殷 ， 自 發 未 生 於 今 六十 年 ， 麋鹿 在 牧 ， 蜚鴻 滿 野 。 天 不 享 殷 ， 乃 今 有 成 。 維 天 建 殷 ， 其 登 名 民 三百六十 夫 ， 不 顯 亦 不 賓 滅 ， 以 至 今 。 我 未 定 天保 ， 何 暇 寐 ！ 」,王 曰 告 女 維 天 不 饗 殷 自 發 未 生 於 今 六 十 年 麋 鹿 在 牧蜚  鴻 滿 野 天 不 享 殷 乃 今 有 成 維 天 建 殷 其 登 名 民 三 百 六 十 夫 不顯  亦 不賓  滅 以 至 今 我 未 定 天 保 何 暇 寐,0.7966101694915254,0.0,0.7966101694915254,1.0,0.0
王曰定天保依天室悉求夫惡貶從殷王受日夜勞來定我西土我維顯服及德方明自洛汭延于伊汭居易毋固其有夏之居我南望三塗北望嶽鄙顧詹有河粵詹雒伊毋遠天室,王 曰 ： 「 定 天保 ， 依 天室 ， 悉 求 夫 惡 ， 貶 從 殷王受 。 日夜 勞 來 定 我 西 土 ， 我 維 顯 服 ， 及 德 方 明 。 自 洛汭 延 于 伊汭 ， 居 易 毋 固 ， 其 有夏 之 居 。 我 南 望 三塗 ， 北 望 嶽 鄙 ， 顧 詹 有 河 ， 粵 詹 雒 、 伊 ， 毋 遠 天室 。 」,王 曰 定 天保 依 天室 悉 求 夫 惡 貶 從 殷 王 受 日夜勞來   定 我 西土 我 維顯  服 及 德 方 明 自 洛汭  延 于 伊汭  居 易 毋 固 其 有 夏 之 居 我 南 望 三 塗 北 望 嶽 鄙 顧 詹 有 河 粵 詹 雒 伊 毋 遠 天室,0.8333333333333334,0.0,0.8333333333333334,1.0,0.0
營周居于雒邑而後去,營 周 居 于 雒邑 而 後 去 。,營周居于雒邑而後去。,0.0,1.0,0.0,1.0,0.0
縱馬於華山之陽放牛於桃林之虚偃干戈振兵釋旅示天下不復用也,縱 馬 於 華山 之 陽 ， 放 牛 於 桃林 之 虚 ； 偃 干戈 ， 振 兵 釋 旅 ： 示 天下 不 復 用 也 。,，。，。：縱馬於華山之陽放牛於桃林之虚偃干戈振兵釋旅示天下不復用也。，，，（），，，。，,0.0,0.33333333333333337,0.0,1.0,0.0
武王已克殷後二年問箕子殷所以亡,武王 已 克 殷 ， 後 二年 ， 問 箕子 殷 所 以 亡 。,武王 已 克 殷 後 二 年 問 箕 子 殷 所 以 亡,0.7692307692307692,0.0,0.7692307692307692,1.0,0.0
箕子不忍言殷惡以存亡國宜告,箕子 不 忍 言 殷 惡 ， 以 存 亡 國 宜 告 。,，：箕子不忍言殷惡以存亡國宜告。，。。，。，。，，,0.0,0.6666666666666666,0.0,1.0,0.0
武王亦醜故問以天道,武王 亦 醜 ， 故 問 以 天道 。,"，。""武王"" ，，。 ""亦""，，""""，，。 ""醜故問以天道""，",0.4,0.0,0.0,1.0,0.0
武王病,武王 病 。,，。武王病，   。。。，,0.0,1.0,0.0,1.0,0.0
天下未集羣公懼穆卜周公乃祓齋自爲質欲代武王武王有瘳,天下 未 集 ， 羣 公 懼 ， 穆 卜 ， 周公 乃 祓 齋 ， 自 爲 質 ， 欲 代 武王 ， 武王 有 瘳 。,天 下 未 集 羣 公 懼 穆 卜 周 公 乃 祓 齋 自 爲 質 欲 代 武 王 武 王 有瘳 ,0.6666666666666666,0.0,0.6666666666666666,1.0,0.0
後而崩太子誦代立是爲成王,後 而 崩 ， 太子 誦 代 立 ， 是 爲 成王 。,"：，""後而崩太子誦代立是爲成王""。，。。""""（""""），。",0.0,0.5,0.0,1.0,0.0
成王少周初定天下周公恐諸侯畔周公乃攝行政當國,成王 少 ， 周 初 定 天下 ， 周公 恐 諸侯 畔 周 ， 公 乃 攝 行 政 當 國 。,成 王 少 周 初 定 天下  周 公 恐 諸侯 畔  周 公 乃 攝 行政  當 國 ,0.7567567567567567,0.0,0.7567567567567567,1.0,0.0
管叔蔡叔羣弟疑周公與武庚作亂畔周,管叔 、 蔡叔 羣 弟 疑 周公 ， 與 武庚 作 亂 ， 畔 周 。,管叔 蔡叔 羣弟 疑 周公 與 武庚 作亂 畔 周,0.7272727272727272,0.0,0.7272727272727272,1.0,0.0
周公奉成王命伐誅武庚管叔放蔡叔,周公 奉 成王 命 ， 伐 誅 武庚 、 管叔 ， 放 蔡叔 。,周公 奉 成王 命 伐 誅 武庚 管叔 放 蔡叔,1.0,0.0,1.0,1.0,0.0
以微子開代殷後國於宋,以 微子開 代 殷 後 ， 國 於 宋 。,"：，""以微子開代殷後國於宋""。，。：- """"：，""""""""，。- ",0.0,0.6666666666666666,0.0,1.0,0.0
頗收殷餘民以封武王少弟封爲衞康叔,頗 收 殷 餘 民 ， 以 封 武王 少 弟 封 爲 衞康叔 。,"，。，。：- ""頗收殷餘民""，""""（""""""""）、""""（）、""""（）。以封武王少弟封爲衞康叔""",0.0,0.0,0.0,1.0,0.0
晉唐叔得嘉穀獻之成王成王以歸周公于兵所,晉唐叔 得 嘉穀 ， 獻 之 成王 ， 成王 以 歸 周公 于 兵 所 。,"，。，。：- ""晉唐叔得嘉穀獻之成王成王""，，（）。，，以歸周公于兵所。- """,0.0,0.4,0.0,1.0,0.0
周公受禾東土魯天子之命,周公 受 禾 東 土 ， 魯 天子 之 命 。,，：周公受禾東土魯天子之命。，。。，。，。：- ,0.0,0.6666666666666666,0.0,1.0,0.0
初管蔡畔周周公討之三年而畢定故初作大誥次作微子之命次歸禾次嘉禾次康誥酒誥梓材其事在周公之篇,初 ， 管 、 蔡 畔 周 ， 周公 討 之 ， 三 年 而 畢 定 ， 故 初 作 《 大 誥 》 ， 次 作 《 微子 之 命 》 ， 次 《 歸 禾 》 ， 次 《 嘉 禾 》 ， 次 《 康 誥 》 、 《 酒 誥 》 、 《 梓 材 》 ， 其 事 在 《 周公 》 之 篇 。,初 管 蔡 畔 周 周 公 討 之 三 年 而畢  定 故 初 作 大 誥 次 作 微 子 之 命 次歸  禾 次 嘉 禾 次 康 誥 酒 誥 梓 材 其 事 在 周 公 之 篇,0.8235294117647058,0.0,0.8235294117647058,1.0,0.0
周公行政七年成王長周公反政成王北面就羣臣之位,周公 行 政 七 年 ， 成王 長 ， 周公 反 政 成王 ， 北面 就 羣 臣 之 位 。,周公 行政 七 年 成王 長 周公 反 政 成王 北面 就 羣臣 之 位,0.8125,0.0,0.8125,1.0,0.0
成王在豐使召公復營洛邑如武王之意,成王 在 豐 ， 使 召公 復 營 洛邑 ， 如 武王 之 意 。,成 王 在 豐  使 召公復  營 洛邑  如 武王 之 意 ,0.75,0.0,0.75,1.0,0.0
周公復卜申視卒營築居九鼎焉,周公 復 卜 申 視 ， 卒 營 築 ， 居 九 鼎 焉 。,"，。，。：""周公""，（），。""復卜申視卒營築居九鼎焉""""""，""""，，",0.0,0.0,0.0,1.0,0.0
曰此天下之中四方入貢道里均,曰 ： 「 此 天下 之 中 ， 四方 入 貢 道里 均 。 」,"：，""曰此天下之中四方入貢道里均""。，""""，。""""，。""""""""，""""，",0.0,0.5,0.0,1.0,0.0
作召誥洛誥,作 《 召 誥 》 、 《 洛 誥 》 。,作 召誥 洛誥,0.25,0.0,0.25,1.0,0.0
成王既遷殷遺民周公以王命告作多士無佚,成王 既 遷 殷 遺 民 ， 周公 以 王 命 告 ， 作 《 多 士 》 、 《 無 佚 》 。,成 王  既  遷  殷  遺  民  周公  以  王命  告  作  多士  無  佚  。,0.7096774193548386,0.33333333333333337,0.7096774193548386,1.0,0.23655913978494625
召公爲保周公爲師東伐淮夷殘奄遷其君薄姑,召公 爲 保 ， 周公 爲 師 ， 東 伐 淮夷 ， 殘 奄 ， 遷 其 君 薄姑 。,召公爲保周公爲師東伐淮夷殘奄遷其君薄姑。,0.0,0.33333333333333337,0.0,1.0,0.0
成王自奄歸在宗周作多方,成王 自 奄 歸 ， 在 宗周 ， 作 《 多 方 》 。,成 王 自 奄歸  在 宗周 作 多 方,0.6666666666666666,0.0,0.6666666666666666,1.0,0.0
既絀殷命襲淮夷歸在豐作周官,既 絀 殷 命 ， 襲 淮夷 ， 歸 在 豐 ， 作 《 周 官 》 。,既 絀 殷 命襲  淮夷歸  在 豐 作 周 官,0.7272727272727272,0.0,0.7272727272727272,1.0,0.0
興正禮樂度制於是改而民和睦頌聲興,興 正 禮 樂 ， 度 制 於 是 改 ， 而 民 和 睦 ， 頌 聲 興 。,興 正 禮樂 度 制 於 是 改 而 民 和睦 頌聲興 ,0.6428571428571429,0.0,0.6428571428571429,1.0,0.0
成王既伐東夷息慎來賀王賜榮伯作賄息慎之命,成王 既 伐 東夷 ， 息慎 來 賀 ， 王 賜 榮伯 作 《 賄 息慎 之 命 》 。,"，。，。：- ""成王""，，。- ""既伐東夷息慎來賀王賜榮伯""""""作賄息慎之命，""""，""""。",0.11764705882352941,0.28571428571428575,0.0,1.0,0.033613445378151266
成王將崩懼太子釗之不任乃命召公畢公率諸侯以相太子而立之,成王 將 崩 ， 懼 太子 釗 之 不 任 ， 乃 命 召公 、 畢公 率 諸侯 以 相 太子 而 立 之 。,成 王 將 崩 懼                 太子釗   之不任乃命召公畢公率諸侯以相太子而立之,0.21428571428571427,0.0,0.21428571428571427,1.0,0.0
成王既崩二公率諸侯以太子釗見於先王廟申告以文王武王之所以爲王業之不易務在節儉毋多欲以篤信臨之作顧命,成王 既 崩 ， 二 公 率 諸侯 ， 以 太子 釗 見 於 先王 廟 ， 申 告 以 文王 、 武王 之 所 以 爲 王 業 之 不 易 ， 務 在 節 儉 ， 毋 多 欲 ， 以 篤 信 臨 之 ， 作 《 顧 命 》 。,成 王  既  崩  二  公  率  諸侯  以  太子  釗  見  於  先王廟    申  告  以  文王  武王  之  所  以  爲  王業  之  不易務    在  節儉  毋  多  欲  以  篤  信  臨  之  作顧命,0.75,0.0,0.75,1.0,0.0
太子釗遂立是爲康王,太子 釗 遂 立 ， 是 爲 康王 。,"：。""太子""（""""""""），，。""釗遂立是爲康王""，。",0.0,0.5,0.0,1.0,0.0
康王卽位徧告諸侯宣告以文武之業以申之作康誥,康王 卽 位 ， 徧 告 諸侯 ， 宣 告 以 文 武 之 業 以 申 之 ， 作 《 康 誥 》 。,康王 卽位 徧 告 諸侯 宣告  以 文 武 之 業  以 申 之  作 康 誥 ,0.8333333333333333,0.0,0.8333333333333333,1.0,0.0
故成康之際天下安寧刑錯四十餘年不用,故 成 康 之 際 ， 天下 安 寧 ， 刑 錯 四十餘 年 不 用 。,故 成 康 之 際 天下 安寧 刑錯  四十餘 年 不用,0.64,0.0,0.64,1.0,0.0
康王命作策畢公分居里成周郊作畢命,康王 命 作 策 畢公 分 居里 ， 成 周 郊 ， 作 《 畢 命 》 。,康王 命  作  策畢  公  分  居  里  成周  郊  作畢  命 ,0.48000000000000004,0.0,0.48000000000000004,1.0,0.0
康王卒子昭王瑕立,康王 卒 ， 子 昭王 瑕 立 。,康王卒子昭王瑕立，。，。，，。，、，,0.0,0.6666666666666666,0.0,1.0,0.0
昭王之時王道微缺,昭王 之 時 ， 王道 微 缺 。,昭王  之  時  王道  微  缺  。,1.0,0.6666666666666666,1.0,1.0,0.6666666666666666
昭王南巡狩不返卒於江上,昭王 南 巡狩 不 返 ， 卒 於 江 上 。,，：昭王南巡狩不返卒於江上。，。。，。，。，,0.0,0.6666666666666666,0.0,1.0,0.0
其卒不赴告諱之也,其 卒 不 赴 告 ， 諱 之 也 。,其 卒 不 赴 告 諱 之 也,1.0,0.0,1.0,1.0,0.0
立昭王子滿是爲穆王,立 昭王 子 滿 ， 是 爲 穆王 。,立 昭王 子 滿 是 爲 穆王 。,1.0,0.6666666666666666,1.0,1.0,0.6666666666666666
穆王卽位春秋已五十矣,穆王 卽 位 ， 春秋 已 五十 矣 。,穆王卽 位 春秋 已 五十 矣,0.7692307692307692,0.0,0.7692307692307692,1.0,0.0
王道衰微穆王閔文武之道缺乃命伯臩申誡太僕國之政作臩命,王道 衰 微 ， 穆王 閔 文 武 之 道 缺 ， 乃 命 伯臩 申 誡 太僕 國 之 政 ， 作 《 臩 命 》 。,"，。，。""王道衰微""，。""穆王閔文武之道缺""，""""，，。""乃命伯臩申誡太僕國之政作臩命",0.0,0.0,0.0,1.0,0.0
復寧,復 寧 。,復寧 ,0.0,0.0,0.0,1.0,0.0
穆王將征犬戎祭公謀父諫曰不可先王燿德不觀兵夫兵戢而時動動則威觀則玩玩則無震是故周文公之頌曰載戢干戈載櫜弓矢我求懿德肆于時夏允王保之先王之於民也茂正其德而厚其性阜其財求而利其器用明利害之鄉以文脩之使之務利而辟害懷德而畏威故能保世以滋大昔我先王世后稷以服事虞夏及夏之衰也弃稷不務我先王不窋用失其官而自竄於戎狄之閒不敢怠業時序其德遵脩其緒脩其訓典朝夕恪勤守以敦篤奉以忠信奕世載德不忝前人至于文王武王昭前之光明而加之以慈和事神保民無不欣喜商王帝辛大惡于民庶民不忍訢載武王以致戎于商牧是故先王非務武也勸恤民隱而除其害也夫先王之制邦内甸服邦外侯服侯衞賓服夷蠻要服戎翟荒服甸服者祭侯服者祀賓服者享要服者貢荒服者王日祭月祀時享歲貢終王先王之順祀也有不祭則脩意有不祀則脩言有不享則脩文有不貢則脩名有不王則脩德序成而有不至則脩刑於是有刑不祭伐不祀征不享讓不貢告不王於是有刑罰之辟有攻伐之兵有征討之備有威讓之命有文告之辭布令陳辭而有不至則增脩於德無勤民於遠是以近無不聽遠無不服今自大畢伯士之終也犬戎氏以其職來王天子曰予必以不享征之且觀之兵無乃廢先王之訓而王幾頓乎吾聞犬戎樹敦率舊德而守終純固其有以禦我矣,穆王 將 征 犬戎 ， 祭公謀父 諫 曰 ： 「 不 可 。 先 王 燿 德 不 觀 兵 。 夫 兵 戢 而 時 動 ， 動 則 威 ， 觀 則 玩 ， 玩 則 無 震 。 是 故 周文公 之 頌 曰 ： 『 載 戢 干戈 ， 載 櫜 弓矢 ， 我 求 懿 德 ， 肆 于 時 夏 ， 允 王 保 之 。 』 先王 之 於 民 也 ， 茂 正 其 德 而 厚 其 性 ， 阜 其 財求 而 利 其 器用 ， 明 利 害 之 鄉 ， 以 文 脩 之 ， 使 之 務 利 而 辟 害 ， 懷 德 而 畏 威 ， 故 能 保 世 以 滋 大 。 昔 我 先王 世 后稷 以 服 事 虞 、 夏 。 及 夏 之 衰 也 ， 弃 稷 不 務 ， 我 先王 不窋 用 失 其 官 ， 而 自 竄 於 戎狄 之 閒 。 不 敢 怠 業 ， 時 序 其 德 ， 遵 脩 其 緒 ， 脩 其 訓 典 ， 朝夕 恪 勤 ， 守 以 敦 篤 ， 奉 以 忠 信 。 奕 世 載 德 ， 不 忝 前人 。 至 于 文王 、 武王 ， 昭 前 之 光明 而 加 之 以 慈和 ， 事 神 保 民 ， 無 不 欣 喜 。 商王 帝辛 大 惡 于 民 ， 庶民 不 忍 ， 訢 載 武王 ， 以 致 戎 于 商 牧 。 是故 先 王 非 務 武 也 ， 勸 恤 民 隱 而 除 其 害 也 。 夫 先王 之 制 ， 邦 内 甸服 ， 邦 外 侯服 ， 侯 衞 賓服 ， 夷 蠻 要服 ， 戎 翟 荒服 。 甸服 者 祭 ， 侯服 者 祀 ， 賓服 者 享 ， 要服 者 貢 ， 荒服 者 王 。 日 祭 ， 月 祀 ， 時 享 ， 歲 貢 ， 終 王 。 先王 之 順祀 也 ， 有 不 祭 則 脩 意 ， 有 不 祀 則 脩 言 ， 有 不 享 則 脩 文 ， 有 不 貢 則 脩 名 ， 有 不 王 則 脩 德 ， 序 成 而 有 不 至 則 脩 刑 。 於是 有 刑 不 祭 ， 伐 不 祀 ， 征 不 享 ， 讓 不 貢 ， 告 不 王 。 於是 有 刑罰 之 辟 ， 有 攻伐 之 兵 ， 有 征討 之 備 ， 有 威讓 之 命 ， 有 文 告 之 辭 。 布 令 陳 辭 而 有 不 至 ， 則 增 脩 於 德 ， 無 勤 民 於 遠 。 是以 近 無 不 聽 ， 遠 無 不 服 。 今 自 大畢 、 伯士 之 終 也 ， 犬戎氏 以 其 職 來 王 ， 天子 曰 『 予 必 以 不 享 征 之 ， 且 觀 之 兵 』 ， 無乃 廢 先王 之 訓 ， 而 王 幾 頓 乎 ？ 吾 聞 犬戎 樹 敦 ， 率 舊 德 而 守 終 純 固 ， 其 有 以 禦 我 矣 。 」,"，。，，。，，。，。，。，，、、。，。，。，穆王將征犬戎，，；，；，；。    ，。祭公謀父諫曰，，，。，，    。，，，。，不可先王燿德不觀兵，，，（），，，。。       。，。夫兵戢而時動，，；，（），，，動則威觀則玩玩則無震是故。      。，周文公之頌曰載戢干戈載櫜弓矢我求懿德肆于時夏允王保，，之，，，，。，，           。，先王之於民也茂正其德而厚其性阜其財求而利其器用明利害之鄉以文脩之使之務利而辟害懷德而畏威故能保世以滋大昔我，先王世后稷以服事虞夏及夏之衰、、、、，。、也弃稷不務我先王不窋。，用失其官而自竄於戎狄之閒不敢怠業時序其德遵脩其緒脩其訓典朝夕恪勤守以敦篤奉以忠信奕世載德不忝前人至于（ ） , - : 、 。 〈 〉 《 》 「 」 『 』 〔 〕 ！ （ ） ， ． ： ； ？，文王武王昭前之光明而加之以慈和事神保民無不欣喜商王帝辛大惡于民庶民不忍訢載武王以致戎于商牧是故先王非務武也勸恤民隱而除其害也夫，、。，先王之制邦内甸服邦外侯服侯衞賓服夷蠻要服戎翟荒服甸服者祭侯服者祀賓服者享要服者貢荒服者王日祭月祀時享歲貢終王先王之順祀也有不祭則脩意有不祀則脩言有不享則脩文有不貢則脩名有不王則脩德序成而有不至則脩刑於是有刑不祭伐不祀征不享讓不貢告不王於是有刑罰之辟有攻伐之兵有征討之備有威讓之命有文告之辭布令陳辭而有不至則增脩於德無勤民於遠是以近無不聽遠無不服今自大畢伯士之終也犬戎氏以其職來王天子曰予必以不享征之且觀之兵無乃廢先王之訓而王幾頓乎吾聞犬戎樹敦率舊德而守終純固其有以禦我矣，",0.0,0.05454545454545455,0.0,1.0,0.0
王遂征之得四白狼四白鹿以歸,王 遂 征 之 ， 得 四 白 狼 四 白 鹿 以 歸 。,王 遂 征 之  得 四 白 狼 四 白 鹿  以歸  ,0.8799999999999999,0.0,0.8799999999999999,1.0,0.0
自是荒服者不至,自 是 荒服 者 不 至 。,自 是 荒服者  不 至,0.7272727272727272,0.0,0.7272727272727272,1.0,0.0
諸侯有不睦者甫侯言於王作脩刑辟,諸侯 有 不 睦 者 ， 甫侯 言 於 王 ， 作 脩 刑辟 。,"，。，。：""諸侯""，有，，。""""，，，。""不睦者甫侯言於王作脩刑辟""，",0.0,0.0,0.0,1.0,0.0
王曰吁來有国有土告汝祥刑在今爾安百姓何擇非其人何敬非其刑何居非其宜與兩造具備師聽五辭五辭簡信正於五刑五刑不簡正於五罰五罰不服正於五過五過之疵官獄内獄閲實其罪惟鈞其過五刑之疑有赦五罰之疑有赦其審克之簡信有衆惟訊有稽無簡不疑共嚴天威黥辟疑赦其罰百率閲實其罪劓辟疑赦其罰倍灑閲實其罪臏辟疑赦其罰倍差閲實其罪宫辟疑赦其罰五百率閲實其罪大辟疑赦其罰千率閲實其罪墨罰之屬千劓罰之屬千臏罰之屬五百宫罰之屬三百大辟之罰其屬二百五刑之屬三千,王 曰 ： 「 吁 ， 來 ！ 有 国 有 土 ， 告 汝 祥 刑 。 在 今 爾 安 百姓 ， 何 擇 非 其 人 ， 何 敬 非 其 刑 ， 何 居 非 其 宜 與 ？ 兩 造 具 備 ， 師 聽 五 辭 。 五 辭 簡 信 ， 正 於 五 刑 。 五 刑 不 簡 ， 正 於 五 罰 。 五 罰 不 服 ， 正 於 五 過 。 五 過 之 疵 ， 官 獄 内 獄 ， 閲 實 其 罪 ， 惟 鈞 其 過 。 五 刑 之 疑 有 赦 ， 五 罰 之 疑 有 赦 ， 其 審 克 之 。 簡 信 有 衆 ， 惟 訊 有 稽 。 無 簡 不 疑 ， 共 嚴 天 威 。 黥 辟 疑 赦 ， 其 罰 百 率 ， 閲 實 其 罪 。 劓 辟 疑 赦 ， 其 罰 倍 灑 ， 閲 實 其 罪 。 臏 辟 疑 赦 ， 其 罰 倍 差 ， 閲 實 其 罪 。 宫 辟 疑 赦 ， 其 罰 五百 率 ， 閲 實 其 罪 。 大辟 疑 赦 ， 其 罰 千 率 ， 閲 實 其 罪 。 墨罰 之 屬 千 ， 劓罰 之 屬 千 ， 臏罰 之 屬 五百 ， 宫罰 之 屬 三百 ， 大辟 之 罰 其 屬 二百 ： 五 刑 之 屬 三千 。 」,，。，。：王曰吁來有国有土告汝祥刑在今爾安百姓何擇非其人何敬非其刑何居非其宜與兩造具備師聽五辭五辭簡信正於五刑五刑不簡正於五罰五罰不服正於五過五過之疵官獄内獄閲實其罪惟鈞其過五刑之疑有赦五罰之疑有赦其審克之簡信有衆惟訊有稽無簡不疑共嚴天威黥辟疑赦其罰百率閲實其罪劓辟疑赦其罰倍灑閲實其罪臏辟疑赦其罰倍差閲實其罪宫辟疑赦其罰五百率閲實其罪大辟疑赦其罰千率閲實其罪墨罰之屬千劓罰之屬千臏罰之屬五百宫罰之屬三百大辟之罰其屬二百五刑之屬三千。，，。。，。：，，。，。，。，，，。，,0.0,0.039999999999999994,0.0,1.0,0.0
命曰甫刑,命 曰 《 甫 刑 》 。,命 曰 甫 刑,1.0,0.0,1.0,1.0,0.0
穆王立五十五年崩子共王繄扈立,穆王 立 五十五 年 ， 崩 ， 子 共王 繄扈 立 。,"，。，。，，。，，，""穆王立五十五年崩子共王繄扈立""",0.0,0.0,0.0,1.0,0.0
共王游於涇上密康公從有三女犇之,共王 游 於 涇 上 ， 密康公 從 ， 有 三 女 犇 之 。,共王  游  於  涇  上  密康公  從  有  三  女犇    之  。,0.8695652173913043,0.5,0.8695652173913043,1.0,0.43478260869565216
其母曰必致之王夫獸三爲羣人三爲衆女三爲粲王田不取羣公行不下衆王御不參一族夫粲美之物也衆以美物歸女而何德以堪之王猶不堪況爾之小醜乎小醜備物終必亡,其 母 曰 ： 「 必 致 之 王 。 夫 獸 三 爲 羣 ， 人 三 爲 衆 ， 女 三 爲 粲 。 王 田 不 取 羣 ， 公 行 不 下 衆 ， 王 御 不 參 一 族 。 夫 粲 ， 美 之 物 也 。 衆 以 美 物 歸 女 ， 而 何 德 以 堪 之 ？ 王 猶 不 堪 ， 況 爾 之 小 醜 乎 ！ 小 醜 備 物 ， 終 必 亡 。 」,其 母 曰  必 致 之 王 夫獸   三 爲 羣  人 三 爲衆   女 三 爲 粲  王 田 不 取 羣  公 行 不 下衆   王 御 不 參 一族   夫粲  美 之 物 也衆   以 美 物歸  女 而  何 德 以 堪 之  王 猶 不 堪況爾    之 小 醜 乎  小 醜備  物終必亡,0.7441860465116279,0.0,0.7441860465116279,1.0,0.0
康公不獻一年共王滅密,康公 不 獻 ， 一年 ， 共王 滅 密 。,"：，""康公不獻一年共王滅密""。，。：- """"：（），。- """"：，",0.0,0.5,0.0,1.0,0.0
共王崩子懿王囏立,共王 崩 ， 子 懿王 囏 立 。,"：，""共王崩子懿王囏立""。，。。""""（），",0.0,0.6666666666666666,0.0,1.0,0.0
懿王之時王室遂衰詩人作刺,懿王 之 時 ， 王室 遂 衰 ， 詩人 作 刺 。,，：懿王之時王室遂衰詩人作刺。，。。，。，。：- ,0.0,0.5,0.0,1.0,0.0
懿王崩共王弟辟方立是爲孝王,懿王 崩 ， 共王 弟 辟方 立 ， 是 爲 孝王 。,"。：""懿王崩共王弟辟方立是爲孝王"" ，。：-  """"：，""""。",0.0,0.5,0.0,1.0,0.0
孝王崩諸侯復立懿王太子燮是爲夷王,孝王 崩 ， 諸侯 復 立 懿王 太子 燮 ， 是 爲 夷王 。,"，。，。：- ""孝王崩""：，""""。，""""，。- ""諸侯復立懿王太子燮是爲夷王""：",0.0,0.0,0.0,1.0,0.0
夷王崩子厲王胡立,夷王 崩 ， 子 厲王 胡 立 。,，：夷王崩子厲王胡立。，。，。：- ，。- ,0.0,0.6666666666666666,0.0,1.0,0.0
厲王卽位三十年好利近榮夷公,厲王 卽位 三十 年 ， 好 利 ， 近 榮夷公 。,，：厲王卽位三十年好利近榮夷公。，。。，。，。：- ,0.0,0.5,0.0,1.0,0.0
大夫芮良夫諫厲王曰王室其將卑乎夫榮公好專利而不知大難夫利百物之所生也天地之所載也而有專之其害多矣天地百物皆將取焉何可專也所怒甚多不備大難以是教王王其能久乎夫王人者將導利而布之上下者也使神人百物無不得極猶日怵惕懼怨之來也故頌曰思文后稷克配彼天立我蒸民莫匪爾極大雅曰陳錫載周是不布利而懼難乎故能載周以至于今今王學專利其可乎匹夫專利猶謂之盜王而行之其歸鮮矣榮公若用周必敗也,大夫 芮良夫 諫 厲王 曰 ： 「 王室 其 將 卑 乎 ？ 夫 榮公 好 專 利 而 不 知 大 難 。 夫 利 ， 百物 之 所 生 也 ， 天地 之 所 載 也 ， 而 有 專 之 ， 其 害 多 矣 。 天地 百物 皆 將 取 焉 ， 何 可 專 也 ？ 所 怒 甚 多 ， 不 備 大 難 。 以 是 教 王 ， 王 其 能 久 乎 ？ 夫 王 人 者 ， 將 導 利 而 布 之 上下 者 也 。 使 神 人 百物 無 不 得 極 ， 猶 日 怵 惕 懼 怨 之 來 也 。 故 《 頌 》 曰 『 思 文 后稷 ， 克 配 彼 天 ， 立 我 蒸 民 ， 莫 匪 爾 極 』 。 《 大雅 》 曰 『 陳 錫 載 周 』 。 是 不 布 利 而 懼 難 乎 ， 故 能 載 周 以 至 于 今 。 今 王 學 專 利 ， 其 可 乎 ？ 匹夫 專 利 ， 猶 謂 之 盜 ， 王 而 行 之 ， 其 歸 鮮 矣 。 榮公 若 用 ， 周 必 敗 也 。 」,，。，，。，。，。，。，。，，、、，。，、。，，，。。，、、、、。，。，，，，。，，，，。：大夫芮良夫諫厲王曰王室其將卑乎夫榮公好專利而不知大難夫利百物之所生也天地之所載也而有專之其害多矣天地百物皆將取焉何可專也所怒甚多不備大難以是教王王其能久乎夫王人者將導利而布之上下者也使神人百物無不得極猶日怵惕懼怨之來也故頌曰思文后稷克配彼天立我蒸民莫匪爾極大雅曰陳錫載周是不布利而懼難乎故能載周以至于今今王學專利其可乎匹夫專利猶謂之盜王而行之其歸鮮矣榮公若用周必敗也,0.0,0.0,0.0,1.0,0.0
厲王不聽卒以榮公爲卿士用事,厲王 不 聽 ， 卒 以 榮公 爲 卿士 ， 用 事 。,，：厲王不聽卒以榮公爲卿士用事。，。。，。，。：- ,0.0,0.5,0.0,1.0,0.0
王行暴虐侈傲國人謗王,王 行 暴虐 侈傲 ， 國人 謗 王 。,，：王行暴虐侈傲國人謗王。，。。，。，。：- ,0.0,0.6666666666666666,0.0,1.0,0.0
召公諫曰民不堪命矣,召公 諫 曰 ： 「 民 不 堪 命 矣 。 」,召公 諫 曰  民 不  堪 命 矣 ,1.0,0.0,1.0,1.0,0.0
王怒得衞巫使監謗者以告則殺之,王 怒 ， 得 衞 巫 ， 使 監 謗 者 ， 以 告 則 殺 之 。,王 怒  得衞巫  使 監  謗者  以  告  則  殺  之  。,0.7200000000000001,0.4,0.7200000000000001,1.0,0.28800000000000003
其謗鮮矣諸侯不朝,其 謗 鮮 矣 ， 諸侯 不 朝 。,其 謗 鮮 矣  諸侯 不 朝,1.0,0.0,1.0,1.0,0.0
三十四年王益嚴國人莫敢言道路以目,三十四年 ， 王 益 嚴 ， 國人 莫 敢 言 ， 道 路 以 目 。,三十四年 王 益 嚴 國人 莫 敢 言 道路 以 目,0.8695652173913043,0.0,0.8695652173913043,1.0,0.0
厲王喜告召公曰吾能弭謗矣乃不敢言,厲王 喜 ， 告 召公 曰 ： 「 吾 能 弭 謗 矣 ， 乃 不 敢 言 。 」,，。《》，：。。，。，：厲王喜告召公曰吾能弭謗矣乃不敢言。,0.0,0.4,0.0,1.0,0.0
召公曰是鄣之也防民之口甚於防水水壅而潰傷人必多民亦如之是故爲水者決之使導爲民者宣之使言故天子聽政使公卿至於列士獻詩瞽獻曲史獻書師箴瞍賦矇誦百工諫庶人傳語近臣盡規親戚補察瞽史教誨耆艾脩之而后王斟酌焉是以事行而不悖民之有口也猶土之有山川也財用於是乎出猶其有原隰衍沃也衣食於是乎生口之宣言也善敗於是乎興行善而備敗所以産財用衣食者也夫民慮之於心而宣之於口成而行之若壅其口其與能幾何,召公 曰 ： 「 是 鄣 之 也 。 防 民 之 口 ， 甚 於 防 水 。 水 壅 而 潰 ， 傷 人 必 多 ， 民 亦 如 之 。 是故 爲 水 者 決 之 使 導 ， 爲 民 者 宣 之 使 言 。 故 天子 聽 政 ， 使 公卿 至 於 列士 獻 詩 ， 瞽 獻 曲 ， 史 獻 書 ， 師 箴 ， 瞍 賦 ， 矇 誦 ， 百工 諫 ， 庶人 傳 語 ， 近 臣 盡 規 ， 親戚 補 察 ， 瞽 史 教 誨 ， 耆艾 脩 之 ， 而后 王 斟酌 焉 ， 是以 事 行 而 不 悖 。 民 之 有 口 也 ， 猶 土 之 有 山 川 也 ， 財 用 於 是 乎 出 ； 猶 其 有 原 隰 衍沃 也 ， 衣 食 於 是 乎 生 。 口 之 宣 言 也 ， 善 敗 於 是 乎 興 。 行 善 而 備 敗 ， 所 以 産 財 用 衣 食 者 也 。 夫 民 慮 之 於 心 而 宣 之 於 口 ， 成 而 行 之 。 若 壅 其 口 ， 其 與 能 幾何 ？ 」,，。，。：召公曰是鄣之也防民之口甚於防水水壅而潰傷人必多民亦如之是故爲水者決之使導爲民者宣之使言故天子聽政使公卿至於列士獻詩瞽獻曲史獻書師箴瞍賦矇誦百工諫庶人傳語近臣盡規親戚補察瞽史教誨耆艾脩之而后王斟酌焉是以事行而不悖民之有口也猶土之有山川也財用於是乎出猶其有原隰衍沃也衣食於是乎生口之宣言也善敗於是乎興行善而備敗所以産財用衣食者也夫民慮之於心而宣之於口成而行之若壅其口其與能幾何。，，。。，，。，，，（）。，、，。，,0.0,0.0,0.0,1.0,0.0
王不聽,王 不 聽 。,王 不 聽,1.0,0.0,1.0,1.0,0.0
於是國莫敢出言三年乃相與畔襲厲王,於是 國 莫 敢 出 言 ， 三年 ， 乃 相與 畔 ， 襲 厲王 。,，。，。：於是國莫敢出言三年乃相與畔襲厲王。，，《》。，。。,0.0,0.4,0.0,1.0,0.0
厲王出奔於彘,厲王 出 奔 於 彘 。,，：厲王出奔於彘。，。。，。，。？,0.0,1.0,0.0,1.0,0.0
厲王太子静匿召公之家國人聞之乃圍之,厲王 太子 静 匿 召公 之 家 ， 國人 聞 之 ， 乃 圍 之 。,"厲，。，王太子静匿召公之家國，人聞之乃圍之。，《》，，。，""""，",0.0,0.3333333333333333,0.0,1.0,0.0
召公曰昔吾驟諫王王不從以及此難也今殺王太子王其以我爲讎而懟怒乎夫事君者險而不讎懟怨而不怒況事王乎,召公 曰 ： 「 昔 吾 驟 諫 王 ， 王 不 從 ， 以 及 此 難 也 。 今 殺 王太子 ， 王 其 以 我 爲 讎 而 懟 怒 乎 ？ 夫 事 君 者 ， 險 而 不 讎 懟 ， 怨 而 不 怒 ， 況 事 王 乎 ！ 」,召公 曰 昔 吾 驟 諫 王  王 不 從 以 及 此 難 也  今 殺 王 太 子  王 其 以 我 爲 讎  而 懟 怒 乎  夫 事 君 者  險 而 不 讎  懟 怨 而 不 怒況   事 王 乎 ,0.9230769230769231,0.0,0.9230769230769231,1.0,0.0
乃以其子代王太子太子竟得脱,乃 以 其 子 代 王太子 ， 太子 竟 得 脱 。,"：，""乃以其子代王太子太子竟得脱""。，。，：（），。，",0.0,0.6666666666666666,0.0,1.0,0.0
召公周公二相行政號曰共和,召公 、 周公 二 相 行 政 ， 號 曰 「 共和 」 。,"，。，。：""召公周公""，，。""二相行政號曰共和""，""""，""""。",0.0,0.3333333333333333,0.0,1.0,0.0
共和十四年厲王死于彘,共和 十四年 ， 厲王 死 于 彘 。,，：共和十四年厲王死于彘。，。。，。，。？,0.0,0.6666666666666666,0.0,1.0,0.0
太子静長於召公家二相乃共立之爲王是爲宣王,太子 静 長 於 召公 家 ， 二 相 乃 共 立 之 爲 王 ， 是 爲 宣王 。,太 子 静 長 於 召 公 家 二 相 乃 共 立 之 爲 王 是 爲 宣 王 。,0.7567567567567567,0.5,0.7567567567567567,1.0,0.37837837837837834
宣王卽位二相輔之脩政法文武成康之遺風諸侯復宗周,宣王 卽位 ， 二 相 輔 之 ， 脩 政 ， 法 文 、 武 、 成 、 康 之 遺 風 ， 諸侯 復 宗 周 。,，。，。：宣王卽位二相輔之脩政法文武成康之遺風諸侯復宗周。，，《》。，。。,0.0,0.2222222222222222,0.0,1.0,0.0
十二年魯武公來朝,十二年 ， 魯武公 來 朝 。,十二年魯武公來朝，。，。，，。，、，,0.0,0.6666666666666666,0.0,1.0,0.0
宣王不脩籍於千畝虢文公諫曰不可王弗聽,宣王 不 脩 籍 於 千畝 ， 虢文公 諫 曰 不 可 ， 王 弗 聽 。,宣王，。，。，，。，、，。不脩籍於千畝虢文公諫曰，不可王弗聽。：,0.0,0.3333333333333333,0.0,1.0,0.0
三十九年戰于千畝王師敗績于姜氏之戎,三十九年 ， 戰 于 千畝 ， 王師 敗績 于 姜氏之戎 。,，。，。：三十九年，。戰于千畝，，，。王師，敗績于姜氏之戎,0.0,0.0,0.0,1.0,0.0
宣王既亡南國之師乃料民於太原,宣王 既 亡 南國 之 師 ， 乃 料 民 於 太原 。,宣王  既  亡  南國  之  師  乃  料  民  於  太原  。,1.0,0.6666666666666666,1.0,1.0,0.6666666666666666
仲山甫諫曰民不可料也,仲山甫 諫 曰 ： 「 民 不 可 料 也 。 」,仲 山甫 諫 曰  民 不 可 料 也,0.823529411764706,0.0,0.823529411764706,1.0,0.0
宣王不聽卒料民,宣王 不 聽 ， 卒 料 民 。,宣王 不 聽 卒 料 民,1.0,0.0,1.0,1.0,0.0
四十六年宣王崩子幽王宫湦立,四十六年 ， 宣王 崩 ， 子 幽王 宫湦 立 。,，：四十六年宣王崩子幽王宫湦立。，。。，。，。：- ,0.0,0.5,0.0,1.0,0.0
幽王二年西周三川皆震,幽王 二年 ， 西周 三 川 皆 震 。,，：幽王二年西周三川皆震。，。。，。，。？,0.0,0.6666666666666666,0.0,1.0,0.0
伯陽甫曰周將亡矣夫天地之氣不失其序若過其序民亂之也陽伏而不能出陰迫而不能蒸於是有地震今三川實震是陽失其所而填陰也陽失而在陰原必塞原塞國必亡夫水土演而民用也土無所演民乏財用不亡何待昔伊洛竭而夏亡河竭而商亡今周德若二代之季矣其川原又塞塞必竭夫國必依山川山崩川竭亡國之徵也川竭必山崩若國亡不過十年數之紀也天之所弃不過其紀,伯陽甫 曰 ： 「 周 將 亡 矣 。 夫 天地 之 氣 ， 不 失 其 序 ； 若 過 其 序 ， 民 亂 之 也 。 陽 伏 而 不 能 出 ， 陰 迫 而 不 能 蒸 ， 於是 有 地 震 。 今 三 川 實 震 ， 是 陽 失 其 所 而 填 陰 也 。 陽 失 而 在 陰 ， 原 必 塞 ； 原 塞 ， 國 必 亡 。 夫 水 土 演 而 民 用 也 。 土 無 所 演 ， 民 乏 財用 ， 不 亡 何 待 ！ 昔 伊 、 洛 竭 而 夏 亡 ， 河 竭 而 商 亡 。 今 周 德 若 二 代 之 季 矣 ， 其 川原 又 塞 ， 塞 必 竭 。 夫 國 必 依 山 川 ， 山 崩 川 竭 ， 亡 國 之 徵 也 。 川 竭 必 山 崩 。 若 國 亡 不 過 十 年 ， 數 之 紀 也 。 天 之 所 弃 ， 不 過 其 紀 。 」,伯陽甫 曰 周 將亡  矣 夫 天地之  氣不  失其  序 若 過其  序 民 亂之也陽    伏而  不能 出陰  迫而  不能 蒸 於 是 有 地震 今 三川  實 震 是陽  失其  所而  填陰也陽    失而  在陰  原必塞   原塞  國必亡   夫 水 土 演而  民 用也  土 無 所 演 民 乏 財 用不亡   何 待 昔 伊 洛竭而   夏亡  河竭而   商亡  今 周 德 若 二 代之  季 矣其川   原 又塞塞必竭     夫 國必  依 山川  山 崩川竭亡    國之  徵也川竭必山崩若國亡不過十年數之紀也天之所弃不過其紀  ,0.3231441048034934,0.0,0.3231441048034934,1.0,0.0
是歲也三川竭岐山崩,是 歲 也 ， 三 川 竭 ， 岐山 崩 。,是歲  也  三川 竭  岐山 崩 ,0.5714285714285715,0.0,0.5714285714285715,1.0,0.0
三年幽王嬖愛襃姒,三年 ， 幽王 嬖 愛 襃姒 。,三年幽王嬖愛襃姒，。，。，，。，、，,0.0,0.6666666666666666,0.0,1.0,0.0
襃姒生子伯服幽王欲廢太子,襃姒 生 子 伯服 ， 幽王 欲 廢 太子 。,，：襃姒生子伯服幽王欲廢太子。，。。，。，。：- ,0.0,0.6666666666666666,0.0,1.0,0.0
太子母申侯女而爲后,太子 母 申侯 女 ， 而 爲 后 。,太 子 母 申 侯 女 而 爲 后,0.6250000000000001,0.0,0.6250000000000001,1.0,0.0
後幽王得襃姒愛之欲廢申后并去太子宜臼以襃姒爲后以伯服爲太子,後 幽王 得 襃姒 ， 愛 之 ， 欲 廢 申后 ， 并 去 太子 宜臼 ， 以 襃姒 爲 后 ， 以 伯服 爲 太子 。,"後，。幽王得襃姒愛之欲廢，申后并去太子宜臼以襃，姒爲后以，伯服爲太子。，。，，：。：- """"：""""（），",0.0,0.1818181818181818,0.0,1.0,0.0
周太史伯陽讀史記曰周亡矣,周 太史 伯陽 讀 史記 曰 ： 「 周 亡 矣 。 」,周 太史 伯陽 讀 史記 曰 周 亡 矣,1.0,0.0,1.0,1.0,0.0
昔自夏后氏之衰也有二神龍止於夏帝庭而言曰余襃之二君,昔 自 夏后氏 之 衰 也 ， 有 二 神 龍 止 於 夏帝 庭 而 言 曰 ： 「 余 ， 襃 之 二 君 。 」,，：昔自夏后氏之衰也有二神龍止於夏帝庭而言曰余襃之二君。，。。，，。，。，,0.0,0.4,0.0,1.0,0.0
夏帝卜殺之與去之與止之莫吉,夏帝 卜 殺 之 與 去 之 與 止 之 ， 莫 吉 。,夏 帝 卜 殺 之 與 去 之 與 止 之 莫 吉,0.8799999999999999,0.0,0.8799999999999999,1.0,0.0
卜請其漦而藏之乃吉,卜 請 其 漦 而 藏 之 ， 乃 吉 。,卜 請 其漦  而 藏 之 乃 吉,0.823529411764706,0.0,0.823529411764706,1.0,0.0
於是布幣而策告之龍亡而漦在櫝而去之,於是 布 幣 而 策 告 之 ， 龍 亡 而 漦 在 ， 櫝 而 去 之 。,於 是 布幣  而 策 告 之 龍 亡 而漦  在 櫝 而 去 之,0.7096774193548386,0.0,0.7096774193548386,1.0,0.0
夏亡傳此器殷,夏 亡 ， 傳 此 器 殷 。,夏 亡 傳  此  器  殷  。,1.0,0.6666666666666666,1.0,1.0,0.6666666666666666
殷亡又傳此器周,殷 亡 ， 又 傳 此 器 周 。,殷亡 又 傳 此 器 周,0.7692307692307692,0.0,0.7692307692307692,1.0,0.0
比三代莫敢發之至厲王之末發而觀之,比 三 代 ， 莫 敢 發 之 ， 至 厲王 之 末 ， 發 而 觀 之 。,比 三 代 莫 敢 發 之 至 厲 王 之 末 發 而 觀 之,0.9032258064516129,0.0,0.9032258064516129,1.0,0.0
漦流于庭不可除,漦 流 于 庭 ， 不 可 除 。,漦 流 于 庭 不 可 除,1.0,0.0,1.0,1.0,0.0
厲王使婦人裸而譟之,厲王 使 婦人 裸 而 譟 之 。,"，。""厲王"" ，，。 ""使""，， ""婦人""（）。 ""裸而譟之""，，。",0.5454545454545454,0.4,0.0,1.0,0.21818181818181817
漦化爲玄黿以入王後宫,漦 化 爲 玄黿 ， 以 入 王 後宫 。,，。，。：- 漦：，。- 化爲：，。- 玄黿以入王後宫：,0.18181818181818182,0.0,0.0,1.0,0.0
後宫之童妾既齔而遭之既笄而孕無夫而生子懼而弃之,後宫 之 童妾 既 齔 而 遭 之 ， 既 笄 而 孕 ， 無 夫 而 生 子 ， 懼 而 弃 之 。,後 宫  之 童妾    既齔   而 遭  之  既 笄  而 孕  無 夫  而 生  子  懼  而 弃  之 ,0.8571428571428571,0.0,0.8571428571428571,1.0,0.0
宣王之時童女謡曰檿弧箕服實亡周國,宣王 之 時 童 女 謡 曰 ： 「 檿 弧 箕 服 ， 實 亡 周國 。 」,，。，。：宣王之時，童女謡曰，檿弧箕服，實亡周國。，,0.0,0.5714285714285715,0.0,1.0,0.0
於是宣王聞之有夫婦賣是器者宣王使執而戮之,於是 宣王 聞 之 ， 有 夫婦 賣 是 器 者 ， 宣王 使 執 而 戮 之 。,於 是 宣 王 聞 之  有 夫婦賣  是 器 者  宣 王 使執  而 戮 之 ,0.5454545454545455,0.0,0.5454545454545455,1.0,0.0
逃於道而見鄉者後宫童妾所弃妖子出於路者聞其夜啼哀而收之夫婦遂亡犇於襃,逃 於 道 ， 而 見 鄉 者 後宫 童妾 所 弃 妖 子 出 於 路 者 ， 聞 其 夜 啼 ， 哀 而 收 之 ， 夫婦 遂 亡 ， 犇 於 襃 。,逃 於 道 而 見 鄉 者 後宫  童妾  所 弃 妖 子 出 於 路 者 聞 其 夜 啼哀  而 收 之 夫婦 遂 亡犇  於 襃,0.9,0.0,0.9,1.0,0.0
襃人有罪請入童妾所弃女子者於王以贖罪,襃人 有 罪 ， 請 入 童妾 所 弃 女子 者 於 王 以 贖 罪 。,，。，。：- 襃人：，（），。- 有罪：，，。- 請入童妾所弃女子者於王以贖罪：,0.1111111111111111,0.0,0.0,1.0,0.0
弃女子出於襃是爲襃姒,弃 女子 出 於 襃 ， 是 爲 襃姒 。,弃，：女子出於襃是爲襃姒。，。，。，，。，,0.0,0.5,0.0,1.0,0.0
當幽王三年王之後宫見而愛之生子伯服竟廢申后及太子以襃姒爲后伯服爲太子,當 幽王 三年 ， 王 之 後宫 見 而 愛 之 ， 生 子 伯服 ， 竟 廢 申后 及 太子 ， 以 襃姒 爲 后 ， 伯服 爲 太子 。,當，。。、（）、（）。：幽王三年，王之後宫見而愛之，生子伯服竟廢，申后及太子以襃，姒爲后，伯服爲太子。，。，：-  ，,0.0,0.6153846153846153,0.0,1.0,0.0
太史伯陽曰禍成矣無可柰何,太史 伯陽 曰 ： 「 禍 成 矣 ， 無 可 柰 何 ！ 」,太史伯陽曰禍成矣無可柰何，。，。，，。，（）、，-:、。，。,0.0,0.0,0.0,1.0,0.0
襃姒不好笑幽王欲其笑萬方故不笑,襃姒 不 好 笑 ， 幽王 欲 其 笑 萬 方 ， 故 不 笑 。,襃，。，。：姒不好笑幽王欲其笑萬方故不笑。（），，（）。，,0.0,0.4,0.0,1.0,0.0
幽王爲烽燧大鼓有寇至則舉烽火,幽王 爲 烽燧 大鼓 ， 有 寇 至 則 舉 烽火 。,"，。幽王爲。""""（）、""烽燧""（）、""大鼓""（）、""有寇至則舉""（）、""""（）、""烽火""（）。，",0.0,0.28571428571428575,0.0,1.0,0.0
諸侯悉至至而無寇襃姒乃大笑,諸侯 悉 至 ， 至 而 無 寇 ， 襃姒 乃 大 笑 。,"，。，，。，《》，。，：- ""諸侯悉至至而無寇襃姒乃大笑""，，，",0.0,0.0,0.0,1.0,0.0
幽王説之爲數舉烽火,幽王 説 之 ， 爲 數 舉 烽火 。,"：，""幽王説之爲數舉烽火""。，。，""""（），。""""，",0.0,0.6666666666666666,0.0,1.0,0.0
其後不信諸侯益亦不至,其 後 不 信 ， 諸侯 益 亦 不 至 。,其 後 不 信 諸侯 益 亦 不 至,1.0,0.0,1.0,1.0,0.0
幽王以虢石父爲卿用事國人皆怨,幽王 以 虢石父 爲 卿 ， 用 事 ， 國人 皆 怨 。,幽 王  以  虢  石父  爲  卿  用  事  國人  皆  怨  。,0.7272727272727272,0.5,0.7272727272727272,1.0,0.3636363636363636
石父爲人佞巧善諛好利王用之,石父 爲 人 佞 巧 善 諛 好 利 ， 王 用 之 。,"，。，。：""石父""，（），""爲人""""""，。""佞巧""""善諛好利王用之""，",0.0,0.0,0.0,1.0,0.0
又廢申后去太子也,又 廢 申后 ， 去 太子 也 。,又 廢 申后  去 太子  也 ,1.0,0.0,1.0,1.0,0.0
申侯怒與繒西夷犬戎攻幽王,申侯 怒 ， 與 繒 、 西夷 犬戎 攻 幽王 。,，：申侯怒與繒西夷犬戎攻幽王。，。。，。，。，,0.0,0.5,0.0,1.0,0.0
幽王舉烽火徵兵兵莫至,幽王 舉 烽火 徵 兵 ， 兵 莫 至 。,"：，""幽王舉烽火徵兵兵莫至""。，。。- """"：，。",0.0,0.6666666666666666,0.0,1.0,0.0
遂殺幽王驪山下虜襃姒盡取周賂而去,遂 殺 幽王 驪山 下 ， 虜 襃姒 ， 盡 取 周 賂 而 去 。,，。，。：- 遂：，，。- 殺：，，。- 幽王驪山下虜襃姒盡取周賂而去：，,0.25,0.0,0.0,1.0,0.0
於是諸侯乃卽申侯而共立故幽王太子宜臼是爲平王以奉周祀,於是 諸侯 乃 卽 申侯 而 共 立 故 幽王 太子 宜臼 ， 是 爲 平王 ， 以 奉 周 祀 。,，。，。：於是諸侯乃卽申侯而共立故幽王太子宜臼是爲平王以奉周祀。、、、、、，。，,0.0,0.5,0.0,1.0,0.0
平王立東遷于雒邑辟戎寇,平王 立 ， 東 遷 于 雒邑 ， 辟 戎 寇 。,"，。，。：- ""平王""，（），。- ""立東遷""，，于雒邑辟戎寇",0.1818181818181818,0.0,0.0,1.0,0.0
平王之時周室衰微諸侯彊并弱齊楚秦晉始大政由方伯,平王 之 時 ， 周室 衰微 ， 諸侯 彊 并 弱 ， 齊 、 楚 、 秦 、 晉 始 大 ， 政 由 方伯 。,，。，。：平王之時周室衰微諸侯彊并弱齊楚秦晉始大政由方伯。（），，，、、、，,0.0,0.2222222222222222,0.0,1.0,0.0
四十九年魯隱公卽位,四十九年 ， 魯隱公 卽位 。,"：，""四十九年魯隱公卽位""。，、。，。- """"，（",0.0,0.6666666666666666,0.0,1.0,0.0
五十一年平王崩太子洩父蚤死立其子林是爲桓王,五十一年 ， 平王 崩 ， 太子 洩父 蚤 死 ， 立 其 子 林 ， 是 爲 桓王 。,五十一 年 平 王 崩 太 子洩  父 蚤 死 立 其 子 林 是  爲 桓 王 。,0.5625000000000001,0.33333333333333337,0.5625000000000001,1.0,0.18750000000000006
桓王平王孫也,桓王 ， 平王 孫 也 。,桓王平王孫也，。，。，，。，、，,0.0,0.6666666666666666,0.0,1.0,0.0
桓王三年鄭莊公朝桓王不禮,桓王 三年 ， 鄭莊公 朝 ， 桓王 不 禮 。,，：桓王三年鄭莊公朝桓王不禮。，。。，。，。。,0.0,0.5,0.0,1.0,0.0
五年鄭怨與魯易許田,五年 ， 鄭 怨 ， 與 魯 易 許 田 。,五 年 鄭 怨 與魯  易許  田,0.39999999999999997,0.0,0.39999999999999997,1.0,0.0
許田天子之用事太山田也,許 田 ， 天子 之 用 事 太山 田 也 。,"：，""許田天子之用事太山田也""。，。。""""（），。""""",0.0,0.6666666666666666,0.0,1.0,0.0
八年魯殺隱公立桓公,八年 ， 魯 殺 隱公 ， 立 桓公 。,八年魯殺隱公立桓公，。，。，，。，、，。,0.0,0.5,0.0,1.0,0.0
十三年伐鄭鄭射傷桓王桓王去歸,十三年 ， 伐 鄭 ， 鄭 射 傷 桓王 ， 桓王 去 歸 。,，：十三年伐鄭鄭射傷桓王桓王去歸。，。。，。，。。，,0.0,0.4,0.0,1.0,0.0
二十三年桓王崩子莊王佗立,二十三年 ， 桓王 崩 ， 子 莊王 佗 立 。,，。，。：二十三年，桓王崩（），子莊王佗立。。，,0.0,1.0,0.0,1.0,0.0
莊王四年周公黑肩欲殺莊王而立王子克,莊王 四年 ， 周公黑肩 欲 殺 莊王 而 立 王子 克 。,，。，。：- 莊王四年周公黑肩欲殺：，莊王而立，，。，，，王子克  ,0.0,0.0,0.0,1.0,0.0
辛伯告王王殺周公,辛伯 告 王 ， 王 殺 周公 。,辛伯 告 王 王 殺 周公,1.0,0.0,1.0,1.0,0.0
王子克犇燕,王子 克 犇 燕 。,王子克犇燕，，。。，，。，，（）、，-,0.0,1.0,0.0,1.0,0.0
十五年莊王崩子釐王胡齊立,十五年 ， 莊王 崩 ， 子 釐王 胡齊 立 。,，：十五年莊王崩子釐王胡齊立。，。，。：- ：，。，,0.0,0.5,0.0,1.0,0.0
釐王三年齊桓公始霸,釐王 三年 ， 齊桓公 始 霸 。,釐王三年齊桓公始霸，。，。，，。，、，,0.0,0.6666666666666666,0.0,1.0,0.0
釐王崩子惠王閬立,釐王 崩 ， 子 惠王 閬 立 。,釐王崩子惠王閬立，。，。，，。，（）、，-，。,0.0,0.6666666666666666,0.0,1.0,0.0
惠王二年,惠王 二年 。,惠 王 二 年,0.0,0.0,0.0,1.0,0.0
初莊王嬖姬姚生子穨穨有寵,初 ， 莊王 嬖 姬 姚 ， 生 子 穨 ， 穨 有 寵 。,初莊王嬖姬姚生子穨穨有寵，。，。，，。，、，。,0.0,0.4,0.0,1.0,0.0
及惠王卽位奪其大臣園以爲囿故大夫邊伯等五人作亂謀召燕衞師伐惠王,及 惠王 卽位 ， 奪 其 大臣 園 以 爲 囿 ， 故 大夫 邊伯 等 五 人 作 亂 ， 謀 召 燕 、 衞 師 ， 伐 惠王 。,及 惠 王 卽 位 奪 其 大 臣 園 以 爲 囿 故 大 夫 邊 伯 等 五 人 作 亂 謀 召 燕衞  師 伐 惠 王,0.6181818181818183,0.0,0.6181818181818183,1.0,0.0
惠王犇温已居鄭之櫟,惠王 犇 温 ， 已 居 鄭 之 櫟 。,"，。，。：""惠王""，，。""犇温已居鄭之櫟""，，""""，",0.0,0.0,0.0,1.0,0.0
立釐王弟穨爲王,立 釐王 弟 穨 爲 王 。,立 釐王 弟 穨   爲 王 。,1.0,1.0,1.0,1.0,1.0
樂及徧舞鄭虢君怒,樂 及 徧 舞 ， 鄭 、 虢 君 怒 。,樂 及 徧 舞 鄭  虢 君 怒,1.0,0.0,1.0,1.0,0.0
四年鄭與虢君伐殺王穨復入惠王,四年 ， 鄭 與 虢 君 伐 殺 王穨 ， 復 入 惠王 。,"，。，。：- ""四年""，（），。- ""鄭與""""虢君伐殺王穨復入惠王""，",0.15384615384615385,0.0,0.0,1.0,0.0
惠王十年賜齊桓公爲伯,惠王 十年 ， 賜 齊桓公 爲 伯 。,"：，""惠王十年賜齊桓公爲伯""。，""""。。""""，",0.0,0.6666666666666666,0.0,1.0,0.0
二十五年惠王崩子襄王鄭立,二十五年 ， 惠王 崩 ， 子 襄王 鄭 立 。,二十五年惠王崩子襄王鄭立，。，。，，。，（）、，-，。，,0.0,0.5,0.0,1.0,0.0
襄王母蚤死後母曰惠后,襄王 母 蚤 死 ， 後母 曰 惠后 。,"，。，。：- ""襄王""，（），。- ""母蚤死後""，母曰惠后，。",0.22222222222222224,0.4,0.0,1.0,0.0888888888888889
惠后生叔帶有寵於惠王襄王畏之,惠后 生 叔帶 ， 有 寵 於 惠王 ， 襄王 畏 之 。,惠后  生  叔帶  有寵    於  惠王  襄王  畏  之  。,0.8421052631578948,0.5,0.8421052631578948,1.0,0.4210526315789474
三年叔帶與戎翟謀伐襄王襄王欲誅叔帶叔帶犇齊,三年 ， 叔帶 與 戎 、 翟 謀 伐 襄王 ， 襄王 欲 誅 叔帶 ， 叔帶 犇 齊 。,，。，。，，。，、，。，。：三年叔帶與戎翟謀伐襄王襄王欲誅叔帶叔帶犇齊,0.0,0.0,0.0,1.0,0.0
齊桓公使管仲平戎于周使隰朋平戎于晉,齊桓公 使 管仲 平 戎 于 周 ， 使 隰朋 平 戎 于 晉 。,"，。。：- ""齊桓公""，（），。- ""使管仲平戎于周使隰朋平戎于晉""，""""，。- ",0.13333333333333336,0.5,0.0,1.0,0.06666666666666668
王以上卿禮管仲,王 以 上卿 禮 管仲 。,王以 上 卿 禮  管仲  。,0.4000000000000001,1.0,0.4000000000000001,1.0,0.4000000000000001
管仲辭曰臣賤有司也有天子之二守國高在若節春秋來承王命何以禮焉陪臣敢辭,管仲 辭 曰 ： 「 臣 賤 有司 也 ， 有 天子 之 二 守 國 、 高 在 。 若 節 春 秋 來 承 王 命 ， 何 以 禮 焉 。 陪臣 敢 辭 。 」,管仲辭  曰 臣 賤 有 司 也 ， 有 天子 之 二 守 國 高 在 若 節 春秋 來 承 王 命 ， 何 以禮  焉 ， 陪 臣 敢 辭 。,0.7457627118644068,0.5454545454545454,0.7457627118644068,1.0,0.4067796610169491
王曰舅氏余嘉乃勳毋逆朕命,王 曰 ： 「 舅氏 ， 余 嘉 乃 勳 ， 毋 逆 朕 命 。 」,"，。，。：- ""王曰""，，，。：""""""""。- ""舅氏余嘉乃勳毋逆朕命""",0.0,0.0,0.0,1.0,0.0
管仲卒受下卿之禮而還,管仲 卒 受 下卿 之 禮 而 還 。,，。，。：管仲，，卒，受，下卿之禮而還，，,0.0,0.0,0.0,1.0,0.0
九年齊桓公卒,九年 ， 齊桓公 卒 。,九年齊桓公卒，。，。，，。，（）、，-:、。，,0.0,0.6666666666666666,0.0,1.0,0.0
十二年叔帶復歸于周,十二年 ， 叔帶 復 歸 于 周 。,十二年叔帶復歸于周。,0.0,0.6666666666666666,0.0,1.0,0.0
十三年鄭伐滑王使游孫伯服請滑鄭人囚之,十三年 ， 鄭 伐 滑 ， 王 使 游孫 、 伯服 請 滑 ， 鄭人 囚 之 。,"：，""十三年鄭伐滑王使游孫伯服請滑鄭人囚之""。，。，。""""，（），",0.0,0.33333333333333337,0.0,1.0,0.0
鄭文公怨惠王之入不與厲公爵又怨襄王之與衞滑故囚伯服,鄭文公 怨 惠王 之 入 不 與 厲公 爵 ， 又 怨 襄王 之 與 衞 滑 ， 故 囚 伯服 。,，。，。：鄭文公怨惠王之入不與厲公爵又怨襄王之與衞滑故囚伯服。、、、、、、、、、,0.0,0.5,0.0,1.0,0.0
王怒將以翟伐鄭,王 怒 ， 將 以 翟 伐 鄭 。,王 怒 將  以  翟伐    鄭  。,0.7692307692307692,0.6666666666666666,0.7692307692307692,1.0,0.5128205128205128
富辰諫曰凡我周之東徙晉鄭焉依子穨之亂又鄭之由定今以小怨弃之,富辰 諫 曰 ： 「 凡 我 周 之 東 徙 ， 晉 、 鄭 焉 依 。 子穨 之 亂 ， 又 鄭 之 由 定 ， 今 以 小 怨 弃 之 ！ 」,富辰 諫 曰  凡 我 周 之 東徙 晉 鄭 焉 依 子穨 之亂   又 鄭 之 由 定  今 以 小 怨 弃 之 ,0.8846153846153846,0.0,0.8846153846153846,1.0,0.0
王不聽,王 不 聽 。,王 不 聽,1.0,0.0,1.0,1.0,0.0
十五年王降翟師以伐鄭,十五年 ， 王 降 翟師 以 伐 鄭 。,十 五 年 王 降 翟 師 以 伐 鄭,0.588235294117647,0.0,0.588235294117647,1.0,0.0
王德翟人將以其女爲后,王 德 翟人 ， 將 以 其 女 爲 后 。,"：，""王德翟人將以其女爲后""。，。。""""（），。",0.0,0.6666666666666666,0.0,1.0,0.0
富辰諫曰平桓莊惠皆受鄭勞王弃親親翟不可從,富辰 諫 曰 ： 「 平 、 桓 、 莊 、 惠 皆 受 鄭 勞 ， 王 弃 親 親 翟 ， 不 可 從 。 」,富辰 諫 曰 平 桓 莊 惠 皆 受 鄭勞  王 弃 親 親 翟 不 可 從,0.918918918918919,0.0,0.918918918918919,1.0,0.0
十六年王絀翟后翟人來誅殺譚伯,十六年 ， 王 絀 翟后 ， 翟人 來 誅 ， 殺 譚伯 。,十六年 王絀 翟后 翟人 來 誅 殺 譚伯,0.823529411764706,0.0,0.823529411764706,1.0,0.0
富辰曰吾數諫不從如是不出王以我爲懟乎,富辰 曰 ： 「 吾 數 諫 不 從 。 如 是 不 出 ， 王 以 我 爲 懟 乎 ？ 」,富辰 曰 吾 數 諫 不 從 如 是 不 出 王 以 我 爲 懟  乎,1.0,0.0,1.0,1.0,0.0
乃以其屬死之,乃 以 其 屬 死 之 。,乃以  其  屬  死  之 ,0.7272727272727272,0.0,0.7272727272727272,1.0,0.0
初惠后欲立王子帶故以黨開翟人翟人遂入周,初 ， 惠后 欲 立 王子 帶 ， 故 以 黨 開 翟人 ， 翟人 遂 入 周 。,初 惠后 欲 立 王 子 帶 故  以黨  開 翟 人  翟 人 遂 入 周 ,0.625,0.0,0.625,1.0,0.0
襄王出犇鄭鄭居王于氾,襄王 出 犇 鄭 ， 鄭 居 王 于 氾 。,"，。，。：- ""襄王""，（），。- ""出犇鄭鄭居王于氾""，""""""""，",0.1818181818181818,0.0,0.0,1.0,0.0
子帶立爲王取襄王所絀翟后與居温,子 帶 立 爲 王 ， 取 襄王 所 絀 翟后 與 居 温 。,"，。，。：- ""子帶立爲王取襄""，""""王所絀翟后與居温。""""（），""""，""""，""""",0.0,0.5,0.0,1.0,0.0
十七年襄王告急于晉晉文公納王而誅叔帶,十七年 ， 襄王 告急 于 晉 ， 晉文公 納 王 而 誅 叔帶 。,十七年襄王告急，。于晉晉，。，，。，（）、，-，。文公納王而誅叔帶，。,0.0,0.3333333333333333,0.0,1.0,0.0
襄王乃賜晉文公珪鬯弓矢爲伯以河内地與晉,襄王 乃 賜 晉文公 珪 鬯 弓 矢 ， 爲 伯 ， 以 河内 地 與 晉 。,襄王乃賜晉，。，。，，。，（）、，-，。文公珪鬯弓矢爲伯以河内地與晉，。：,0.0,0.4,0.0,1.0,0.0
二十年晉文公召襄王襄王會之河陽踐土諸侯畢朝書諱曰天王狩于河陽,二十年 ， 晉文公 召 襄王 ， 襄王 會 之 河陽 、 踐土 ， 諸侯 畢 朝 ， 書 諱 曰 「 天王 狩 于 河陽 」 。,二十 年 晉 文 公 召 襄 王 襄 王 會 之 河陽  踐 土 諸侯畢  朝 書諱  曰 天 王狩  于 河陽 ,0.380952380952381,0.0,0.380952380952381,1.0,0.0
二十四年晉文公卒,二十四年 ， 晉文公 卒 。,二十四年晉文公卒，。，。，，。，（）、，-:、。，,0.0,0.6666666666666666,0.0,1.0,0.0
三十一年秦穆公卒,三十一年 ， 秦穆公 卒 。,三十，一年秦穆公卒。，。，，。，、，,0.0,0.5,0.0,1.0,0.0
三十二年襄王崩子頃王壬臣立,三十二年 ， 襄王 崩 ， 子 頃王 壬臣 立 。,，。，。：三十二年，襄王，崩，子，頃王，壬臣，立。，,0.0,0.6,0.0,1.0,0.0
頃王六年崩子匡王班立,頃王 六年 ， 崩 ， 子 匡王 班 立 。,"：，""頃王六年崩子匡王班立""。，。：- """"：（），。- """"：，",0.0,0.5,0.0,1.0,0.0
匡王六年崩弟瑜立是爲定王,匡王 六年 ， 崩 ， 弟 瑜 立 ， 是 爲 定王 。,，：匡王六年崩弟瑜立是爲定王。，。。，。，。：- ,0.0,0.4,0.0,1.0,0.0
定王元年楚莊王伐陸渾之戎次洛使人問九鼎,定王 元年 ， 楚莊王 伐 陸渾 之戎 ， 次 洛 ， 使 人 問 九 鼎 。,，：定王元年楚莊王伐陸渾之戎次洛使人問九鼎。，。。，，，，：、,0.0,0.4,0.0,1.0,0.0
王使王孫滿應設以辭楚兵乃去,王 使 王孫 滿 應 設 以 辭 ， 楚 兵 乃 去 。,王 使 王孫滿 應 設 以 辭 楚 兵 乃 去,0.8695652173913043,0.0,0.8695652173913043,1.0,0.0
十年楚莊王圍鄭鄭伯降已而復之,十年 ， 楚莊王 圍 鄭 ， 鄭伯 降 ， 已而 復 之 。,"：，""十年楚莊王圍鄭鄭伯降已而復之""。，、。。""""，。""",0.0,0.4,0.0,1.0,0.0
十六年楚莊王卒,十六年 ， 楚莊王 卒 。,十六年楚莊王卒，。，。，，。，（）、，-:、。，,0.0,0.6666666666666666,0.0,1.0,0.0
二十一年定王崩子簡王夷立,二十一年 ， 定王 崩 ， 子 簡王 夷 立 。,"：，""二十一年定王崩子簡王夷立""。，。。""""（），。，",0.0,0.5,0.0,1.0,0.0
簡王十三年晉殺其君厲公迎子周於周立爲悼公,簡王 十三年 ， 晉 殺 其 君 厲公 ， 迎 子周 於 周 ， 立 爲 悼公 。,簡 王 十三 年 晉 殺 其 君 厲公 迎 子 周 於 周 立 爲 悼公 。,0.7096774193548386,0.4,0.7096774193548386,1.0,0.2838709677419355
十四年簡王崩子靈王泄心立,十四年 ， 簡王 崩 ， 子 靈王 泄心 立 。,，：十四年簡王崩子靈王泄心立。，。，。：- ：，，。- ：,0.0,0.5,0.0,1.0,0.0
靈王二十四年齊崔杼弒其君莊公,靈王 二十四年 ， 齊 崔杼 弒 其 君 莊公 。,，：靈王二十四年齊崔杼弒其君莊公。，。。，，，。，,0.0,0.6666666666666666,0.0,1.0,0.0
二十七年靈王崩子景王貴立,二十七年 ， 靈王 崩 ， 子 景王 貴 立 。,，：二十七年靈王崩子景王貴立。，。。，。，。：- ,0.0,0.5,0.0,1.0,0.0
景王十八年后太子聖而蚤卒,景王 十八年 ， 后 太子 聖 而 蚤 卒 。,，：景王十八年后太子聖而蚤卒。，。。，，，。，,0.0,0.6666666666666666,0.0,1.0,0.0
二十年景王愛子朝欲立之會崩子丐之黨與争立國人立長子猛爲王子朝攻殺猛,二十年 ， 景王 愛 子朝 ， 欲 立 之 ， 會 崩 ， 子丐 之 黨 與 争 立 ， 國人 立 長子 猛 爲 王 ， 子朝 攻 殺 猛 。,，：二十年景王愛子朝欲立之會崩子丐之黨與争立國人立長子猛爲王子朝攻殺猛。，。。，，，。，，，,0.0,0.25,0.0,1.0,0.0
猛爲悼王,猛 爲 悼王 。,，：猛爲悼王。，。，，。，,0.0,1.0,0.0,1.0,0.0
晉人攻子朝而立丐是爲敬王,晉 人 攻 子朝 而 立 丐 ， 是 爲 敬王 。,晉，。：人攻子朝而立丐是爲敬王。，，，，，，,0.0,0.5,0.0,1.0,0.0
敬王元年晉人入敬王子朝自立敬王不得入居澤,敬王 元年 ， 晉 人 入 敬王 ， 子朝 自 立 ， 敬王 不 得 入 ， 居 澤 。,        敬王元年晉人入      敬王子朝自立敬王  不得  入  居澤    。,0.1,0.33333333333333337,0.1,1.0,0.03333333333333334
四年晉率諸侯入敬王于周子朝爲臣諸侯城周,四年 ， 晉 率 諸侯 入 敬王 于 周 ， 子朝 爲 臣 ， 諸侯 城 周 。,四年晉率諸侯入敬王，。于周子朝爲臣諸侯城周，。，，。，（）、，-，。，。,0.0,0.3333333333333333,0.0,1.0,0.0
十六年子朝之徒復作亂敬王犇于晉,十六年 ， 子朝 之 徒 復 作 亂 ， 敬王 犇 于 晉 。,，。，。：- 十六年：，，。- 子朝之徒復作亂敬：，（王犇于晉），,0.15384615384615385,0.0,0.0,1.0,0.0
十七年晉定公遂入敬王于周,十七年 ， 晉定公 遂 入 敬王 于 周 。,"：，""十七年晉定公遂入敬王于周""。，""""""""。。，：，""",0.0,0.6666666666666666,0.0,1.0,0.0
三十九年齊田常殺其君簡公,三十九年 ， 齊 田常 殺 其 君 簡公 。,，：三十九年齊田常殺其君簡公。，。。，，。，,0.0,0.6666666666666666,0.0,1.0,0.0
四十一年楚滅陳,四十一年 ， 楚 滅 陳 。,四十，一年楚滅陳。，。，，。，、，,0.0,0.5,0.0,1.0,0.0
孔子卒,孔子 卒 。,孔 子 卒 。,0.4,1.0,0.4,1.0,0.4
四十二年敬王崩子元王仁立,四十二年 ， 敬王 崩 ， 子 元王 仁 立 。,，：四十二年敬王崩子元王仁立。，。。，。，。：- ,0.0,0.5,0.0,1.0,0.0
元王八年崩子定王介立,元王 八年 ， 崩 ， 子 定王 介 立 。,"：，""元王八年崩子定王介立""。，。。""""（），",0.0,0.5,0.0,1.0,0.0
定王十六年三晉滅智伯分有其地,定王 十六年 ， 三晉 滅 智伯 ， 分 有 其 地 。,定王 十六年 三晉滅  智伯 分 有 其 地,0.823529411764706,0.0,0.823529411764706,1.0,0.0
二十八年定王崩長子去疾立是爲哀王,二十八年 ， 定王 崩 ， 長子 去疾 立 ， 是 爲 哀王 。,，。，。：二十八年，定王，崩，長子，去疾，立，是爲，哀王。,0.0,0.6666666666666666,0.0,1.0,0.0
哀王立三月弟叔襲殺哀王而自立是爲思王,哀王 立 三 月 ， 弟 叔襲 殺 哀王 而 自 立 ， 是 爲 思王 。,哀 王 立 三月 弟 叔襲  殺 哀 王 而 自 立 是  爲 思 王 。,0.6000000000000001,0.5,0.6000000000000001,1.0,0.30000000000000004
思王立五月少弟嵬攻殺思王而自立是爲考王,思王 立 五 月 ， 少 弟 嵬 攻 殺 思王 而 自 立 ， 是 爲 考王 。,思 王 立 五 月 少 弟嵬  攻 殺 思 王 而 自 立 是  爲 考 王 。,0.6470588235294118,0.5,0.6470588235294118,1.0,0.3235294117647059
此三王皆定王之子,此 三 王 皆 定王 之 子 。,此 三 王 皆 定 王 之 子 。,0.7999999999999999,1.0,0.7999999999999999,1.0,0.7999999999999999
考王十五年崩子威烈王午立,考王 十五年 ， 崩 ， 子 威烈王 午 立 。,，：考王十五年崩子威烈王午立。，。，。：- ：，，。-,0.0,0.5,0.0,1.0,0.0
考王封其弟于河南是爲桓公以續周公之官職,考王 封 其 弟 于 河南 ， 是 爲 桓公 ， 以 續 周公 之 官職 。,，。，。：考王封其弟于河南是爲桓公以續周公之官職。（），，。,0.0,0.5,0.0,1.0,0.0
桓公卒子威公代立,桓公 卒 ， 子 威公 代 立 。,桓公卒子威公，。代立，。，，。（）、（），,0.0,0.5,0.0,1.0,0.0
威公卒子惠公代立乃封其少子於鞏以奉王號東周惠公,威公 卒 ， 子 惠公 代 立 ， 乃 封 其 少 子 於 鞏 以 奉 王 ， 號 東周惠公 。,"，。，。：- ""威公卒""：，。，，。- ""子惠公代立乃封其少""：""子於鞏以奉王號東周惠公""",0.0,0.0,0.0,1.0,0.0
威烈王二十三年九鼎震,威烈王 二十三年 ， 九 鼎 震 。,，：威烈王二十三年九鼎震。，。。，。？,0.0,0.6666666666666666,0.0,1.0,0.0
命韓魏趙爲諸侯,命 韓 、 魏 、 趙 爲 諸侯 。,命 韓魏趙 爲 諸侯,0.6,0.0,0.6,1.0,0.0
二十四年崩子安王驕立,二十四年 ， 崩 ， 子 安王 驕 立 。,"：，""二十四年崩子安王驕立""。，、。：- ："""" ，。- ："""" ",0.0,0.5,0.0,1.0,0.0
是歲盜殺楚聲王,是 歲 盜 殺 楚聲王 。,"：，""是歲盜殺楚聲王""。，。，：，。：- ：（""",0.0,1.0,0.0,1.0,0.0
安王立二十六年崩子烈王喜立,安王 立 二十六 年 ， 崩 ， 子 烈王 喜 立 。,安王立二十六年崩子烈王喜立，。，。，，。，、，。，,0.0,0.5,0.0,1.0,0.0
烈王二年周太史儋見秦獻公曰始周與秦國合而别别五百載復合合十七歲而霸王者出焉,烈王 二年 ， 周 太史儋 見 秦獻公 曰 ： 「 始 周 與 秦國 合 而 别 ， 别 五百 載 復 合 ， 合 十七 歲 而 霸 王 者 出 焉 。 」,，。，。，，。，、，。，。：烈王二年周太史儋見秦獻公曰始周與秦國合而别别五百載復合合十七歲而霸王者出焉,0.0,0.0,0.0,1.0,0.0
十年烈王崩弟扁立是爲顯王,十年 ， 烈王 崩 ， 弟 扁 立 ， 是 爲 顯王 。,，：十年烈王崩弟扁立是爲顯王。，。。，。，。：- ,0.0,0.4,0.0,1.0,0.0
顯王五年賀秦獻公獻公稱伯,顯王 五年 ， 賀 秦獻公 ， 獻公 稱 伯 。,，：顯王五年賀秦獻公獻公稱伯。，。。，，，，,0.0,0.5,0.0,1.0,0.0
九年致文武胙於秦孝公,九年 ， 致 文 武 胙 於 秦孝公 。,九 年 致 文 武 胙 於 秦 孝 公,0.588235294117647,0.0,0.588235294117647,1.0,0.0
二十五年秦會諸侯於周,二十五年 ， 秦 會 諸侯 於 周 。,"：，""二十五年秦會諸侯於周""。，。。""""：（），。，",0.0,0.6666666666666666,0.0,1.0,0.0
二十六年周致伯於秦孝公,二十六年 ， 周 致 伯 於 秦孝公 。,"：，""二十六年周致伯於秦孝公""。，""""。，。：- """" ",0.0,0.6666666666666666,0.0,1.0,0.0
三十三年賀秦惠王,三十三年 ， 賀 秦惠王 。,，：三十三年賀秦惠王。。：- ：，。，，,0.0,0.6666666666666666,0.0,1.0,0.0
致文武胙於秦惠王,致 文 武 胙 於 秦惠王 。,致文武胙於秦惠王，。，。，，。、，、。，,0.0,1.0,0.0,1.0,0.0
四十四年秦惠王稱王,四十四年 ， 秦惠王 稱 王 。,，：四十四年秦惠王稱王。，。。，。，。？,0.0,0.6666666666666666,0.0,1.0,0.0
其後諸侯皆爲王,其 後 諸侯 皆 爲 王 。,其 後 諸侯 皆 爲 王,1.0,0.0,1.0,1.0,0.0
四十八年顯王崩子慎靚王定立,四十八年 ， 顯王 崩 ， 子 慎靚王 定 立 。,四十八年顯王崩子慎靚王，。，。，，。定立，（）、，-，。，,0.0,0.4,0.0,1.0,0.0
慎靚王立六年崩子赧王延立,慎靚王 立 六 年 ， 崩 ， 子 赧王 延 立 。,，：慎靚王立六年崩子赧王延立。，。，，。。，。,0.0,0.5,0.0,1.0,0.0
王赧時東西周分治,王赧 時 東 西 周 分 治 。,王赧時東西周，分治。，。，，。，、，,0.0,0.6666666666666666,0.0,1.0,0.0
王赧徙都西周,王赧 徙 都 西周 。,王赧   徙 都  西周  。,1.0,1.0,1.0,1.0,1.0
西周武公之共太子死有五庶子毋適立,西周武公 之 共太子 死 ， 有 五 庶子 ， 毋 適 立 。,，。，。：- 西周武公：，（），。- 之共太子死有五庶子毋適立：，，,0.16666666666666669,0.0,0.0,1.0,0.0
司馬翦謂楚王曰不如以地資公子咎爲請太子,司馬翦 謂 楚王 曰 ： 「 不 如 以 地 資 公子咎 ， 爲 請 太子 。 」,，。，。：司馬翦謂楚王曰不如以地資公子咎爲請太子。（）（），。，,0.0,0.5,0.0,1.0,0.0
左成曰不可周不聽是公之知困而交疏於周也不如請周君孰欲立以微告翦翦請令楚賀資之以地,左成 曰 ： 「 不 可 。 周 不 聽 ， 是 公 之 知 困 而 交 疏 於 周 也 。 不如 請 周君 孰 欲 立 ， 以 微 告 翦 ， 翦 請 令 楚 （ 賀 ） 資 之 以 地 。 」,左 成 曰 不 可 周  不 聽 是 公 之 知 困 而 交 疏 於 周 也  不 如 請 周 君 孰 欲 立  以 微 告 翦  翦 請 令 楚 賀 資 之 以 地 ,0.8831168831168831,0.0,0.8831168831168831,1.0,0.0
果立公子咎爲太子,果 立 公子咎 爲 太子 。,果立公子咎爲太子，。，。，，。，、，,0.0,1.0,0.0,1.0,0.0
八年秦攻宜陽楚救之,八年 ， 秦 攻 宜陽 ， 楚 救 之 。,八 年 秦 攻 宜陽 楚 救 之,0.7999999999999999,0.0,0.7999999999999999,1.0,0.0
而楚以周爲秦故將伐之,而 楚 以 周 爲 秦 故 ， 將 伐 之 。,"：，""而楚以周爲秦故將伐之""。，。。""""，。，",0.0,0.6666666666666666,0.0,1.0,0.0
蘇代爲周説楚王曰何以周爲秦之禍也言周之爲秦甚於楚者欲令周入秦也故謂周秦也周知其不可解必入於秦此爲秦取周之精者也爲王計者周於秦因善之不於秦亦言善之以疏之於秦周絶於秦必入於郢矣,蘇代 爲 周 説 楚王 曰 ： 「 何 以 周 爲 秦 之 禍 也 ？ 言 周 之 爲 秦 甚 於 楚 者 ， 欲 令 周 入 秦 也 ， 故 謂 『 周秦 』 也 。 周 知 其 不 可 解 ， 必 入 於 秦 ， 此 爲 秦 取 周 之 精 者 也 。 爲 王 計 者 ， 周 於 秦 因 善 之 ， 不 於 秦 亦 言 善 之 ， 以 疏 之 於 秦 。 周 絶 於 秦 ， 必 入 於 郢 矣 。 」,蘇 代爲周      説  楚  王  曰  何  以周爲秦        之  禍  也  ，  言周    之爲秦甚              ，              ，            ，                  於楚者欲令周入秦也故謂周秦也周知其不可解必入於秦    ，  此爲秦      取周    之  精者也爲王計者周於秦因善之不於秦亦言善之以疏之於秦周絶於秦必入於郢矣  ,0.1386138613861386,0.10526315789473684,0.1386138613861386,1.0,0.014590932777488273
秦借道兩周之閒將以伐韓周恐借之畏於韓不借畏於秦,秦 借 道 兩 周 之 閒 ， 將 以 伐 韓 ， 周 恐 借 之 畏 於 韓 ， 不 借 畏 於 秦 。,，。，。：秦借道兩周之閒將以伐韓周恐借之畏於韓不借畏於秦。（），，。,0.0,0.4,0.0,1.0,0.0
史厭謂周君曰何不令人謂韓公叔曰秦之敢絶周而伐韓者信東周也公何不與周地發質使之楚秦必疑楚不信周是韓不伐也又謂秦曰韓彊與周地將以疑周於秦也周不敢不受秦必無辭而令周不受是受地於韓而聽於秦,史厭 謂 周君 曰 ： 「 何 不 令 人 謂 韓公叔 曰 『 秦 之 敢 絶 周 而 伐 韓 者 ， 信 東周 也 。 公 何 不 與 周 地 ， 發 質 使 之 楚 』 ？ 秦 必 疑 楚 不 信 周 ， 是 韓 不 伐 也 。 又 謂 秦 曰 『 韓 彊 與 周 地 ， 將 以 疑 周 於 秦 也 ， 周 不 敢 不 受 』 。 秦 必 無 辭 而 令 周 不 受 ， 是 受 地 於 韓 而 聽 於 秦 。 」,史 厭 謂 周 君 曰  何 不 令 人                                                   謂    韓公叔曰           秦之     敢絶          周而伐韓者信東周也公何 不與周地發質使之楚秦必疑楚不信周是韓不伐也又謂秦曰韓彊與周地將以疑周於秦也周不敢不 受秦必無辭而令周不受是受地於韓而聽於秦,0.13725490196078433,0.0,0.13725490196078433,1.0,0.0
秦召西周君西周君惡往故令人謂韓王曰秦召西周君將以使攻王之南陽也王何不出兵於南陽周君將以爲辭於秦周君不入秦秦必不敢踰河而攻南陽矣,秦 召 西周君 ， 西周君 惡 往 ， 故 令 人 謂 韓王 曰 ： 「 秦 召 西周君 ， 將 以 使 攻 王 之 南陽 也 ， 王 何 不 出 兵 於 南陽 ？ 周君 將 以 爲 辭 於 秦 。 周君 不 入 秦 ， 秦 必 不 敢 踰 河 而 攻 南陽 矣 。 」,秦召西周君 西周君惡往 故令人謂韓王曰 秦召西周君 將以使攻王之南陽也 王何不出兵於南陽 周君將以爲辭 於秦 周君不入秦 秦必不敢踰河而攻南陽 矣,0.03225806451612903,0.0,0.03225806451612903,1.0,0.0
東周與西周戰韓救西周,東周 與 西周 戰 ， 韓 救 西周 。,"：，""東周與西周戰韓救西周""。，。，（、、），。",0.0,0.6666666666666666,0.0,1.0,0.0
或爲東周説韓王曰西周故天子之國多名器重寶王案兵毋出可以德東周而西周之寶必可以盡矣,或 爲 東周 説 韓王 曰 ： 「 西周 故 天子 之 國 ， 多 名 器 重 寶 。 王 案 兵 毋 出 ， 可 以 德 東周 ， 而 西周 之 寶 必 可 以 盡 矣 。 」,或爲東周説韓王曰西周故天子之國多名器重寶王案兵毋出可以德東周而西周之寶必可以盡矣。,0.0,0.2857142857142857,0.0,1.0,0.0
王赧謂成君,王赧 謂 成君 。,王赧謂成君，。，。，，。，、,0.0,1.0,0.0,1.0,0.0
楚圍雍氏韓徵甲與粟於東周東周君恐召蘇代而告之,楚 圍 雍氏 ， 韓 徵 甲 與 粟 於 東周 ， 東周君 恐 ， 召 蘇代 而 告 之 。,楚圍  雍氏  韓 徵 甲 與 粟 於 東周  東周君 恐  召蘇 代 而 告 之 ,0.787878787878788,0.0,0.787878787878788,1.0,0.0
代曰君何患於是臣能使韓毋徵甲與粟於周又能爲君得高都,代 曰 ： 「 君 何 患 於 是 。 臣 能 使 韓 毋 徵 甲 與 粟 於 周 ， 又 能 爲 君 得 高都 。 」,，。，。：代曰君何患於是臣能使韓毋徵甲與粟於周又能爲君得高都。，。。，，,0.0,0.4,0.0,1.0,0.0
周君曰子苟能請以國聽子,周君 曰 ： 「 子 苟 能 ， 請 以 國 聽 子 。 」,，：周君曰子苟能請以國聽子。，。。，。，。，，,0.0,0.5,0.0,1.0,0.0
代見韓相國曰楚圍雍氏期三月也今五月不能拔是楚病也今相國乃徵甲與粟於周是告楚病也,代 見 韓 相國 曰 ： 「 楚 圍 雍氏 ， 期 三 月 也 ， 今 五 月 不 能 拔 ， 是 楚 病 也 。 今 相國 乃 徵 甲 與 粟 於 周 ， 是 告 楚 病 也 。 」,代 見 韓 相 國 曰 楚圍  雍 氏 期 三 月 也 今 五 月 不 能 拔 是 楚 病 也 今 相 國 乃 徵 甲 與 粟 於 周 是 告 楚 病 也,0.8378378378378377,0.0,0.8378378378378377,1.0,0.0
韓相國曰善使者已行矣,韓 相國 曰 ： 「 善 。 使者 已 行 矣 。 」,"：，""韓相國曰善使者已行矣""。，。。""""（），。""""",0.0,0.5,0.0,1.0,0.0
代曰何不與周高都,代 曰 ： 「 何 不 與 周 高都 ？ 」,，。代曰何不與周高都，。，，。，、，,0.0,0.0,0.0,1.0,0.0
韓相國大怒曰吾毋徵甲與粟於周亦已多矣何故與周高都也,韓 相國 大 怒 曰 ： 「 吾 毋 徵 甲 與 粟 於 周 亦 已 多 矣 ， 何 故 與 周 高都 也 ？ 」,，。，。：韓相國大怒曰吾毋徵甲與粟於周亦已多矣何故與周高都也。，，。。,0.0,0.0,0.0,1.0,0.0
代曰與周高都是周折而入於韓也秦聞之必大怒忿周卽不通周使是以獘高都得完周也曷爲不與,代 曰 ： 「 與 周 高都 ， 是 周 折 而 入 於 韓 也 ， 秦 聞 之 必 大 怒 忿 周 ， 卽 不 通 周 使 ， 是以 獘 高都 得 完 周 也 。 曷 爲 不 與 ？ 」,代 曰 與 周 高 都 是 周 折 而 入 於 韓 也 秦 聞 之 必 大 怒 忿 周卽 ，  不 通 周 使 ， 是 以獘  高 都 得 完 周 也 ， 曷 爲 不 與,0.8266666666666665,0.2,0.8266666666666665,1.0,0.16533333333333333
相國曰善,相國 曰 ： 「 善 。 」,，：相國曰善。，。。，。，。，,0.0,0.6666666666666666,0.0,1.0,0.0
果與周高都,果 與 周 高都 。,果與周高都，。，。，，。，、,0.0,1.0,0.0,1.0,0.0
三十四年蘇厲謂周君曰秦破韓魏扑師武北取趙藺離石者皆白起也是善用兵又有天命今又將兵出塞梁梁破則周危矣君何不令人説白起乎曰楚有養由基者善射者也去柳葉百步而射之百發而百中之左右觀者數千人皆曰善射養由基怒釋弓搤劍曰客安能教我射乎,三十四年 ， 蘇厲 謂 周君 曰 ： 「 秦 破 韓 、 魏 ， 扑 師武 ， 北 取 趙 藺 、 離石 者 ， 皆 白起 也 。 是 善 用 兵 ， 又 有 天命 。 今 又 將 兵 出 塞 梁 ， 梁 破 則 周 危 矣 。 君 何 不 令 人 説 白起 乎 ？ 曰 『 楚 有 養由基 者 ， 善 射 者 也 。 去 柳葉 百 步 而 射 之 ， 百 發 而 百 中 之 。 左右 觀 者 數千 人 ， 皆 曰 善 射 。 養由基 怒 ， 釋 弓 搤 劍 ， 曰 「 客 安 能 教 我 射 乎 」 ？,，。，，。，。，（）、，-:、。，。，，。：三十四年蘇厲謂周君曰秦破韓魏扑師武北取趙藺離石者皆白起也是善用兵又有天命今又將兵出塞梁梁破則周危矣君何不令人説白起乎曰楚有養由基者善射者也去柳葉百步而射之百發而百中之左右觀者數千人皆曰善射養由基怒釋弓搤劍曰客安能教我射乎。,0.0,0.0,0.0,1.0,0.0
客曰非吾能教子支左詘右也有一夫立其旁曰善可教射矣,客 曰 「 非 吾 能 教 子 支 左 詘 右 也 。 有 一 夫 立 其 旁 ， 曰 「 善 ， 可 教 射 矣 」 。,客 曰 非 吾 能 教 子 支 左 詘 右 也 ， 有 一 夫 立 其 旁 曰 善 可 教 射 矣 。,1.0,0.25,1.0,1.0,0.25
夫去柳葉百步而射之百發而百中之不以善息少焉氣衰力倦弓撥矢鉤一發不中者百發盡息,夫 去 柳葉 百 步 而 射 之 ， 百 發 而 百 中 之 ， 不 以 善 息 ， 少焉 氣 衰 力 倦 ， 弓 撥 矢 鉤 ， 一 發 不 中 者 ， 百 發 盡 息 」 。,夫 去 柳 葉 百 步 而 射 之  百 發 而 百 中 之  不 以 善 息  少 焉 氣 衰 力倦   弓撥  矢 鉤  一 發 不 中 者  百 發盡  息 ,0.7887323943661971,0.0,0.7887323943661971,1.0,0.0
今破韓魏扑師武北取趙藺離石者公之功多矣,今 破 韓 、 魏 ， 扑 師武 ， 北 取 趙 藺 、 離石 者 ， 公 之 功 多 矣 。,今 破 韓  魏  扑 師  武 北  取 趙  藺  離  石 者  公  之 功  多 矣 ,0.8333333333333333,0.0,0.8333333333333333,1.0,0.0
今又將兵出塞過兩周倍韓攻梁一舉不得前功盡弃,今 又 將 兵 出 塞 ， 過 兩 周 ， 倍 韓 ， 攻 梁 ， 一 舉 不 得 ， 前 功 盡 弃 。,今 又 將 兵 出 塞 過 兩 周 倍 韓 攻 梁 一 舉 不 得 前 功盡  弃,0.9268292682926829,0.0,0.9268292682926829,1.0,0.0
公不如稱病而無出,公 不 如 稱 病 而 無 出 』 。,公 不 如稱  病 而 無 出,0.7999999999999999,0.0,0.7999999999999999,1.0,0.0
四十二年秦破華陽約,四十二年 ， 秦 破 華陽 約 。,"：，""四十二年秦破華陽約""。，、。，。- """"，（",0.0,0.6666666666666666,0.0,1.0,0.0
馬犯謂周君曰請令梁城周,馬犯 謂 周君 曰 ： 「 請 令 梁 城 周 。 」,，：馬犯謂周君曰請令梁城周。，。。，。，。，,0.0,0.6666666666666666,0.0,1.0,0.0
乃謂梁王曰周王病若死則犯必死矣犯請以九鼎自入於王王受九鼎而圖犯,乃 謂 梁王 曰 ： 「 周王 病 若 死 ， 則 犯 必 死 矣 。 犯 請 以 九 鼎 自 入 於 王 ， 王 受 九 鼎 而 圖 犯 。 」,乃 謂 梁 王 曰  周 王 病  若 死  則 犯 必 死 矣  犯 請 以 九 鼎 自 入 於 王  王 受 九 鼎 而 圖 犯 ,0.9,0.0,0.9,1.0,0.0
梁王曰善,梁王 曰 ： 「 善 。 」,，：梁王曰善。，。，，。：、、、，,0.0,0.6666666666666666,0.0,1.0,0.0
遂與之卒言戍周,遂 與 之 卒 ， 言 戍 周 。,遂 與 之 卒 言 戍 周 。,1.0,0.6666666666666666,1.0,1.0,0.6666666666666666
因謂秦王曰梁非戍周也將伐周也王試出兵境以觀之,因 謂 秦王 曰 ： 「 梁 非 戍 周 也 ， 將 伐 周 也 。 王 試 出 兵 境 以 觀 之 。 」,因 謂 秦 王 曰 梁 非 戍 周 也 將伐  周 也 王 試 出 兵 境 以 觀 之,0.8571428571428571,0.0,0.8571428571428571,1.0,0.0
秦果出兵,秦 果 出 兵 。,，。秦果出兵，。，，。、、、,0.0,1.0,0.0,1.0,0.0
又謂梁王曰周王病甚矣犯請後可而復之今王使卒之周諸侯皆生心後舉事且不信不若令卒爲周城以匿事端,又 謂 梁王 曰 ： 「 周王 病 甚 矣 ， 犯 請 後 可 而 復 之 。 今 王 使 卒 之 周 ， 諸侯 皆 生 心 ， 後 舉 事 且 不 信 。 不若 令 卒 爲 周 城 ， 以 匿 事端 。 」,又 謂 梁 王 曰  周 王 病 甚 矣  犯 請 後 可 而 復 之  今 王 使 卒 之 周  諸侯 皆 生 心  後舉  事 且 不 信  不 若 令 卒 爲 周 城  以 匿 事 端 ,0.8192771084337349,0.0,0.8192771084337349,1.0,0.0
梁王曰善,梁王 曰 ： 「 善 。 」,，：梁王曰善。，。，，。：、、、，,0.0,0.6666666666666666,0.0,1.0,0.0
遂使城周,遂 使 城 周 。,遂使城周。,0.0,1.0,0.0,1.0,0.0
四十五年周君之秦客謂周最周冣曰公不若譽秦王之孝因以應爲太后養地秦王必喜是公有秦交交善周君必以爲公功交惡勸周君入秦者必有罪矣,四十五年 ， 周君 之 秦 客 謂 周最 ( 周冣 ) 曰 ： 「 公 不 若 譽 秦王 之 孝 ， 因 以 應 爲 太后 養 地 ， 秦王 必 喜 ， 是 公 有 秦 交 。 交 善 ， 周君 必 以 爲 公 功 。 交 惡 ， 勸 周君 入 秦 者 必 有 罪 矣 。 」,，。，，。：。，，；，，。，，。：四十五年周君之秦客謂周最周冣曰公不若譽秦王之孝因以應爲太后養地秦王必喜是公有秦交交善周君必以爲公功交惡勸周君入秦者必有罪矣,0.0,0.0,0.0,1.0,0.0
秦攻周而周冣謂秦王曰爲王計者不攻周攻周實不足以利聲畏天下天下以聲畏秦必東合於齊兵獘於周合天下於齊則秦不王矣天下欲獘秦勸王攻周秦與天下獘則令不行矣,秦 攻 周 ， 而 周冣 謂 秦王 曰 ： 「 爲 王 計 者 不 攻 周 。 攻 周 ， 實 不 足 以 利 ， 聲 畏 天下 。 天下 以 聲 畏 秦 ， 必 東 合 於 齊 。 兵 獘 於 周 。 合 天下 於 齊 ， 則 秦 不 王 矣 。 天下 欲 獘 秦 ， 勸 王 攻 周 。 秦 與 天下 獘 ， 則 令 不 行 矣 。 」,秦 攻 周 而  周 冣 謂 秦 王 曰   爲 王 計 者  不 攻 周  攻 周 實 不足以   利聲   畏 天下  天下 以聲  畏 秦  必 東 合 於 齊  兵獘  於 周  合 天下 於 齊  則 秦 不 王 矣  天下 欲獘  秦  勸 王 攻 周  秦 與 天下獘則令不行矣 ,0.7500000000000001,0.0,0.7500000000000001,1.0,0.0
五十八年三晉距秦,五十八年 ， 三晉 距 秦 。,"：，""五十八年三晉距秦""。，。。：- """"（），",0.0,0.6666666666666666,0.0,1.0,0.0
周令其相國之秦以秦之輕也還其行,周 令 其 相國 之 秦 ， 以 秦 之 輕 也 ， 還 其 行 。,，。，。：周令其相國之秦，，（），，。以秦之輕也還其行,0.0,0.0,0.0,1.0,0.0
客謂相國曰秦之輕重未可知也秦欲知三國之情公不如急見秦王曰請爲王聽東方之變秦王必重公重公是秦重周周以取秦也齊重則固有周聚以收齊是周常不失重國之交也,客 謂 相國 曰 ： 「 秦 之 輕 重 未 可 知 也 。 秦 欲 知 三 國 之 情 。 公 不 如 急 見 秦王 曰 『 請 爲 王 聽 東方 之 變 』 ， 秦王 必 重 公 。 重 公 ， 是 秦 重 周 ， 周 以 取 秦 也 ； 齊 重 ， 則 固 有 周聚 以 收 齊 ： 是 周 常 不 失 重 國 之 交 也 。 」,客謂  相國 曰 秦 之 輕重 未 可 知 也  秦 欲 知 三國 之 情  公 不 如 急 見 秦王 曰  請 爲 王聽  東方 之 變  秦王 必 重 公  重 公 是 秦 重 周  周 以 取 秦 也  齊 重 則 固 有 周 聚 以 收 齊  是 周 常 不 失 重 國 之 交 也 ,0.8854961832061069,0.0,0.8854961832061069,1.0,0.0
秦信周發兵攻三晉,秦 信 周 ， 發 兵 攻 三晉 。,秦信周發兵攻三晉。,0.0,0.6666666666666666,0.0,1.0,0.0
五十九年秦取韓陽城負黍西周恐倍秦與諸侯約從將天下鋭師出伊闕攻秦令秦無得通陽城,五十九年 ， 秦 取 韓 陽城 負黍 ， 西周 恐 ， 倍 秦 ， 與 諸侯 約 從 ， 將 天下 鋭 師 出 伊闕 攻 秦 ， 令 秦 無 得 通 陽城 。,五十九年 秦 取 韓陽  城 負黍  西周 恐 倍 秦 與 諸侯 約 從 將 天下 鋭 師 出 伊闕 攻 秦 令 秦 無 得 通陽  城,0.8571428571428571,0.0,0.8571428571428571,1.0,0.0
秦昭王怒使將軍摎攻西周,秦昭王 怒 ， 使 將軍 摎 攻 西周 。,"，。，。：- ""秦昭王""，（），。- ""怒""，，。- ""使將軍摎攻西周""",0.4,0.0,0.0,1.0,0.0
西周君犇秦頓首受罪盡獻其邑三十六口三萬,西周君 犇 秦 ， 頓首 受 罪 ， 盡 獻 其 邑 三十六 ， 口 三萬 。,"：，""西周君犇秦頓首受罪盡獻其邑三十六口三萬""。，。。""""（  ），。""",0.0,0.4,0.0,1.0,0.0
秦受其獻歸其君於周,秦 受 其 獻 ， 歸 其 君 於 周 。,"：，""秦受其獻歸其君於周""。，。。""""（），。""""",0.0,0.6666666666666666,0.0,1.0,0.0
周君王赧卒周民遂東亡,周君 、 王赧 卒 ， 周民 遂 東 亡 。,周君王赧卒周民遂東亡，。，。，，。，、，。,0.0,0.5,0.0,1.0,0.0
秦取九鼎寶器而遷西周公於,秦 取 九 鼎 寶 器 ， 而 遷 西周公 於 。,"：，""秦取九鼎寶器而遷西周公於""。，（），。。- """"：，",0.0,0.6666666666666666,0.0,1.0,0.0
後七歲秦莊襄王滅東西周,後 七 歲 ， 秦莊襄王 滅 東 （ 西 ） 周 。,"：，""後七歲秦莊襄王滅東西周""。，。，：，。""""（",0.0,0.4,0.0,1.0,0.0
東西周皆入于秦周既不祀,東西周 皆 入 于 秦 ， 周 既 不 祀 。,"：，""東西周皆入于秦周既不祀""。，。，。""""，（），",0.0,0.6666666666666666,0.0,1.0,0.0
太史公曰學者皆稱周伐紂居洛邑綜其實不然,太史公 曰 ： 學者 皆 稱 周 伐 紂 ， 居 洛邑 ， 綜 其 實 不 然 。,太史公 曰 學者  皆  稱  周  伐  紂  居  洛邑  綜  其  實  不  然  。,1.0,0.4,1.0,1.0,0.4
武王營之成王使召公卜居居九鼎焉而周復都豐鎬,武王 營 之 ， 成王 使 召公 卜 居 ， 居 九 鼎 焉 ， 而 周 復 都 豐 、 鎬 。,，：武王營之成王使召公卜居居九鼎焉而周復都豐鎬。，。，，， 。，，。,0.0,0.33333333333333337,0.0,1.0,0.0
至犬戎敗幽王周乃東徙于洛邑,至 犬戎 敗 幽王 ， 周 乃 東 徙 于 洛邑 。,至 犬戎 敗 幽王 周 乃 東徙 于 洛邑,0.8421052631578948,0.0,0.8421052631578948,1.0,0.0
所謂周公葬我於畢畢在鎬東南杜中,所 謂 「 周公 葬 （ 我 ） 〔 於 〕 畢 」 ， 畢 在 鎬 東南 杜中 。,所謂  周 公  葬 我 於 畢  畢 在 鎬 東 南  杜 中 ,0.5384615384615384,0.0,0.5384615384615384,1.0,0.0
秦滅周,秦 滅 周 。,秦滅  周,0.4,0.0,0.4,1.0,0.0
漢興九十有餘載天子將封泰山東巡狩至河南求周苗裔封其後嘉三十里地號曰周子南君比列侯以奉其先祭祀,漢 興 九十 有 餘 載 ， 天子 將 封 泰山 ， 東 巡狩 至 河南 ， 求 周 苗裔 ， 封 其 後 嘉 三十 里 地 ， 號 曰 周子南君 ， 比 列侯 ， 以 奉 其 先 祭祀 。,漢興九十有餘載天子將封泰山東巡狩至河南求周苗裔封其後嘉三十里地號曰周子南君比列侯以奉其先祭祀,0.0,0.0,0.0,1.0,0.0
秦之先帝顓頊之苗裔孫曰女脩,秦 之 先 ， 帝顓頊 之 苗裔 孫 曰 女脩 。,秦之 先帝顓 頊 之 苗裔 孫 曰 女脩  ,0.5882352941176471,0.0,0.5882352941176471,1.0,0.0
女脩織玄鳥隕卵女脩吞之生子大業,女脩 織 ， 玄鳥 隕 卵 ， 女脩 吞 之 ， 生 子 大業 。,"，。，：女脩織（）玄鳥隕卵（），。，女脩吞之，生子""大業""。，",0.0,0.4444444444444445,0.0,1.0,0.0
大業取少典之子曰女華,大業 取 少典 之 子 ， 曰 女華 。,"：，""大業取少典之子曰女華""。，。。""""，（""""），。""""",0.0,0.6666666666666666,0.0,1.0,0.0
女華生大費與禹平水土,女華 生 大費 ， 與 禹 平 水土 。,"：，""女華生大費與禹平水土""。，。。""""（），。",0.0,0.6666666666666666,0.0,1.0,0.0
已成帝錫玄圭,已 成 ， 帝 錫 玄 圭 。,已成帝錫玄圭，。，。，，。，、，,0.0,0.6666666666666666,0.0,1.0,0.0
禹受曰非予能成亦大費爲輔,禹 受 曰 ： 「 非 予 能 成 ， 亦 大費 爲 輔 。 」,，：禹受曰非予能成亦大費爲輔。，。，。，，。：- ,0.0,0.5,0.0,1.0,0.0
帝舜曰咨爾費贊禹功其賜爾皁游爾後嗣將大出,帝舜 曰 ： 「 咨 爾 費 ， 贊 禹 功 ， 其 賜 爾 皁游 。 爾 後嗣 將 大 出 。 」,"，。，《》。：- ""帝舜曰""，，（）。，，。- ""咨爾費贊禹功其賜爾皁游爾後嗣將大出""",0.0,0.0,0.0,1.0,0.0
乃妻之姚姓之玉女,乃 妻 之 姚姓 之 玉女 。,乃 妻 之  姚姓  之  玉女  。,1.0,1.0,1.0,1.0,1.0
大費拜受佐舜調馴鳥獸鳥獸多馴服是爲柏翳,大費 拜 受 ， 佐 舜 調 馴 鳥 獸 ， 鳥 獸 多 馴服 ， 是 爲 柏翳 。,大 費 拜 受 佐 舜 調馴  鳥獸  鳥獸  多馴  服 是 爲 柏翳 ,0.4666666666666667,0.0,0.4666666666666667,1.0,0.0
舜賜姓嬴氏,舜 賜 姓 嬴氏 。,"。：舜賜姓嬴氏。""""（），""""，""""",0.0,1.0,0.0,1.0,0.0
大費生子二人一曰大廉實鳥俗氏二曰若木實費氏,大費 生 子 二 人 ： 一 曰 大廉 ， 實 鳥俗氏 ； 二 曰 若木 ， 實 費氏 。,大 費 生 子           二人一 曰大廉   實鳥俗  氏二曰若木實費氏,0.1739130434782609,0.0,0.1739130434782609,1.0,0.0
其玄孫曰費昌子孫或在中國或在夷狄,其 玄孫 曰 費昌 ， 子孫 或 在 中國 ， 或 在 夷狄 。,其 玄 孫 曰 費 昌 子孫  或 在 中 國 或 在 夷 狄,0.5384615384615385,0.0,0.5384615384615385,1.0,0.0
費昌當夏桀之時去夏歸商爲湯御以敗桀於鳴條,費昌 當 夏桀 之 時 ， 去 夏 歸 商 ， 爲 湯 御 ， 以 敗 桀 於 鳴條 。,，：費昌當夏桀之時去夏歸商爲湯御以敗桀於鳴條。，。。，，，。，,0.0,0.4,0.0,1.0,0.0
大廉玄孫曰孟戲中衍鳥身人言,大廉 玄孫 曰 孟戲 、 中衍 ， 鳥 身 人 言 。,，：大廉玄孫曰孟戲中衍鳥身人言。，。。，。，,0.0,0.5,0.0,1.0,0.0
帝太戊聞而卜之使御吉遂致使御而妻之,帝太戊 聞 而 卜 之 使 御 ， 吉 ， 遂 致 使 御 而 妻 之 。,"，。，（）。：- ""帝太戊聞而卜之使御吉遂致使御而妻之""：，。，，。- ",0.0,0.5,0.0,1.0,0.0
自太戊以下中衍之後遂世有功以佐殷國故嬴姓多顯遂爲諸侯,自 太戊 以 下 ， 中衍 之 後 ， 遂 世 有 功 ， 以 佐 殷國 ， 故 嬴姓 多 顯 ， 遂 爲 諸侯 。,"，。，""""""""。，""自""、""太戊以下中衍之後遂世有功以佐殷國故嬴姓多顯遂爲諸侯""。，（），，",0.0,0.25,0.0,1.0,0.0
其玄孫曰中潏在西戎保西垂,其 玄孫 曰 中潏 ， 在 西 戎 ， 保 西 垂 。,其 玄 孫 曰 中潏  在 西 戎 保 西 垂,0.8571428571428572,0.0,0.8571428571428572,1.0,0.0
生蜚廉,生 蜚廉 。,生蜚 廉,0.0,0.0,0.0,1.0,0.0
蜚廉生惡來,蜚廉 生 惡來 。,蜚廉生惡來，。，。，，。，、，,0.0,1.0,0.0,1.0,0.0
惡來有力蜚廉善走父子俱以材力事殷紂,惡來 有 力 ， 蜚廉 善 走 ， 父子 俱 以 材 力 事 殷紂 。,惡來  有  力蜚  廉  善  走  父子  俱  以  材力  事  殷  紂  。,0.6153846153846154,0.5,0.6153846153846154,1.0,0.3076923076923077
周武王之伐紂并殺惡來,周武王 之 伐 紂 ， 并 殺 惡來 。,"，。，。""周武王"" ，。""之伐紂""""""，，。""""""并殺惡來""",0.22222222222222224,0.0,0.0,1.0,0.0
是時蜚廉爲紂石北方還無所報爲壇霍太山而報得石棺銘曰帝令處父不與殷亂賜爾石棺以華氏,是 時 蜚廉 爲 紂 石 北方 ， 還 ， 無 所 報 ， 爲 壇 霍太山 而 報 ， 得 石棺 ， 銘 曰 「 帝 令 處父 不 與 殷 亂 ， 賜 爾 石棺 以 華氏 」 。,是 時 蜚廉 爲 紂 石 北方 還 無 所 報 爲 壇 霍 太 山 而 報 得 石 棺 銘 曰 帝 令 處 父 不 與 殷 亂 賜爾  石 棺 以 華 氏,0.7246376811594203,0.0,0.7246376811594203,1.0,0.0
死遂葬於霍太山,死 ， 遂 葬 於 霍太山 。,死遂葬於霍太山，。，。，，。，、，,0.0,0.6666666666666666,0.0,1.0,0.0
蜚廉復有子曰季勝,蜚廉 復 有 子 曰 季勝 。,蜚廉復，。，。，，。、，有子曰季勝。,0.0,0.6666666666666666,0.0,1.0,0.0
季勝生孟增,季勝 生 孟增 。,，：季勝生孟增。，。。，，。。,0.0,1.0,0.0,1.0,0.0
孟增幸於周成王是爲宅皋狼,孟增 幸 於 周成王 ， 是 爲 宅皋狼 。,"，。，。：- ""孟增""，（），。- ""幸於周成王是爲宅皋狼""，""""",0.22222222222222224,0.0,0.0,1.0,0.0
皋狼生衡父衡父生造父,皋狼 生 衡父 ， 衡父 生 造父 。,"：，""皋狼生衡父衡父生造父""。，（）。，，《》。：",0.0,0.6666666666666666,0.0,1.0,0.0
造父以善御幸於周繆王得驥温驪驊駵騄耳之駟西巡狩樂而忘歸,造父 以 善 御 幸 於 周繆王 ， 得 驥 、 温驪 、 驊駵 、 騄耳 之 駟 ， 西 巡 狩 ， 樂 而 忘 歸 。,造父  以  善  御  幸  於  周繆王  得  驥  温  驪  驊  駵騄    耳  之  駟  西  巡  狩  樂  而  忘歸    。,0.7441860465116279,0.25,0.7441860465116279,1.0,0.18604651162790697
徐偃王作亂造父爲繆王御長驅歸周一日千里以救亂,徐偃王 作 亂 ， 造父 爲 繆王 御 ， 長 驅 歸 周 ， 一 日 千 里 以 救 亂 。,，：徐偃王作亂造父爲繆王御長驅歸周一日千里以救亂。，。。，，，。，,0.0,0.4,0.0,1.0,0.0
繆王以趙城封造父造父族由此爲趙氏,繆王 以 趙城 封 造父 ， 造父 族 由 此 爲 趙氏 。,繆王  以  趙城  封  造父  造父  族  由  此  爲  趙氏  。,1.0,0.6666666666666666,1.0,1.0,0.6666666666666666
自蜚廉生季勝已下五世至造父别居趙,自 蜚廉 生 季勝 已 下 五 世 至 造父 ， 别 居 趙 。,自 蜚廉 生 季勝 已 下 五 世 至 造父 别 居 趙,1.0,0.0,1.0,1.0,0.0
趙衰其後也,趙衰 其 後 也 。,趙 衰 其 後 也,0.6666666666666665,0.0,0.6666666666666665,1.0,0.0
惡來革者蜚廉子也蚤死,惡來革 者 ， 蜚廉 子 也 ， 蚤 死 。,"：，""惡來革者蜚廉子也蚤死""。，。""""（），。""",0.0,0.5,0.0,1.0,0.0
有子曰女防,有 子 曰 女防 。,有子曰女防，。，。，，。，、,0.0,1.0,0.0,1.0,0.0
女防生旁皋旁皋生太几太几生大駱大駱生非子,女防 生 旁皋 ， 旁皋 生 太几 ， 太几 生 大駱 ， 大駱 生 非子 。,女 防 生  旁 皋  旁 皋 生 太 几  太 几 生 大 駱  大 駱 生 非 子,0.25,0.0,0.25,1.0,0.0
以造父之寵皆蒙趙城姓趙氏,以 造父 之 寵 ， 皆 蒙 趙城 ， 姓 趙氏 。,"。：""以造父之寵皆蒙趙城姓趙氏"" ，。：- """"，，",0.0,0.5,0.0,1.0,0.0
非子居犬丘好馬及畜善養息之,非子 居 犬丘 ， 好 馬 及 畜 ， 善 養 息 之 。,非子居犬丘好馬及畜善養息之,0.0,0.0,0.0,1.0,0.0
犬丘人言之周孝王孝王召使主馬于汧渭之閒馬大蕃息,犬丘 人 言 之 周孝王 ， 孝王 召 使 主 馬 于 汧 渭 之 閒 ， 馬 大 蕃息 。,，。，。，，。，、，。，。：犬丘人言之周孝王孝王召使主馬于汧渭之閒馬大蕃息,0.0,0.0,0.0,1.0,0.0
孝王欲以爲大駱適嗣,孝王 欲 以 爲 大駱 適嗣 。,"：，""孝王欲以爲大駱適嗣""。，。。""""（），",0.0,1.0,0.0,1.0,0.0
申侯之女爲大駱妻生子成爲適,申侯 之 女 爲 大駱 妻 ， 生 子 成 爲 適 。,申侯  之  女  爲  大駱  妻  生  子  成  爲  適  。,1.0,0.6666666666666666,1.0,1.0,0.6666666666666666
申侯乃言孝王曰昔我先酈山之女爲戎胥軒妻生中潏以親故歸周保西垂西垂以其故和睦今我復與大駱妻生適子成申駱重婚西戎皆服所以爲王王其圖之,申侯 乃 言 孝王 曰 ： 「 昔 我 先 酈山 之 女 ， 爲 戎胥軒 妻 ， 生 中潏 ， 以 親 故 歸 周 ， 保 西 垂 ， 西 垂 以 其 故 和睦 。 今 我 復 與 大駱 妻 ， 生 適子 成 。 申 駱 重 婚 ， 西戎 皆 服 ， 所 以 爲 王 。 王 其 圖 之 。 」,申侯 乃 言 孝王 曰 昔 我 先酈  山 之 女 爲 戎 胥軒  妻 生 中潏  以 親 故歸  周 保 西 垂 西 垂 以 其 故 和睦  今 我 復 與 大 駱 妻 生 適 子 成 申 駱 重 婚 西 戎 皆 服 所 以 爲 王 王 其 圖 之,0.8288288288288288,0.0,0.8288288288288288,1.0,0.0
於是孝王曰昔伯翳爲舜主畜畜多息故有土賜姓嬴今其後世亦爲朕息馬朕其分土爲附庸,於是 孝王 曰 ： 「 昔 伯翳 爲 舜 主 畜 ， 畜 多 息 ， 故 有 土 ， 賜 姓 嬴 。 今 其 後世 亦 爲 朕 息 馬 ， 朕 其 分 土 爲 附庸 。 」,於 是 孝 王 曰  昔 伯翳  爲 舜 主 畜  畜 多 息  故 有 土 賜 姓 嬴  今 其 後 世 亦 爲 朕 息 馬  朕 其 分 土 爲 附 庸,0.823529411764706,0.0,0.823529411764706,1.0,0.0
邑之秦使復續嬴氏祀號曰秦嬴,邑 之 秦 ， 使 復 續 嬴氏 祀 ， 號 曰 秦嬴 。,，：邑之秦使復續嬴氏祀號曰秦嬴。，。。，。，，，,0.0,0.5,0.0,1.0,0.0
亦不廢申侯之女子爲駱適者以和西戎,亦 不 廢 申侯 之 女 子 爲 駱 適 者 ， 以 和 西戎 。,亦 不 廢 申侯 之 女子 爲 駱適 者  以 和 西戎 ,0.7692307692307692,0.0,0.7692307692307692,1.0,0.0
秦嬴生秦侯,秦嬴 生 秦侯 。,秦嬴生秦侯，。，。，，。，、，,0.0,1.0,0.0,1.0,0.0
生公伯,生 公伯 。,生 公 伯,0.4,0.0,0.4,1.0,0.0
秦侯立十年卒,秦侯 立 十 年 ， 卒 。,秦侯立十年卒，。，。，，。，、，,0.0,0.6666666666666666,0.0,1.0,0.0
公伯立三年卒,公伯 立 三 年 ， 卒 。,公伯立三年卒，。，。，，。，、，,0.0,0.6666666666666666,0.0,1.0,0.0
生秦仲,生 秦仲 。,生 秦仲,1.0,0.0,1.0,1.0,0.0
秦仲立三年周厲王無道諸侯或叛之,秦仲 立 三 年 ， 周厲王 無 道 ， 諸侯 或 叛 之 。,秦仲 立 三 年 周厲王 無道 諸侯 或 叛 之,0.8571428571428572,0.0,0.8571428571428572,1.0,0.0
西戎反王室滅犬丘大駱之族,西戎 反 王室 ， 滅 犬丘 大駱 之 族 。,，。：西戎反王室滅犬丘大駱之族。，，，，。,0.0,0.6666666666666666,0.0,1.0,0.0
周宣王卽位乃以秦仲爲大夫誅西戎,周宣王 卽位 ， 乃 以 秦仲 爲 大夫 ， 誅 西戎 。,周 宣王 卽位  乃 以 秦仲 爲 大夫 誅 西戎 ,0.8421052631578948,0.0,0.8421052631578948,1.0,0.0
西戎殺秦仲,西戎 殺 秦仲 。,西戎殺秦仲，。，。，，。，、,0.0,1.0,0.0,1.0,0.0
秦仲立二十三年死於戎,秦仲 立 二十三 年 ， 死 於 戎 。,"：，""秦仲立二十三年死於戎""。，。。""""（），。",0.0,0.6666666666666666,0.0,1.0,0.0
有子五人其長者曰莊公,有 子 五 人 ， 其 長者 曰 莊公 。,，：有子五人其長者曰莊公。，。。，。，。？,0.0,0.6666666666666666,0.0,1.0,0.0
周宣王乃召莊公昆弟五人與兵七千人使伐西戎破之,周宣王 乃 召 莊公 昆弟 五 人 ， 與 兵 七千 人 ， 使 伐 西戎 ， 破 之 。,，。，。，，。，、，。，。：周宣王乃召莊公昆弟五人與兵七千人使伐西戎破之,0.0,0.0,0.0,1.0,0.0
於是復予秦仲後及其先大駱地犬丘并有之爲西垂大夫,於是 復 予 秦仲 後 ， 及 其 先 大駱 地 犬丘 并 有 之 ， 爲 西垂大夫 。,"，。""於是""，，，。""復""，予，，。""""，""""，。：""秦仲""""後及其先大駱地犬丘并有之爲西垂大夫""",0.0,0.0,0.0,1.0,0.0
莊公居其故西犬丘生子三人其長男世父,莊公 居 其 故 西犬丘 ， 生 子 三 人 ， 其 長男 世父 。,"，。，。：- ""莊公""，（），。- ""居""，，，。- ""其故西犬丘生子三人其長男世父""，",0.26666666666666666,0.0,0.0,1.0,0.0
世父曰戎殺我大父仲我非殺戎王則不敢入邑,世父 曰 ： 「 戎 殺 我 大父 仲 ， 我 非 殺 戎王 則 不 敢 入 邑 。 」,"，。，。：- ""世父""，（），。- ""曰""，""""，，。- ""戎殺我大父仲我非殺戎王則不敢入邑",0.21052631578947367,0.0,0.0,1.0,0.0
遂將擊戎讓其弟襄公,遂 將 擊 戎 ， 讓 其 弟 襄公 。,"：，""遂將擊戎讓其弟襄公""。，。。""""，（""""），",0.0,0.6666666666666666,0.0,1.0,0.0
襄公爲太子,襄公 爲 太子 。,，：襄公爲太子。，。，。。，，，,0.0,1.0,0.0,1.0,0.0
莊公立四十四年卒太子襄公代立,莊公 立 四十四 年 ， 卒 ， 太子 襄公 代 立 。,"，。，。：- ""莊公立四十四年卒太子襄""：公。。""""（代立），",0.0,0.0,0.0,1.0,0.0
襄公元年以女弟繆嬴爲豐王妻,襄公 元年 ， 以 女弟 繆嬴 爲 豐王 妻 。,"襄公元年以女弟繆嬴爲豐王妻：，"""": """", """": """"。，（），（）。，",0.0,0.6666666666666666,0.0,1.0,0.0
襄公二年戎圍犬丘世父世父擊之爲戎人所虜,襄公 二年 ， 戎 圍 犬丘 ， （ 世父 ） 世父 擊 之 ， 爲 戎人 所 虜 。,，。，。，，。，、，。，。：襄公二年戎圍犬丘世父世父擊之爲戎人所虜,0.0,0.0,0.0,1.0,0.0
歲餘復歸世父,歲 餘 ， 復 歸 世父 。,，：歲餘復歸世父。，。：- ：，。- ：，。- ：,0.0,0.6666666666666666,0.0,1.0,0.0
七年春周幽王用襃姒廢太子立襃姒子爲適數欺諸侯諸侯叛之,七年 春 ， 周幽王 用 襃姒 廢 太子 ， 立 襃姒 子 爲 適 ， 數 欺 諸侯 ， 諸侯 叛 之 。,，。，《》。：七年春周幽王用襃姒廢太子立襃姒子爲適數欺諸侯諸侯叛之。。，，。。,0.0,0.33333333333333337,0.0,1.0,0.0
西戎犬戎與申侯伐周殺幽王酈山下,西戎 犬戎 與 申侯 伐 周 ， 殺 幽王 酈山 下 。,，。：西戎犬戎與申侯伐周殺幽王酈山下。，。，，。。，,0.0,0.6666666666666666,0.0,1.0,0.0
而秦襄公將兵救周戰甚力有功,而 秦襄公 將 兵 救 周 ， 戰 甚 力 ， 有 功 。,而 秦 襄 公 將 兵 救 周 戰甚  力 有 功,0.6956521739130435,0.0,0.6956521739130435,1.0,0.0
周避犬戎難東徙雒邑襄公以兵送周平王,周 避 犬戎 難 ， 東 徙 雒邑 ， 襄公 以 兵 送 周平王 。,"，。，。：- ""周避犬戎難東徙雒邑襄公""：（""""）。""""，，以兵送周平王。""""，",0.0,0.4,0.0,1.0,0.0
平王封襄公爲諸侯賜之岐以西之地,平王 封 襄公 爲 諸侯 ， 賜 之 岐 以 西 之 地 。,平 王 封 襄公 爲 諸侯 賜 之 岐 以 西 之 地,0.8799999999999999,0.0,0.8799999999999999,1.0,0.0
曰戎無道侵奪我岐豐之地秦能攻逐戎卽有其地,曰 ： 「 戎 無 道 ， 侵 奪 我 岐 、 豐 之 地 ， 秦 能 攻 逐 戎 ， 卽 有 其 地 。 」,曰 戎 無道 侵奪 我 岐 豐 之 地 秦 能 攻 逐 戎卽  有 其 地,0.7567567567567567,0.0,0.7567567567567567,1.0,0.0
與誓封爵之,與 誓 ， 封 爵 之 。,與 誓 封 爵 之,1.0,0.0,1.0,1.0,0.0
襄公於是始國與諸侯通使聘享之禮乃用駵駒黄牛羝羊各三祠上帝西畤,襄公 於 是 始 國 ， 與 諸侯 通 使 聘 享 之 禮 ， 乃 用 駵駒 、 黄牛 、 羝羊 各 三 ， 祠 上帝 西畤 。,"，。，襄公。：- """"，（），。- ""於是""，""""，，。- ""始國與諸侯通使聘享之禮乃用駵駒黄牛羝羊各三祠""。上帝西畤，""""""",0.07692307692307691,0.0,0.0,1.0,0.0
十二年伐戎而至岐卒,十二年 ， 伐 戎 而 至 岐 ， 卒 。,十二年伐戎，。，。，，。，、，而至岐卒,0.0,0.0,0.0,1.0,0.0
生文公,生 文公 。,生 文 公,0.4,0.0,0.4,1.0,0.0
文公元年居西垂宫,文公 元年 ， 居 西垂宫 。,，。，。，，。，文公元年居西垂宫，。,0.0,0.6666666666666666,0.0,1.0,0.0
三年文公以兵七百人東獵,三年 ， 文公 以 兵 七百 人 東 獵 。,，：三年文公以兵七百人東獵。，。。，。，。，，,0.0,0.6666666666666666,0.0,1.0,0.0
四年至汧渭之會,四年 ， 至 汧 渭 之 會 。,四 年 至汧  渭 之 會,0.5,0.0,0.5,1.0,0.0
曰昔周邑我先秦嬴於此後卒獲爲諸侯,曰 ： 「 昔 周 邑 我 先 秦嬴 於 此 ， 後 卒 獲 爲 諸侯 。 」,曰 昔 周 邑 我 先 秦嬴  於 此 後 卒 獲 爲 諸侯 。,1.0,0.5,1.0,1.0,0.5
乃卜居之占曰吉卽營邑之,乃 卜 居 之 ， 占 曰 吉 ， 卽 營 邑 之 。,，：乃卜居之占曰吉卽營邑之。，。。，，,0.0,0.5,0.0,1.0,0.0
十年初爲鄜畤用三牢,十年 ， 初 爲 鄜畤 ， 用 三牢 。,十 年 初 爲 鄜畤   用 三 牢,0.5714285714285715,0.0,0.5714285714285715,1.0,0.0
十三年初有史以紀事民多化者,十三年 ， 初 有 史 以 紀 事 ， 民 多 化 者 。,"：，""十三年初有史以紀事民多化者""。，：，（）、（）、（）（）。，",0.0,0.5,0.0,1.0,0.0
十六年文公以兵伐戎戎敗走,十六年 ， 文公 以 兵 伐 戎 ， 戎 敗 走 。,"：，""十六年文公以兵伐戎戎敗走""。，。，。""""，。",0.0,0.5,0.0,1.0,0.0
於是文公遂收周餘民有之地至岐岐以東獻之周,於是 文公 遂 收 周 餘 民 有 之 ， 地 至 岐 ， 岐 以 東 獻 之 周 。,於 是 文 公 遂 收 周 餘 民 有 之 地 至 岐  岐 以 東獻  之 周 ,0.7567567567567567,0.0,0.7567567567567567,1.0,0.0
十九年得陳寶,十九年 ， 得 陳 寶 。,"，。，。""十九年得陳寶""，，。：""",0.0,0.6666666666666666,0.0,1.0,0.0
二十年法初有三族之罪,二十年 ， 法 初 有 三 族 之 罪 。,二十 年 法 初 有 三族 之 罪,0.625,0.0,0.625,1.0,0.0
二十七年伐南山大梓豐大特,二十七年 ， 伐 南山 大梓 ， 豐 大 特 。,"，。，。""二十七年伐南山大梓豐大特""《》《》，。，：- ：",0.0,0.5,0.0,1.0,0.0
四十八年文公太子卒賜謚爲竫公,四十八年 ， 文公 太子 卒 ， 賜 謚 爲 竫公 。,"：，""四十八年文公太子卒賜謚爲竫公""。，、。。""""（），。，",0.0,0.5,0.0,1.0,0.0
竫公之長子爲太子是文公孫也,竫公 之 長子 爲 太子 ， 是 文公 孫 也 。,，。，。：- 竫公：，，。- 之長子爲太子：是文公孫也，（,0.1818181818181818,0.0,0.0,1.0,0.0
五十年文公卒葬西山,五十年 ， 文公 卒 ， 葬 西山 。,，。，。，，。、。，五十年文公卒葬西山？,0.0,0.0,0.0,1.0,0.0
竫公子立是爲寧公,竫公 子 立 ， 是 爲 寧公 。,"，。，。""竫公子立是爲寧公""，。，。",0.0,0.6666666666666666,0.0,1.0,0.0
寧公二年公徙居平陽,寧公 二年 ， 公 徙 居 平陽 。,寧公二年 公徙居平陽。,0.0,0.6666666666666666,0.0,1.0,0.0
遣兵伐蕩社,遣 兵 伐 蕩社 。,遣 兵  伐 蕩 社 ,0.6666666666666665,0.0,0.6666666666666665,1.0,0.0
三年與亳戰亳王奔戎遂滅蕩社,三年 ， 與 亳 戰 ， 亳王 奔 戎 ， 遂 滅 蕩社 。,三年與亳戰亳王奔戎遂滅蕩社，。，。，，。，，。，,0.0,0.4,0.0,1.0,0.0
四年魯公子翬弒其君隱公,四年 ， 魯 公子 翬 弒 其 君 隱公 。,，：四年魯公子翬弒其君隱公。，。。，。，。：- ,0.0,0.6666666666666666,0.0,1.0,0.0
十二年伐蕩氏取之,十二年 ， 伐 蕩氏 ， 取 之 。,十 二 年  伐  蕩 氏  取  之  。,0.4615384615384615,0.5,0.4615384615384615,1.0,0.23076923076923075
寧公生十歲立立十二年卒葬西山,寧公 生 十 歲 立 ， 立 十二 年 卒 ， 葬 西山 。,，。，。：寧公生十歲立立十二年卒葬西山。，。。，，,0.0,0.5,0.0,1.0,0.0
生子三人長男武公爲太子,生 子 三 人 ， 長男 武公 爲 太子 。,"：，""生子三人長男武公爲太子""。，。。""""，（），。""""，",0.0,0.6666666666666666,0.0,1.0,0.0
武公弟德公同母魯姬子,武公 弟 德公 ， 同 母 魯姬子 。,"，。，。：- ""武公""，（），。- ""弟德公同母魯姬子""，""""，。",0.25,0.5,0.0,1.0,0.125
生出子,生 出子 。,生 出 子,0.4,0.0,0.4,1.0,0.0
寧公卒大庶长弗忌威壘三父廢太子而立出子爲君,寧公 卒 ， 大庶长 弗忌 、 威壘 、 三父 廢 太子 而 立 出子 爲 君 。,寧公 卒 大庶长 弗忌 威壘 三父廢  太子 而 立 出子 爲 君,0.8799999999999999,0.0,0.8799999999999999,1.0,0.0
出子六年三父等復共令人賊殺出子,出子 六年 ， 三父 等 復 共 令 人 賊 殺 出子 。,出子六年三父等復共，。令人賊殺出子，。，，。，、，。，,0.0,0.5,0.0,1.0,0.0
出子生五歲立立六年卒,出子 生 五 歲 立 ， 立 六 年 卒 。,"：，""出子生五歲立立六年卒""。，。。""""，""""""""，",0.0,0.6666666666666666,0.0,1.0,0.0
三父等乃復立故太子武公,三父 等 乃 復 立 故 太子 武公 。,"：，""三父等乃復立故太子武公""。，，。""""，（""""），",0.0,1.0,0.0,1.0,0.0
武公元年伐彭戲氏至于華山下居平陽封宫,武公 元年 ， 伐 彭戲氏 ， 至 于 華山 下 ， 居 平陽 封宫 。,，。，《》。：武公元年伐彭戲氏至于華山下居平陽封宫。。，，。,0.0,0.4,0.0,1.0,0.0
三年誅三父等而夷三族以其殺出子也,三年 ， 誅 三父 等 而 夷 三 族 ， 以 其 殺 出子 也 。,三 年 誅 三 父 等 而 夷 三 族 以 其 殺 出 子 也,0.6896551724137931,0.0,0.6896551724137931,1.0,0.0
鄭高渠眯殺其君昭公,鄭 高渠眯 殺 其 君 昭公 。,"：，""鄭高渠眯殺其君昭公""。，。。""""，，。""",0.0,1.0,0.0,1.0,0.0
十年伐邽冀戎初縣之,十年 ， 伐 邽 、 冀 戎 ， 初 縣 之 。,十 年 伐邽  冀 戎 初縣  之,0.39999999999999997,0.0,0.39999999999999997,1.0,0.0
十一年初縣杜鄭,十一年 ， 初 縣 杜 、 鄭 。,十一年 初 縣 杜 鄭,1.0,0.0,1.0,1.0,0.0
滅小虢,滅 小虢 。,滅 小虢,1.0,0.0,1.0,1.0,0.0
十三年齊人管至父連稱等殺其君襄公而立公孫無知,十三年 ， 齊人 管至父 、 連稱 等 殺 其 君 襄公 而 立 公孫無知 。,"，。""十三年""，，，。""齊人""，""""""""，，。""管至父連稱等殺其君襄公而立公孫無""，知，",0.0,0.0,0.0,1.0,0.0
晉滅霍魏耿,晉 滅 霍 、 魏 、 耿 。,晉滅  霍 魏 耿,0.6666666666666665,0.0,0.6666666666666665,1.0,0.0
齊雍廩殺無知管至父等而立齊桓公,齊 雍廩 殺 無知 、 管至父 等 而 立 齊桓公 。,齊 雍 廩 殺 無知 管 至父 等 而 立 齊桓公,0.7000000000000001,0.0,0.7000000000000001,1.0,0.0
齊晉爲彊國,齊 、 晉 爲 彊 國 。,齊 晉 爲 彊 國,1.0,0.0,1.0,1.0,0.0
十九年晉曲沃始爲晉侯,十九年 ， 晉 曲沃 始 爲 晉侯 。,，：十九年晉曲沃始爲晉侯。，。。，。，。：- ,0.0,0.6666666666666666,0.0,1.0,0.0
齊桓公伯於鄄,齊桓公 伯 於 鄄 。,齊 桓公 伯 於 鄄,0.6666666666666665,0.0,0.6666666666666665,1.0,0.0
二十年武公卒葬雍平陽,二十年 ， 武公 卒 ， 葬 雍 平陽 。,二十 年 武公 卒 葬 雍 平陽,0.7692307692307692,0.0,0.7692307692307692,1.0,0.0
初以人從死從死者六十六人,初 以 人 從 死 ， 從 死 者 六十六 人 。,初以人從死從死者六十六人。,0.0,0.6666666666666666,0.0,1.0,0.0
有子一人名曰白白不立封平陽,有 子 一 人 ， 名 曰 白 ， 白 不 立 ， 封 平陽 。,"：，""有子一人名曰白白不立封平陽""。，""""，。。""""，，",0.0,0.4,0.0,1.0,0.0
立其弟德公,立 其 弟 德公 。,立其弟德公，。，。，，。，、，,0.0,1.0,0.0,1.0,0.0
德公元年初居雍城大鄭宫,德公 元年 ， 初 居 雍城 大鄭宫 。,"：，""德公元年初居雍城大鄭宫""。，。，。""""（），，",0.0,0.6666666666666666,0.0,1.0,0.0
以犧三百牢祠鄜畤,以 犧 三百 牢 祠 鄜畤 。,以 犧 三 百 牢 祠 鄜畤   《       》 ：        ，     ，     ， ,0.7692307692307692,0.0,0.7692307692307692,1.0,0.0
卜居雍,卜 居 雍 。,"，。，""卜居雍""。，：""""，；""""，；",0.0,1.0,0.0,1.0,0.0
後子孫飲馬於河,後 子孫 飲馬 於 河 。,後 子孫 飲 馬 於 河,0.7272727272727272,0.0,0.7272727272727272,1.0,0.0
梁伯芮伯來朝,梁伯 、 芮伯 來 朝 。,梁伯芮伯來朝，。，。，，。，、，,0.0,0.6666666666666666,0.0,1.0,0.0
二年初伏以狗禦蠱,二年 ， 初 伏 ， 以 狗 禦 蠱 。,二年初伏以狗禦蠱，。，。，，。，、，,0.0,0.5,0.0,1.0,0.0
德公生三十三歲而立立二年卒,德公 生 三十三 歲 而 立 ， 立 二 年 卒 。,"：，""德公生三十三歲而立立二年卒""。，（）。。""""，，。""",0.0,0.6666666666666666,0.0,1.0,0.0
生子三人長子宣公中子成公少子穆公,生 子 三 人 ： 長子 宣公 ， 中子 成公 ， 少子 穆公 。,生 子 三  人 長  子 宣公 中  子 成公 少  子 穆公,0.608695652173913,0.0,0.608695652173913,1.0,0.0
長子宣公立,長子 宣公 立 。,，：長子宣公立。，。，，，。，，,0.0,1.0,0.0,1.0,0.0
宣公元年衞燕伐周出惠王立王子穨,宣公 元年 ， 衞 、 燕 伐 周 ， 出 惠王 ， 立 王子穨 。,宣公 元年 衞 燕伐  周 出 惠王 立 王子 穨,0.7,0.0,0.7,1.0,0.0
三年鄭伯虢叔殺子穨而入惠王,三年 ， 鄭伯 、 虢叔 殺 子穨 而 入 惠王 。,，：三年鄭伯虢叔殺子穨而入惠王。，。。，，，。，,0.0,0.5,0.0,1.0,0.0
四年作密畤,四年 ， 作 密畤 。,，：四年作密畤。，。，，。，。,0.0,0.6666666666666666,0.0,1.0,0.0
與晉戰河陽勝之,與 晉 戰 河陽 ， 勝 之 。,與 晉 戰 河陽勝   之,0.7272727272727272,0.0,0.7272727272727272,1.0,0.0
十二年宣公卒,十二年 ， 宣公 卒 。,十二年宣公卒，。，。，，。，（）、，-:、。，,0.0,0.6666666666666666,0.0,1.0,0.0
生子九人莫立立其弟成公,生 子 九 人 ， 莫 立 ， 立 其 弟 成公 。,，：生子九人莫立立其弟成公。，。，，。，。。,0.0,0.5,0.0,1.0,0.0
成公元年梁伯芮伯來朝,成公 元年 ， 梁伯 、 芮伯 來 朝 。,"：，""成公元年梁伯芮伯來朝""。，。，。- """"（），。- """,0.0,0.5,0.0,1.0,0.0
齊桓公伐山戎次于孤竹,齊桓公 伐 山戎 ， 次 于 孤竹 。,，。：齊桓公伐山戎次于孤竹。：，（），。，，。,0.0,0.6666666666666666,0.0,1.0,0.0
成公立四年卒,成公 立 四 年 卒 。,成公立四年卒，。，。，，。，、，,0.0,1.0,0.0,1.0,0.0
子七人莫立立其弟繆公,子 七 人 ， 莫 立 ， 立 其 弟 繆公 。,，：子七人莫立立其弟繆公。，。，。。，，。,0.0,0.5,0.0,1.0,0.0
繆公任好元年自將伐茅津勝之,繆公 任好 元年 ， 自 將 伐 茅津 ， 勝 之 。,"，。，《》。：- ""繆公任好元年自將伐茅津勝之""：，。，，（",0.0,0.5,0.0,1.0,0.0
四年迎婦於晉晉太子申生姊也,四年 ， 迎 婦 於 晉 ， 晉 太子 申生 姊 也 。,，：四年迎婦於晉晉太子申生姊也。，。。，。，。：- ,0.0,0.5,0.0,1.0,0.0
其歲齊桓公伐楚至邵陵,其 歲 ， 齊桓公 伐 楚 ， 至 邵陵 。,"：，""其歲齊桓公伐楚至邵陵""。，。。""""，，",0.0,0.5,0.0,1.0,0.0
五年晉獻公滅虞虢虜虞君與其大夫百里傒以璧馬賂於虞故也,五年 ， 晉獻公 滅 虞 、 虢 ， 虜 虞君 與 其 大夫 百里傒 ， 以 璧 馬 賂 於 虞 故 也 。,，。，。：五年晉獻公滅虞虢虜虞君與其大夫百里傒以璧馬賂於虞故也。（）、（）、（）、（）、（,0.0,0.33333333333333337,0.0,1.0,0.0
既虜百里傒以爲秦繆公夫人媵於秦,既 虜 百里傒 ， 以 爲 秦繆公 夫人 媵 於 秦 。,既 虜 百里傒 以 爲 秦繆公 夫人 媵 於 秦 ,1.0,0.0,1.0,1.0,0.0
百里傒亡秦走宛楚鄙人執之,百里傒 亡 秦 走 宛 ， 楚 鄙人 執 之 。,，：百里傒亡秦走宛楚鄙人執之。，。。，。，。，,0.0,0.6666666666666666,0.0,1.0,0.0
繆公聞百里傒賢欲重贖之恐楚人不與乃使人謂楚曰吾媵臣百里傒在焉請以五羖羊皮贖之,繆公 聞 百里傒 賢 ， 欲 重 贖 之 ， 恐 楚人 不 與 ， 乃 使 人 謂 楚 曰 ： 「 吾 媵臣 百里傒 在 焉 ， 請 以 五 羖羊皮 贖 之 。 」,"，。，。：  ""繆公聞百里傒賢欲重贖之恐楚人不與乃使人謂楚曰吾媵臣百里傒在焉請以五羖羊皮贖之""  ，""""""""，，，",0.0,0.0,0.0,1.0,0.0
楚人遂許與之,楚人 遂 許 與 之 。,楚人遂許與之，。，。，，。，、，,0.0,1.0,0.0,1.0,0.0
當是時百里傒年已七十餘,當 是 時 ， 百里傒 年 已 七十 餘 。,"：，""當是時百里傒年已七十餘""。，。。""""，""""，。""",0.0,0.6666666666666666,0.0,1.0,0.0
繆公釋其囚與語國事,繆公 釋 其 囚 ， 與 語 國事 。,，：繆公釋其囚與語國事。，。。，。，。：- ,0.0,0.6666666666666666,0.0,1.0,0.0
謝曰臣亡國之臣何足問,謝 曰 ： 「 臣 亡 國 之 臣 ， 何 足 問 ！ 」,"，。，。""謝曰""，""""（），""""，。""臣亡國之臣何足問""",0.0,0.0,0.0,1.0,0.0
繆公曰虞君不用子故亡非子罪也,繆公 曰 ： 「 虞君 不 用 子 ， 故 亡 ， 非 子 罪 也 。 」,，。，。：繆公曰虞君不用子故亡非子罪也。（），。，，：- ,0.0,0.4,0.0,1.0,0.0
固問語三日繆公大説授之國政號曰五羖大夫,固 問 ， 語 三 日 ， 繆公 大 説 ， 授 之 國政 ， 號 曰 五羖大夫 。,，：固問語三日繆公大説授之國政號曰五羖大夫。，。。，，，。，,0.0,0.33333333333333337,0.0,1.0,0.0
百里傒讓曰臣不及臣友蹇叔蹇叔賢而世莫知臣常游困於齊而乞食䬹人蹇叔收臣臣因而欲事齊君無知蹇叔止臣臣得脱齊難遂之周周王子穨好牛臣以養牛干之及穨欲用臣蹇叔止臣臣去得不誅事虞君蹇叔止臣臣知虞君不用臣臣誠私利禄爵且留再用其言得脱一不用及虞君難是以知其賢,百里傒 讓 曰 ： 「 臣 不 及 臣 友 蹇叔 ， 蹇叔 賢 而 世 莫 知 。 臣 常 游 困 於 齊 而 乞 食 䬹 人 ， 蹇叔 收 臣 。 臣 因 而 欲 事 齊君 無知 ， 蹇叔 止 臣 ， 臣 得 脱 齊 難 ， 遂 之 周 。 周 王子穨 好 牛 ， 臣 以 養 牛 干 之 。 及 穨 欲 用 臣 ， 蹇叔 止 臣 ， 臣 去 ， 得 不 誅 。 事 虞君 ， 蹇叔 止 臣 。 臣 知 虞君 不 用 臣 ， 臣 誠 私 利 禄 爵 ， 且 留 。 再 用 其 言 ， 得 脱 ， 一 不 用 ， 及 虞君 難 ： 是以 知 其 賢 。 」,百里傒讓  曰臣  不 及臣  友蹇叔蹇叔   賢 而 世 莫 知臣  常 游 困 於 齊 而 乞 食 䬹 人蹇叔  收臣臣   因 而 欲 事 齊 君 無 知蹇叔  止臣臣   得 脱 齊 難 遂 之 周 周 王 子 穨 好 牛臣  以 養 牛 干 之 及 穨 欲 用臣蹇叔   止臣臣   去 得 不 誅 事 虞 君蹇叔  止臣臣   知 虞 君 不 用臣臣   誠 私 利 禄 爵 且 留 再 用 其言得脱一不用及虞君難是以知其賢 ,0.56353591160221,0.0,0.56353591160221,1.0,0.0
於是繆公使人厚幣迎蹇叔以爲上大夫,於是 繆公 使 人 厚 幣 迎 蹇叔 ， 以 爲 上大夫 。,，。：於是，，，。繆公，，，，。使，，人厚幣迎蹇叔以爲上大夫，,0.0,0.0,0.0,1.0,0.0
秋繆公自將伐晉戰於河曲,秋 ， 繆公 自 將 伐 晉 ， 戰 於 河曲 。,秋繆公自將伐晉戰於河曲，。，。，，。，，、、,0.0,0.5,0.0,1.0,0.0
晉驪姬作亂太子申生死新城重耳夷吾出犇,晉 驪姬 作亂 ， 太子 申生 死 新城 ， 重耳 、 夷吾 出 犇 。,，。，。：- 晉 （），。- 驪姬 （），。- 作亂太子申生死新城重耳夷吾出犇 ，，,0.28571428571428575,0.0,0.28571428571428575,1.0,0.0
九年齊桓公會諸侯於葵丘,九年 ， 齊桓公 會 諸侯 於 葵丘 。,，：九年齊桓公會諸侯於葵丘。，。。，。，。？，,0.0,0.6666666666666666,0.0,1.0,0.0
晉獻公卒,晉獻公 卒 。,晉獻公卒，。，。，，。，（）、，-:,0.0,1.0,0.0,1.0,0.0
立驪姬子奚齊其臣里克殺奚齊,立 驪姬 子 奚齊 ， 其 臣 里克 殺 奚齊 。,，。，。：- 立驪姬子奚齊其臣里克殺：。，（），奚齊。，,0.0,0.5,0.0,1.0,0.0
荀息立卓子克又殺卓子及荀息,荀息 立 卓子 ， 克 又 殺 卓子 及 荀息 。,，。：荀息立卓子克又殺卓子及荀息。，（），。，,0.0,0.6666666666666666,0.0,1.0,0.0
夷吾使人請秦求入晉,夷吾 使 人 請 秦 ， 求 入 晉 。,"，。""夷吾""，，。""使人""，，，。""請""，，。""秦求入晉""，",0.0,0.0,0.0,1.0,0.0
於是繆公許之使百里傒將兵送夷吾,於是 繆公 許 之 ， 使 百里傒 將 兵 送 夷吾 。,於 是 繆 公 許 之  使 百里傒 將 兵 送 夷吾 ,0.7272727272727272,0.0,0.7272727272727272,1.0,0.0
夷吾謂曰誠得立請割晉之河西八城與秦,夷吾 謂 曰 ： 「 誠 得 立 ， 請 割 晉 之 河 西 八 城 與 秦 。 」,"，。，。：""夷吾""，，，。""謂""，""""，，。""曰誠得立請割晉之河西八城與秦""，""""，。""",0.0,0.3333333333333333,0.0,1.0,0.0
及至已立而使丕鄭謝秦背約不與河西城而殺里克,及 至 ， 已 立 ， 而 使 丕鄭 謝 秦 ， 背 約 不 與 河 西 城 ， 而 殺 里克 。,及 至 已 立 而  使 丕 鄭 謝 秦  背 約  不 與 河 西 城  而 殺  里 克 ,0.8500000000000001,0.0,0.8500000000000001,1.0,0.0
丕鄭聞之恐因與繆公謀曰晉人不欲夷吾實欲重耳今背秦約而殺里克皆吕甥郤芮之計也願君以利急召吕郤吕郤至則更入重耳便,丕鄭 聞 之 ， 恐 ， 因 與 繆公 謀 曰 ： 「 晉人 不 欲 夷吾 ， 實 欲 重耳 。 今 背 秦 約 而 殺 里克 ， 皆 吕甥 、 郤芮 之 計 也 。 願 君 以 利 急 召 吕 、 郤 ， 吕 、 郤 至 ， 則 更 入 重耳 便 。 」,，。。：丕鄭聞之恐因與繆公謀曰晉人不欲夷吾實欲重耳今背秦約而殺里克皆吕甥郤芮之計也願君以利急召吕郤吕郤至則更入重耳便。，。，。，，，、。,0.0,0.14285714285714288,0.0,1.0,0.0
繆公許之使人與丕鄭歸召吕郤,繆公 許 之 ， 使 人 與 丕鄭 歸 ， 召 吕 、 郤 。,"，。，。：""繆公""，，（）。""許之使人與丕鄭歸召吕郤""""""，""""，。""",0.0,0.3333333333333333,0.0,1.0,0.0
吕郤等疑丕鄭有閒乃言夷吾殺丕鄭,吕 、 郤 等 疑 丕鄭 有 閒 ， 乃 言 夷吾 殺 丕鄭 。,吕 郤 等 疑 丕 鄭 有閒  乃 言 夷 吾 殺 丕 鄭 ,0.5384615384615384,0.0,0.5384615384615384,1.0,0.0
丕鄭子丕豹奔秦説繆公曰晉君無道百姓不親可伐也,丕鄭 子 丕豹 奔 秦 ， 説 繆公 曰 ： 「 晉君 無 道 ， 百姓 不 親 ， 可 伐 也 。 」,，：丕鄭子丕豹奔秦説繆公曰晉君無道百姓不親可伐也。，。。，。，，,0.0,0.33333333333333337,0.0,1.0,0.0
繆公曰百姓苟不便何故能誅其大臣能誅其大臣此其調也,繆公 曰 ： 「 百姓 苟 不 便 ， 何 故 能 誅 其 大臣 ？ 能 誅 其 大臣 ， 此 其 調 也 。 」,，。，。：繆公曰百姓苟不便何故能誅其大臣能誅其大臣此其調也。（）。、、（）、、（）。，,0.0,0.33333333333333337,0.0,1.0,0.0
不聽而陰用豹,不 聽 ， 而 陰 用 豹 。,不聽而陰，。，。，，用豹。，、。，,0.0,0.5,0.0,1.0,0.0
十二年齊管仲隰朋死,十二年 ， 齊 管仲 、 隰朋 死 。,十二年齊管仲隰朋死，。，。，，。，、，,0.0,0.5,0.0,1.0,0.0
晉旱來請粟,晉 旱 ， 來 請 粟 。,晉  旱  來  請  粟  。,1.0,0.6666666666666666,1.0,1.0,0.6666666666666666
丕豹説繆公勿與因其饑而伐之,丕豹 説 繆公 勿 與 ， 因 其 饑 而 伐 之 。,，。，。：丕豹，説（），繆公，勿與，因其饑而，伐之。，,0.0,0.5,0.0,1.0,0.0
繆公問公孫支支曰饑穰更事耳不可不與,繆公 問 公孫支 ， 支 曰 ： 「 饑穰 更 事 耳 ， 不 可 不 與 。 」,繆公 問 公孫支 支 曰 饑穰  更事  耳 不 可 不 與,0.8799999999999999,0.0,0.8799999999999999,1.0,0.0
問百里傒傒曰夷吾得罪於君其百姓何罪,問 百里傒 ， 傒 曰 ： 「 夷吾 得 罪 於 君 ， 其 百姓 何 罪 ？ 」,"，。，""問""（），""百里傒""（），""傒曰夷吾得罪於君其百姓何罪""（）。，""""。，：- """"：，，",0.0,0.28571428571428575,0.0,1.0,0.0
於是用百里傒公孫支言卒與之粟,於是 用 百里傒 、 公孫支 言 ， 卒 與 之 粟 。,於 是  用  百里傒  公孫支  言  卒  與  之  粟  。,0.8421052631578948,0.5,0.8421052631578948,1.0,0.4210526315789474
以船漕車轉自雍相望至絳,以 船 漕 車 轉 ， 自 雍 相望 至 絳 。,"：，""以船漕車轉自雍相望至絳""。，。""""，""""""""。，",0.0,0.6666666666666666,0.0,1.0,0.0
十四年秦饑請粟於晉,十四年 ， 秦 饑 ， 請 粟 於 晉 。,"：，""十四年秦饑請粟於晉""。，、。：- """"，（），",0.0,0.5,0.0,1.0,0.0
晉君謀之羣臣,晉君 謀 之 羣 臣 。,"，。""晉君""，""謀""，""之""，""羣臣""。，，。，。",0.0,0.4,0.0,1.0,0.0
虢射曰因其饑伐之可有大功,虢射 曰 ： 「 因 其 饑 伐 之 ， 可 有 大 功 。 」,，：虢射曰因其饑伐之可有大功。，。。，。，。，,0.0,0.5,0.0,1.0,0.0
晉君從之,晉君 從 之 。,晉君從之，。，。，，。，、,0.0,1.0,0.0,1.0,0.0
十五年興兵將攻秦,十五年 ， 興 兵 將 攻 秦 。,"：，""十五年興兵將攻秦""。，。。""""，。，",0.0,0.6666666666666666,0.0,1.0,0.0
繆公發兵使丕豹將自往擊之,繆公 發 兵 ， 使 丕豹 將 ， 自 往 擊 之 。,，：繆公發兵使丕豹將自往擊之。，。。，。，。：- ,0.0,0.5,0.0,1.0,0.0
九月壬戌與晉惠公夷吾合戰於韓地,九月 壬戌 ， 與 晉惠公 夷吾 合戰 於 韓 地 。,九月 壬戌 與 晉惠公 夷吾 合 戰 於 韓 地,0.8421052631578948,0.0,0.8421052631578948,1.0,0.0
晉君弃其軍與秦争利還而馬騺,晉君 弃 其 軍 ， 與 秦 争 利 ， 還 而 馬 騺 。,"，。，。：""晉君弃""，，。""其軍與秦争利還而馬騺""""""，""""（），""""，",0.0,0.0,0.0,1.0,0.0
繆公與麾下馳追之不能得晉君反爲晉軍所圍,繆公 與 麾下 馳 追 之 ， 不 能 得 晉君 ， 反 爲 晉軍 所 圍 。,，。，。：繆公與麾下馳追之不能得晉君反爲晉軍所圍。（），。（、）、,0.0,0.5,0.0,1.0,0.0
晉擊繆公繆公傷,晉 擊 繆公 ， 繆公 傷 。,晉擊繆公繆公傷，。，。，，。，、，,0.0,0.6666666666666666,0.0,1.0,0.0
於是岐下食善馬者三百人馳冒晉軍晉軍解圍遂脱繆公而反生得晉君,於是 岐 下 食 善 馬 者 三百 人 馳 冒 晉軍 ， 晉軍 解 圍 ， 遂 脱 繆公 而 反 生得 晉君 。,於 是 岐 下 食 善 馬 者 三 百 人馳  冒 晉 軍 晉 軍 解圍  遂脱  繆 公 而 反 生 得 晉 君,0.37500000000000006,0.0,0.37500000000000006,1.0,0.0
初繆公亡善馬岐下野人共得而食之者三百餘人吏逐得欲法之,初 ， 繆公 亡 善 馬 ， 岐 下 野人 共 得 而 食 之 者 三百餘 人 ， 吏 逐 得 ， 欲 法 之 。,，。，。：初繆公亡善馬岐下野人共得而食之者三百餘人吏逐得欲法之。，。。，，,0.0,0.33333333333333337,0.0,1.0,0.0
繆公曰君子不以畜産害人吾聞食善馬肉不飲酒傷人,繆公 曰 ： 「 君子 不 以 畜産 害 人 。 吾 聞 食 善 馬 肉 不 飲 酒 ， 傷 人 。 」,，：繆公曰君子不以畜産害人吾聞食善馬肉不飲酒傷人。，。。，。，。：- ，,0.0,0.4,0.0,1.0,0.0
乃皆賜酒而赦之,乃 皆 賜 酒 而 赦 之 。,乃 皆 賜 酒 而赦  之 。,0.7692307692307692,1.0,0.7692307692307692,1.0,0.7692307692307692
三百人者聞秦擊晉皆求從從而見繆公窘亦皆推鋒争死以報食馬之德,三百 人 者 聞 秦 擊 晉 ， 皆 求 從 ， 從 而 見 繆公 窘 ， 亦 皆 推 鋒 争 死 ， 以 報 食 馬 之 德 。,三 百 人 者 聞 秦 擊 晉 皆 求 從 從 而 見 繆 公 窘 亦 皆 推 鋒 争 死 以 報 食 馬 之 德,0.8928571428571429,0.0,0.8928571428571429,1.0,0.0
於是繆公虜晉君以歸令於國齊宿吾將以晉君祠上帝,於是 繆公 虜 晉君 以 歸 ， 令 於 國 ， 齊宿 ， 吾 將 以 晉君 祠 上帝 。,"，。，。""於是""，，。""繆公""（），。""虜""，，。""晉君以歸令於國齊宿吾將以晉君祠上帝""",0.0,0.0,0.0,1.0,0.0
周天子聞之曰晉我同姓,周天子 聞 之 ， 曰 「 晉 我 同 姓 」,，：周天子聞之曰晉我同姓。，。。，。，。，,0.0,0.0,0.0,1.0,0.0
爲請晉君,， 爲 請 晉君 。,爲  請  晉  君  。,0.5714285714285715,1.0,0.5714285714285715,1.0,0.5714285714285715
夷吾姊亦爲繆公夫人夫人聞之乃衰絰跣曰妾兄弟不能相救以辱君命,夷吾 姊 亦 爲 繆公 夫人 ， 夫人 聞 之 ， 乃 衰絰 跣 ， 曰 ： 「 妾 兄弟 不 能 相 救 ， 以 辱 君 命 。 」,，。，。：夷吾姊亦爲繆公夫人夫人聞之乃衰絰跣曰妾兄弟不能相救以辱君命。，（、），。，,0.0,0.2857142857142857,0.0,1.0,0.0
繆公曰我得晉君以爲功今天子爲請夫人是憂,繆公 曰 ： 「 我 得 晉君 以 爲 功 ， 今 天子 爲 請 ， 夫人 是 憂 。 」,繆公 曰 我 得 晉 君 以 爲 功  今 天子 爲 請 夫人 是憂 ,0.8000000000000002,0.0,0.8000000000000002,1.0,0.0
乃與晉君盟許歸之更舍上舍而饋之七牢,乃 與 晉君 盟 ， 許 歸 之 ， 更 舍 上 舍 ， 而 饋 之 七 牢 。,乃 與  晉君  盟  許歸    之  更  舍  上舍  而  饋  之  七  牢  。,0.7999999999999999,0.4,0.7999999999999999,1.0,0.32
十一月歸晉君夷吾夷吾獻其河西地使太子圉爲質於秦,十一月 ， 歸 晉君 夷吾 ， 夷吾 獻 其 河 西 地 ， 使 太子 圉 爲 質 於 秦 。,，。，。，，。，、，。，。：十一月歸晉君夷吾夷吾獻其河西地使太子圉爲質於秦,0.0,0.0,0.0,1.0,0.0
秦妻子圉以宗女,秦 妻 子圉 以 宗女 。,秦妻子圉以宗女，。，。，，。，、，,0.0,1.0,0.0,1.0,0.0
是時秦地東至河,是 時 秦 地 東 至 河 。,是 時 秦 地 東 至 河,1.0,0.0,1.0,1.0,0.0
十八年齊桓公卒,十八年 ， 齊桓公 卒 。,十八年齊桓公卒，。，。，，。，（）、，-:、。，,0.0,0.6666666666666666,0.0,1.0,0.0
二十年秦滅梁芮,二十年 ， 秦 滅 梁 、 芮 。,，：二十年秦滅梁芮。，。。，。？,0.0,0.5,0.0,1.0,0.0
二十二年晉公子圉聞晉君病曰梁我母家也而秦滅之我兄弟多卽君百歲後秦必留我而晉輕亦更立他子,二十二年 ， 晉 公子 圉 聞 晉君 病 ， 曰 ： 「 梁 ， 我 母家 也 ， 而 秦 滅 之 。 我 兄弟 多 ， 卽 君 百歲 後 ， 秦 必 留 我 ， 而 晉 輕 ， 亦 更 立 他 子 。 」,二十二年 晉 公子圉  聞 晉 君 病 曰 梁 我 母 家 也 而 秦 滅 之 我 兄弟 多卽  君 百歲  後 秦 必 留 我 而 晉 輕 亦 更 立 他 子,0.8285714285714286,0.0,0.8285714285714286,1.0,0.0
子圉乃亡歸晉,子圉 乃 亡 歸 晉 。,子圉   乃  亡歸    晉  。,0.6666666666666665,1.0,0.6666666666666665,1.0,0.6666666666666665
二十三年晉惠公卒子圉立爲君,二十三年 ， 晉惠公 卒 ， 子圉 立 爲 君 。,，：二十三年晉惠公卒子圉立爲君。，。。，。，。：- ,0.0,0.5,0.0,1.0,0.0
秦怨圉亡去乃迎晉公子重耳於楚而妻以故子圉妻,秦 怨 圉 亡 去 ， 乃 迎 晉 公子 重耳 於 楚 ， 而 妻 以 故 子圉 妻 。,，：秦怨圉亡去乃迎晉公子重耳於楚而妻以故子圉妻。，。。，，，。,0.0,0.5,0.0,1.0,0.0
重耳初謝後乃受,重耳 初 謝 ， 後 乃 受 。,重 耳 初 謝 後 乃 受,0.7692307692307692,0.0,0.7692307692307692,1.0,0.0
繆公益禮厚遇之,繆公 益 禮 厚 遇 之 。,，。，。：繆公益禮厚遇之。，。，。,0.0,1.0,0.0,1.0,0.0
二十四年春秦使人告晉大臣欲入重耳,二十四年 春 ， 秦 使 人 告 晉 大臣 ， 欲 入 重耳 。,，：二十四年春秦使人告晉大臣欲入重耳。，。。，，。，，,0.0,0.5,0.0,1.0,0.0
晉許之於是使人送重耳,晉 許 之 ， 於是 使 人 送 重耳 。,"，。，。：""""，（），""""，。""""，""""""""。""晉許之於是使人送重耳",0.0,0.0,0.0,1.0,0.0
二月重耳立爲晉君是爲文公,二月 ， 重耳 立 爲 晉君 ， 是 爲 文公 。,，：二月重耳立爲晉君是爲文公。，。。，。，。：- ,0.0,0.5,0.0,1.0,0.0
文公使人殺子圉,文公 使 人 殺 子圉 。,文公使人殺子圉，。，。，，。，、，,0.0,1.0,0.0,1.0,0.0
子圉是爲懷公,子圉 是 爲 懷公 。,"，。，。""子圉是爲懷公""。：- """"：",0.0,1.0,0.0,1.0,0.0
其秋周襄王弟帶以翟伐王王出居鄭,其 秋 ， 周襄王 弟 帶 以 翟 伐 王 ， 王 出 居 鄭 。,其 秋  周 襄 王 弟  帶  以  翟  伐  王  王  出  居  鄭  。,0.8571428571428571,0.5,0.8571428571428571,1.0,0.42857142857142855
二十五年周王使人告難於晉秦,二十五年 ， 周王 使 人 告 難 於 晉 、 秦 。,，。，、。：- 二十五年：，。，，。- 周王使人告難於晉秦：,0.1818181818181818,0.0,0.0,1.0,0.0
秦繆公將兵助晉文公入襄王殺王弟帶,秦繆公 將 兵 助 晉文公 入 襄王 ， 殺 王 弟 帶 。,，。：秦繆公將兵助晉文公入襄王殺王弟帶。。：- ，（），。- ，,0.0,0.6666666666666666,0.0,1.0,0.0
二十八年晉文公敗楚於城濮,二十八年 ， 晉文公 敗 楚 於 城濮 。,"：，""二十八年晉文公敗楚於城濮""。，。，：，。""""，",0.0,0.6666666666666666,0.0,1.0,0.0
三十年繆公助晉文公圍鄭,三十年 ， 繆公 助 晉文公 圍 鄭 。,，：三十年繆公助晉文公圍鄭。，。。，。，。，、,0.0,0.6666666666666666,0.0,1.0,0.0
鄭使人言繆公曰亡鄭厚晉於晉而得矣而秦未有利晉之彊秦之憂也,鄭 使 人 言 繆公 曰 ： 「 亡 鄭 厚 晉 ， 於 晉 而 得 矣 ， 而 秦 未 有 利 。 晉 之 彊 ， 秦 之 憂 也 。 」,鄭  使  人言    繆公  曰  亡  鄭  厚  晉  於  晉  而  得  矣  而  秦  未  有  利  晉  之  彊  秦  之憂    也 ,0.8846153846153846,0.0,0.8846153846153846,1.0,0.0
繆公乃罷兵歸,繆公 乃 罷 兵 歸 。,繆公  乃  罷  兵歸    。,0.6666666666666665,1.0,0.6666666666666665,1.0,0.6666666666666665
晉亦罷,晉 亦 罷 。,晉亦罷，。，。，，。，、,0.0,1.0,0.0,1.0,0.0
三十二年冬晉文公卒,三十二年 冬 ， 晉文公 卒 。,"：，""三十二年冬晉文公卒""。，、。，""""，。""""，。""",0.0,0.6666666666666666,0.0,1.0,0.0
鄭人有賣鄭於秦曰我主其城門鄭可襲也,鄭人 有 賣 鄭 於 秦 曰 ： 「 我 主 其 城門 ， 鄭 可 襲 也 。 」,，。，。：鄭人有賣鄭於秦曰我主其城門鄭可襲也。，，。，。,0.0,0.5,0.0,1.0,0.0
繆公問蹇叔百里傒對曰徑數國千里而襲人希有得利者且人賣鄭庸知我國人不有以我情告鄭者乎不可,繆公 問 蹇叔 、 百里傒 ， 對 曰 ： 「 徑 數 國 千 里 而 襲 人 ， 希 有 得 利 者 。 且 人 賣 鄭 ， 庸 知 我 國人 不 有 以 我 情 告 鄭 者 乎 ？ 不 可 。 」,，：繆公問蹇叔百里傒對曰徑數國千里而襲人希有得利者且人賣鄭庸知我國人不有以我情告鄭者乎不可。，。。，，，。，，，。,0.0,0.2222222222222222,0.0,1.0,0.0
繆公曰子不知也吾已決矣,繆公 曰 ： 「 子 不 知 也 ， 吾 已 決 矣 。 」,，：繆公曰子不知也吾已決矣。，。。，。，。：- ,0.0,0.5,0.0,1.0,0.0
遂發兵使百里傒子孟明視蹇叔子西乞術及白乙丙將兵,遂 發 兵 ， 使 百里傒 子 孟明視 ， 蹇叔 子 西乞術 及 白乙丙 將 兵 。,"，。，。：""遂發兵""，""""，""""，""""""""，。""使""，，""""""""，。""百里傒子孟明視蹇叔子西乞術及白乙丙將兵",0.0,0.0,0.0,1.0,0.0
行日百里傒蹇叔二人哭之,行 日 ， 百里傒 、 蹇叔 二 人 哭 之 。,行日百里傒蹇叔二人哭之，。，。，，。，、，。,0.0,0.5,0.0,1.0,0.0
繆公聞怒曰孤發兵而子沮哭吾軍何也,繆公 聞 ， 怒 曰 ： 「 孤 發 兵 而 子 沮 哭 吾 軍 ， 何 也 ？ 」,，。，。：繆公聞怒曰孤發兵而子沮哭吾軍何也。（），。，。,0.0,0.0,0.0,1.0,0.0
二老曰臣非敢沮君軍軍行臣子與往臣老遲還恐不相見故哭耳,二 老 曰 ： 「 臣 非 敢 沮 君 軍 。 軍 行 ， 臣 子 與 往 ； 臣 老 ， 遲 還 恐 不 相 見 ， 故 哭 耳 。 」,，。，。，，。，、，。，。：二老曰臣非敢沮君軍軍行臣子與往臣老遲還恐不相見故哭耳,0.0,0.0,0.0,1.0,0.0
二老退謂其子曰汝軍卽敗必於殽阨矣,二 老 退 ， 謂 其 子 曰 ： 「 汝 軍 卽 敗 ， 必 於 殽 阨 矣 。 」,二 老 退 謂 其 子 曰  汝軍  卽 敗 必 於 殽阨  矣 ,0.7999999999999999,0.0,0.7999999999999999,1.0,0.0
三十三年春秦兵遂東更晉地過周北門,三十三年 春 ， 秦 兵 遂 東 ， 更 晉 地 ， 過 周 北門 。,，。，。：三十三年春，，。秦兵，。遂東更晉地過周北門，,0.0,0.0,0.0,1.0,0.0
周王孫滿曰秦師無禮不敗何待,周 王孫滿 曰 ： 「 秦師 無 禮 ， 不 敗 何 待 ！ 」,，：周王孫滿曰秦師無禮不敗何待。，。。，。，。，,0.0,0.0,0.0,1.0,0.0
兵至滑鄭販賣賈人弦高持十二牛將賣之周見秦兵恐死虜因獻其牛曰聞大國將誅鄭鄭君謹修守禦備使臣以牛十二勞軍士,兵 至 滑 ， 鄭 販賣 賈人 弦高 ， 持 十二 牛 將 賣 之 周 ， 見 秦兵 ， 恐 死 虜 ， 因 獻 其 牛 ， 曰 ： 「 聞 大國 將 誅 鄭 ， 鄭君 謹 修 守 禦 備 ， 使 臣 以 牛 十二 勞 軍士 。 」,"，。，，，。，，。，。：。""兵至滑鄭販賣賈人弦高持十二牛將賣之周見秦""，""兵恐死虜因獻其牛曰聞大國將誅鄭鄭君謹修守禦備使臣""，""""，""""（），以牛十二勞軍士",0.0,0.0,0.0,1.0,0.0
秦三將軍相謂曰將襲鄭鄭今已覺之往無及已,秦 三 將軍 相 謂 曰 ： 「 將 襲 鄭 ， 鄭 今 已 覺 之 ， 往 無 及 已 。 」,秦  三  將軍  相謂    曰  將襲    鄭  鄭  今  已覺    之  ，  往  無  及  已  。 ,0.7272727272727272,0.6666666666666666,0.7272727272727272,1.0,0.48484848484848475
滅滑,滅 滑 。,滅 滑,1.0,0.0,1.0,1.0,0.0
滑晉之邊邑也,滑 ， 晉 之 邊邑 也 。,滑晉  之  邊  邑  也  。,0.4000000000000001,0.6666666666666666,0.4000000000000001,1.0,0.2666666666666667
當是時晉文公喪尚未葬,當 是 時 ， 晉文公 喪 尚 未 葬 。,"：，""當是時晉文公喪尚未葬""。，。。""""（""""），。""""",0.0,0.6666666666666666,0.0,1.0,0.0
太子襄公怒曰秦侮我孤因喪破我滑,太子 襄公 怒 曰 ： 「 秦 侮 我 孤 ， 因 喪 破 我 滑 。 」,"，。，。：""太子襄公怒曰""，""""，""""，""""，""""（）。""秦侮我孤因喪破我滑""，""""",0.0,0.0,0.0,1.0,0.0
遂墨衰絰發兵遮秦兵於殽擊之大破秦軍無一人得脱者,遂 墨 衰絰 ， 發 兵 遮 秦兵 於 殽 ， 擊 之 ， 大 破 秦軍 ， 無 一 人 得 脱 者 。,，。，。：遂墨衰絰發兵遮秦兵於殽擊之大破秦軍無一人得脱者。、、、、、、、。,0.0,0.33333333333333337,0.0,1.0,0.0
虜秦三將以歸,虜 秦 三 將 以 歸 。,，：虜秦三將以歸。，。，。。。，,0.0,1.0,0.0,1.0,0.0
文公夫人秦女也爲秦三囚將請曰繆公之怨此三人入於骨髓願令此三人歸令我君得自快烹之,文公 夫人 ， 秦 女 也 ， 爲 秦 三 囚 將 請 曰 ： 「 繆公 之 怨 此 三 人 入 於 骨髓 ， 願 令 此 三 人 歸 ， 令 我 君 得 自 快 烹 之 。 」,文公夫人秦女也爲秦三囚將請曰繆公之怨此三人入於骨髓，願令此三人歸，令我君得自快烹之。,0.0,0.6666666666666666,0.0,1.0,0.0
晉君許之歸秦三將,晉君 許 之 ， 歸 秦 三 將 。,"：，""晉君許之歸秦三將""。，。。""""，。",0.0,0.6666666666666666,0.0,1.0,0.0
三將至繆公素服郊迎嚮三人哭曰孤以不用百里傒蹇叔言以辱三子三子何罪乎子其悉心雪恥毋怠,三 將 至 ， 繆公 素 服 郊迎 ， 嚮 三 人 哭 曰 ： 「 孤 以 不 用 百里傒 、 蹇叔 言 以 辱 三 子 ， 三 子 何 罪 乎 ？ 子 其 悉 心 雪 恥 ， 毋 怠 。 」,，：三將至繆公素服郊迎嚮三人哭曰孤以不用百里傒蹇叔言以辱三子三子何罪乎子其悉心雪恥毋怠。，。。，，。，，，,0.0,0.2222222222222222,0.0,1.0,0.0
遂復三人官秩如故愈益厚之,遂 復 三 人 官秩 如 故 ， 愈 益 厚 之 。,，：遂復三人官秩如故愈益厚之。，。。，。，。，，,0.0,0.6666666666666666,0.0,1.0,0.0
三十四年楚太子商臣弒其父成王代立,三十四年 ， 楚 太子 商臣 弒 其 父 成王 代 立 。,，。，。：三十四年，楚，太子商臣弒，（），其父成王，代立。，,0.0,0.5714285714285715,0.0,1.0,0.0
繆公於是復使孟明視等將兵伐晉戰于彭衙,繆公 於是 復 使 孟明視 等 將 兵 伐 晉 ， 戰 于 彭衙 。,，。，。：繆公於是復使孟明視等將兵伐晉戰于彭衙。，，《》。，。,0.0,0.6666666666666666,0.0,1.0,0.0
秦不利引兵歸,秦 不 利 ， 引 兵 歸 。,，：秦不利引兵歸。，。。，。，,0.0,0.6666666666666666,0.0,1.0,0.0
戎王使由余於秦,戎王 使 由余 於 秦 。,"：。""戎王使由余於秦""，《》。：- """"：，",0.0,1.0,0.0,1.0,0.0
由余其先晉人也亡入戎能晉言,由余 ， 其 先 晉人 也 ， 亡 入 戎 ， 能 晉言 。,由余 其 先 晉 人 也 亡 入 戎 能 晉 言,0.7272727272727272,0.0,0.7272727272727272,1.0,0.0
聞繆公賢故使由余觀秦,聞 繆公 賢 ， 故 使 由余 觀 秦 。,，。，。：聞繆公賢故使由余觀秦。，。。：,0.0,0.6666666666666666,0.0,1.0,0.0
秦繆公示以宫室積聚,秦繆公 示 以 宫室 、 積聚 。,秦 繆公  示  以宫  室  積  聚  。,0.16666666666666666,0.6666666666666666,0.16666666666666666,1.0,0.1111111111111111
由餘曰使鬼為之則勞神矣,由餘 曰 ： 使 鬼 為 之 ， 則 勞 神 矣 。,，：由餘曰使鬼為之則勞神矣。，。。，。，。，,0.0,0.5,0.0,1.0,0.0
使人為之則勞民矣,使 人 為 之 ， 則 勞 民 矣 。,使人為之則勞民矣,0.0,0.0,0.0,1.0,0.0
繆公怪之問曰中國以詩書禮樂法度爲政然尚時亂今戎夷無此何以爲治不亦難乎,繆公 怪 之 ， 問 曰 ： 「 中國 以 詩 書 禮 樂 法度 爲 政 ， 然 尚 時 亂 ， 今 戎夷 無 此 ， 何 以 爲 治 ， 不 亦 難 乎 ？ 」,繆公怪之問曰中國以詩書禮樂法度爲政然尚時亂今戎夷無此何以爲治不亦難乎,0.0,0.0,0.0,1.0,0.0
由余笑曰此乃中國所以亂也夫自上聖黄帝作爲禮樂法度身以先之僅以小治及其後世日以驕淫阻法度之威以責督於下下罷極則以仁義怨望於上上下交争怨而相篡弒至於滅宗皆以此類也夫戎夷不然上含淳德以遇其下下懷忠信以事其上一國之政猶一身之治不知所以治此真聖人之治也,由余 笑 曰 ： 「 此 乃 中國 所 以 亂 也 。 夫 自 上聖 黄帝 作 爲 禮 樂 法度 ， 身 以 先 之 ， 僅 以 小 治 。 及 其 後世 ， 日 以 驕 淫 。 阻 法度 之 威 ， 以 責 督 於 下 ， 下 罷 極 則 以 仁義 怨望 於 上 ， 上 下 交 争 怨 而 相 篡 弒 ， 至 於 滅 宗 ， 皆 以 此 類 也 。 夫 戎夷 不 然 。 上 含 淳 德 以 遇 其 下 ， 下 懷 忠 信 以 事 其 上 ， 一 國 之 政 猶 一 身 之 治 ， 不 知 所 以 治 ， 此 真 聖人 之 治 也 。 」,由余  笑  曰  此  乃  中國  所以亂      也  夫  自  上  聖  黄帝  作  爲禮樂      法度  身以    先  之僅以      小  治  及  其  後世  日以    驕  淫  阻  法度  之  威以    責  督  於  下  下  罷  極  則以    仁義    怨  望  於  上  上  下  交  争  怨  而  相  篡  弒  至  於滅    宗  皆以    此  類  也  夫  戎  夷不然上含淳德以遇其下下懷忠信以事其上一國之政猶一身之治不知所以治此真聖人之治也 ,0.5549132947976878,0.0,0.5549132947976878,1.0,0.0
於是繆公退而問内史廖曰孤聞鄰國有聖人敵國之憂也今由余賢寡人之害將柰之何,於是 繆公 退 而 問 内史 廖 曰 ： 「 孤 聞 鄰國 有 聖人 ， 敵國 之 憂 也 。 今 由余 賢 ， 寡人 之 害 ， 將 柰 之 何 ？ 」,於 是 繆 公 退 而 問 内 史 廖 曰 孤 聞 鄰 國 有 聖 人 敵 國 之 憂 也 今 由 余 賢 寡 人 之 害 將柰  之 何,0.5573770491803278,0.0,0.5573770491803278,1.0,0.0
内史廖曰戎王處辟匿未聞中國之聲君試遺其女樂以奪其志爲由余請以疏其閒留而莫遣以失其期戎王怪之必疑由余君臣有閒乃可虜也且戎王好樂必怠於政,内史 廖 曰 ： 「 戎王 處 辟匿 ， 未 聞 中國 之 聲 。 君 試 遺 其 女 樂 ， 以 奪 其 志 ； 爲 由余 請 ， 以 疏 其 閒 ； 留 而 莫 遣 ， 以 失 其 期 。 戎王 怪 之 ， 必 疑 由余 。 君 臣 有 閒 ， 乃 可 虜 也 。 且 戎王 好 樂 ， 必 怠 於 政 。 」,内史廖 曰 戎王 處 辟匿 未聞  中國 之聲  君 試遺  其 女 樂 以奪  其 志 爲 由 余 請 以 疏 其閒  留 而 莫 遣 以 失 其 期 戎王 怪 之 必 疑 由 余 君 臣 有閒  乃 可 虜 也 且 戎王 好 樂 必 怠 於 政,0.7567567567567567,0.0,0.7567567567567567,1.0,0.0
繆公曰善,繆公 曰 ： 「 善 。 」,，：繆公曰善。，。，，，。，,0.0,0.6666666666666666,0.0,1.0,0.0
因與由余曲席而坐傳器而食問其地形與其兵勢盡詧而後令内史廖以女樂二八遺戎王,因 與 由余 曲 席 而 坐 ， 傳 器 而 食 ， 問 其 地 形 與 其 兵勢 盡 詧 ， 而後 令 内史 廖 以 女 樂 二八 遺 戎王 。,因 與 由余 曲席 而 坐 傳 器 而 食 問 其 地形 與 其 兵勢盡詧   而 後 令 内史廖 以 女樂 二八 遺 戎王,0.6545454545454547,0.0,0.6545454545454547,1.0,0.0
戎王受而説之終年不還,戎王 受 而 説 之 ， 終 年 不 還 。,"，。""戎王""，""受而""，""説之""（，""""），，""終年""，""不還""。，",0.0,0.5714285714285715,0.0,1.0,0.0
於是秦乃歸由余,於是 秦 乃 歸 由余 。,於 是 秦  乃歸   由余  。,0.4000000000000001,1.0,0.4000000000000001,1.0,0.4000000000000001
由余數諫不聽繆公又數使人閒要由余由余遂去降秦,由余 數 諫 不 聽 ， 繆公 又 數 使 人 閒 要 由余 ， 由余 遂 去 降 秦 。,由 余 數 諫 不聽  繆 公 又 數 使 人閒  要 由 余 由 余 遂 去 降 秦,0.5263157894736842,0.0,0.5263157894736842,1.0,0.0
繆公以客禮禮之問伐戎之形,繆公 以 客禮 禮 之 ， 問 伐 戎 之 形 。,繆公以客禮禮之問伐戎之形。,0.0,0.6666666666666666,0.0,1.0,0.0
三十六年繆公復益厚孟明等使將兵伐晉渡河焚船大敗晉人取王官及鄗以報殽之役,三十六年 ， 繆公 復 益 厚 孟明 等 ， 使 將 兵 伐 晉 ， 渡 河 焚 船 ， 大 敗 晉人 ， 取 王官 及 鄗 ， 以 報 殽 之 役 。,三 十 六 年 繆 公 復 益 厚 孟 明 等  使 將 兵 伐 晉 渡 河 焚 船 大 敗 晉 人 取 王 官 及鄗   以 報 殽 之 役 ,0.6774193548387097,0.0,0.6774193548387097,1.0,0.0
晉人皆城守不敢出,晉人 皆 城守 不 敢 出 。,晉人皆城守不敢出，。，。，，。，、，,0.0,1.0,0.0,1.0,0.0
於是繆公乃自茅津渡河封殽中尸爲發喪哭之三日,於是 繆公 乃 自 茅津 渡 河 ， 封 殽 中 尸 ， 爲 發喪 ， 哭 之 三 日 。,於 是 繆 公 乃 自 茅 津 渡 河 封殽  中 尸 爲 發喪  哭 之 三 日,0.6666666666666667,0.0,0.6666666666666667,1.0,0.0
乃誓於軍曰嗟士卒聽無譁余誓告汝古之人謀黄髮番番則無所過,乃 誓 於 軍 曰 ： 「 嗟 士卒 ！ 聽 無 譁 ， 余 誓 告 汝 。 古 之 人 謀 黄髮 番番 ， 則 無 所 過 。 」,"，。，。""乃誓於軍曰""，""""，""""，""""。""嗟士卒聽無譁余誓告汝古之人謀黄髮番番則無所過""，",0.0,0.0,0.0,1.0,0.0
以申思不用蹇叔百里傒之謀故作此誓令後世以記余過,以 申 思 不 用 蹇叔 、 百里傒 之 謀 ， 故 作 此 誓 ， 令 後世 以 記 余 過 。,以 申 思 不 用 蹇叔 百里傒 之謀  故 作 此 誓 令 後 世 以 記 余 過,0.8421052631578947,0.0,0.8421052631578947,1.0,0.0
君子聞之皆爲垂涕曰嗟乎秦繆公之與人周也卒得孟明之慶,君子 聞 之 ， 皆 爲 垂 涕 ， 曰 ： 「 嗟乎 ！ 秦繆公 之 與 人 周 也 ， 卒 得 孟明 之 慶 。 」,，。，。：君子聞之皆爲垂涕曰嗟乎秦繆公之與人周也卒得孟明之慶。，。，，。，,0.0,0.2857142857142857,0.0,1.0,0.0
三十七年秦用由余謀伐戎王益國十二開地千里遂霸西戎,三十七年 ， 秦 用 由余 謀 伐 戎王 ， 益 國 十二 ， 開 地 千 里 ， 遂 霸 西戎 。,，。，。，，。，（）、，-，。，。：三十七年秦用由余謀伐戎王益國十二開地千里遂霸西戎,0.0,0.0,0.0,1.0,0.0
天子使召公過賀繆公以金鼓,天子 使 召公 過 賀 繆公 以 金鼓 。,，。，。：- 天子 ，，。- 使 ，，。- 召公過賀繆公以金鼓 ，（,0.36363636363636365,0.0,0.36363636363636365,1.0,0.0
三十九年繆公卒葬雍,三十九年 ， 繆公 卒 ， 葬 雍 。,"：，""三十九年繆公卒葬雍""。，、。，。- """"：，",0.0,0.5,0.0,1.0,0.0
從死者百七十七人秦之良臣子輿氏三人名曰奄息仲行鍼虎亦在從死之中,從 死 者 百七十七 人 ， 秦 之 良 臣 子輿氏 三 人 名 曰 奄息 、 仲行 、 鍼虎 ， 亦 在 從 死 之 中 。,，。，。，，。，、，。，。：從死者百七十七人秦之良臣子輿氏三人名曰奄息仲行鍼虎亦在從死之中,0.0,0.0,0.0,1.0,0.0
秦人哀之爲作歌黄鳥之詩,秦人 哀 之 ， 爲 作 歌 黄鳥 之 詩 。,，：秦人哀之爲作歌黄鳥之詩。，。。，。，。：- ,0.0,0.6666666666666666,0.0,1.0,0.0
君子曰秦繆公廣地益國東服彊晉西霸戎夷然不爲諸侯盟主亦宜哉死而弃民收其良臣而從死且先王崩尚猶遺德垂法況奪之善人良臣百姓所哀者乎是以知秦不能復東征也,君子 曰 ： 「 秦繆公 廣 地 益 國 ， 東 服 彊 晉 ， 西 霸 戎夷 ， 然 不 爲 諸侯 盟主 ， 亦 宜 哉 。 死 而 弃 民 ， 收 其 良 臣 而 從 死 。 且 先王 崩 ， 尚 猶 遺 德 垂 法 ， 況 奪 之 善 人 良 臣 百姓 所 哀 者 乎 ？ 是以 知 秦 不 能 復 東 征 也 。 」,君子曰秦繆公廣地益國東服彊晉西霸戎夷然不爲諸侯盟主亦宜哉死而弃民收其良臣而從死且先王崩尚猶遺德垂法況奪之善人良臣百姓所哀者乎是以知秦不能復東征也,0.0,0.0,0.0,1.0,0.0
繆公子四十人其太子罃代立是爲康公,繆公 子 四十 人 ， 其 太子 罃 代 立 ， 是 爲 康公 。,"，。，。：- ""繆公子四十人""：，""""，""""。，。- ""其太子罃代立是爲康公",0.0,0.0,0.0,1.0,0.0
康公元年,康公 元年 。,康公 元年,1.0,0.0,1.0,1.0,0.0
往歲繆公之卒晉襄公亦卒襄公之弟名雍秦出也在秦,往歲 繆公 之 卒 ， 晉襄公 亦 卒 ； 襄公 之 弟 名 雍 ， 秦 出 也 ， 在 秦 。,"往歲繆。：，""公之卒晉""（）、""襄公亦卒""（），""襄公之弟名雍秦出也在秦""：""""（",0.0,0.0,0.0,1.0,0.0
晉趙盾欲立之使隨會來迎雍秦以兵送至令狐,晉 趙盾 欲 立 之 ， 使 隨會 來 迎 雍 ， 秦 以 兵 送 至 令狐 。,晉 趙盾 欲 立 之  使 隨會 來 迎  雍 秦  以 兵 送 至  令狐  ,1.0,0.0,1.0,1.0,0.0
晉立襄公子而反擊秦師秦師敗隨會來奔,晉 立 襄公 子 而 反 擊 秦師 ， 秦師 敗 ， 隨會 來 奔 。,"，。，。：- ""晉立襄公子而反擊秦師秦師敗隨會來奔""，（）。""""，，；""""，",0.0,0.5,0.0,1.0,0.0
二年秦伐晉取武城報令狐之役,二年 ， 秦 伐 晉 ， 取 武城 ， 報 令狐 之 役 。,，。：二年秦伐晉取武城報令狐之役。：- （），，。- ，，,0.0,0.4,0.0,1.0,0.0
四年晉伐秦取少梁,四年 ， 晉 伐 秦 ， 取 少梁 。,，：四年晉伐秦取少梁。，。。，。，。？,0.0,0.5,0.0,1.0,0.0
六年秦伐晉取羈馬,六年 ， 秦 伐 晉 ， 取 羈馬 。,"：，""六年秦伐晉取羈馬""。，、。，：，。：- """" （）",0.0,0.5,0.0,1.0,0.0
戰於河曲大敗晉軍,戰 於 河曲 ， 大 敗 晉軍 。,戰 於 河 曲 大敗  晉 軍 。,0.30769230769230765,0.6666666666666666,0.30769230769230765,1.0,0.2051282051282051
晉人患隨會在秦爲亂乃使魏讎餘詳反合謀會詐而得會會遂歸晉,晉人 患 隨會 在 秦 爲 亂 ， 乃 使 魏讎餘 詳 反 ， 合 謀 會 ， 詐 而 得 會 ， 會 遂 歸 晉 。,晉人 患 隨 會 在 秦 爲 亂 乃 使 魏 讎 餘 詳 反 合 謀 會 詐 而 得 會 會 遂歸  晉,0.7916666666666667,0.0,0.7916666666666667,1.0,0.0
康公立十二年卒子共公立,康公 立 十二 年 卒 ， 子 共公 立 。,"：，""康公立十二年卒子共公立""。，。。""""（），。",0.0,0.6666666666666666,0.0,1.0,0.0
共公二年晉趙穿弒其君靈公,共公 二年 ， 晉 趙穿 弒 其 君 靈公 。,"    """": ""共公 二 年 晉 趙 穿 弒 其 君靈 公""",0.4444444444444445,0.0,0.4444444444444445,1.0,0.0
三年楚莊王彊北兵至雒問周鼎,三年 ， 楚莊王 彊 ， 北 兵 至 雒 ， 問 周鼎 。,三 年 楚 莊 王 彊 北 兵 至 雒 問 周 鼎,0.5454545454545455,0.0,0.5454545454545455,1.0,0.0
共公立五年卒子桓公立,共公 立 五 年 卒 ， 子 桓公 立 。,"：，""共公立五年卒子桓公立""。，。。""""（），。",0.0,0.6666666666666666,0.0,1.0,0.0
桓公三年晉敗我一將,桓公 三年 ， 晉 敗 我 一 將 。,"，。""桓公三年"" ，。 ""晉敗我一將""，：。，《》，《》",0.0,0.5,0.0,1.0,0.0
十年楚莊王服鄭北敗晉兵於河上,十年 ， 楚莊王 服 鄭 ， 北 敗 晉兵 於 河 上 。,"：，""十年楚莊王服鄭北敗晉兵於河上""。，、。。- """"，，。- ",0.0,0.5,0.0,1.0,0.0
當是之時楚霸爲會盟合諸侯,當 是 之 時 ， 楚 霸 ， 爲 會盟 合 諸侯 。,，：當是之時楚霸爲會盟合諸侯。，。。，。，。，，,0.0,0.5,0.0,1.0,0.0
二十四年晉厲公初立與秦桓公夾河而盟,二十四年 ， 晉厲公 初 立 ， 與 秦桓公 夾 河 而 盟 。,"，。，。：- ""二十四年""，，。- ""晉厲公初立與秦桓""，""""，""公夾河而盟""，，",0.16666666666666669,0.0,0.0,1.0,0.0
歸而秦倍盟與翟合謀擊晉,歸 而 秦 倍 盟 ， 與 翟 合謀 擊 晉 。,"：，""歸而秦倍盟與翟合謀擊晉""。，。。""""，，。""""",0.0,0.6666666666666666,0.0,1.0,0.0
二十六年晉率諸侯伐秦秦軍敗走追至涇而還,二十六年 ， 晉 率 諸侯 伐 秦 ， 秦軍 敗 走 ， 追 至 涇 而 還 。,，。，。，，。，、，。，。：二十六年晉率諸侯伐秦秦軍敗走追至涇而還,0.0,0.0,0.0,1.0,0.0
桓公立二十七年卒子景公立,桓公 立 二十七 年 卒 ， 子 景公 立 。,"，。，《》。""桓公立二十七年卒子景公立""，""""。，：- """,0.0,0.6666666666666666,0.0,1.0,0.0
景公四年晉欒書弒其君厲公,景公 四年 ， 晉 欒書 弒 其 君 厲公 。,，。：景公四年，晉，欒書，弒，其君厲公。，，《,0.0,0.5714285714285715,0.0,1.0,0.0
十五年救鄭敗晉兵於櫟,十五年 ， 救 鄭 ， 敗 晉兵 於 櫟 。,"：，""十五年救鄭敗晉兵於櫟""。，、。。- """"，。，",0.0,0.5,0.0,1.0,0.0
是時晉悼公爲盟主,是 時 晉悼公 爲 盟主 。,是 時  晉  悼公  爲  盟主  。,0.7272727272727272,1.0,0.7272727272727272,1.0,0.7272727272727272
十八年晉悼公彊數會諸侯率以伐秦敗秦軍,十八年 ， 晉悼公 彊 ， 數 會 諸侯 ， 率 以 伐 秦 ， 敗 秦軍 。,，。，。：- 十八年：，。，，。- 晉悼公彊數會諸侯率以伐秦敗秦軍：，,0.14285714285714285,0.0,0.0,1.0,0.0
秦軍走晉兵追之遂渡涇至棫林而還,秦軍 走 ， 晉兵 追 之 ， 遂 渡 涇 ， 至 棫林 而 還 。,"，。：秦軍走晉兵追之遂渡涇至棫林而還。（""""），（""""），（""""，""""），（",0.0,0.4,0.0,1.0,0.0
二十七年景公如晉與平公盟已而背之,二十七年 ， 景公 如 晉 ， 與 平公 盟 ， 已而 背 之 。,二十七年景公如晉與平公盟已而背之。,0.0,0.4,0.0,1.0,0.0
三十六年楚公子圍弒其君而自立是爲靈王,三十六年 ， 楚 公子 圍 弒 其 君 而 自 立 ， 是 爲 靈王 。,，。，。：三十六年，楚公子圍（），弒其君，而自立，是爲靈王。，,0.0,0.7499999999999999,0.0,1.0,0.0
景公母弟后子鍼有寵景公母弟富或譖之恐誅乃奔晉車重千乘,景公 母弟 后子鍼 有 寵 ， 景公 母弟 富 ， 或 譖 之 ， 恐 誅 ， 乃 奔 晉 ， 車 重 千 乘 。,景公 母弟 后子 鍼 有寵  景公 母弟 富 或譖  之 恐 誅 乃 奔 晉 車 重 千 乘,0.7692307692307692,0.0,0.7692307692307692,1.0,0.0
晉平公曰后子富如此何以自亡,晉平公 曰 ： 「 后子 富 如 此 ， 何 以 自 亡 ？ 」,"，。，。：""晉平公曰""，，。""后子富如此何以自亡""，""""（），""""，",0.0,0.0,0.0,1.0,0.0
對曰秦公無道畏誅欲待其後世乃歸,對 曰 ： 「 秦公 無 道 ， 畏 誅 ， 欲 待 其 後世 乃 歸 。 」,對 曰 秦公 無道 畏 誅 欲 待 其 後世 乃歸 ,0.7500000000000001,0.0,0.7500000000000001,1.0,0.0
三十九年楚靈王彊會諸侯於申爲盟主殺齊慶封,三十九年 ， 楚靈王 彊 ， 會 諸侯 於 申 ， 爲 盟主 ， 殺 齊 慶封 。,三十九年楚靈王彊會諸侯於申爲盟主殺齊慶封，。，。，，。，（）、，-，。，。：,0.0,0.33333333333333337,0.0,1.0,0.0
景公立四十年卒子哀公立,景公 立 四十 年 卒 ， 子 哀公 立 。,景公立四十年卒子哀公立，。，。，，。，，。，,0.0,0.6666666666666666,0.0,1.0,0.0
后子復來歸秦,后子 復 來 歸 秦 。,，。，。，，。后子復來歸秦，、，,0.0,0.0,0.0,1.0,0.0
哀公八年楚公子弃疾弒靈王而自立是爲平王,哀公 八年 ， 楚 公子 弃疾 弒 靈王 而 自 立 ， 是 爲 平王 。,哀公 八年 楚 公子 弃疾 弒靈 王 而 自立 是爲   平王,0.5833333333333334,0.0,0.5833333333333334,1.0,0.0
十一年楚平王來求秦女爲太子建妻,十一年 ， 楚平王 來 求 秦 女 爲 太子 建 妻 。,"：，""十一年楚平王來求秦女爲太子建妻""。，。。""""（），。",0.0,0.6666666666666666,0.0,1.0,0.0
至國女好而自娶之,至 國 ， 女 好 而 自 娶 之 。,至 國 女 好 而 自娶  之,0.7999999999999999,0.0,0.7999999999999999,1.0,0.0
十五年楚平王欲誅建建亡伍子胥奔吴,十五年 ， 楚平王 欲 誅 建 ， 建 亡 ； 伍子胥 奔 吴 。,十五年 楚 平王 欲 誅 建 建 亡 伍子胥 奔 吴,0.8571428571428572,0.0,0.8571428571428572,1.0,0.0
晉公室卑而六卿彊欲内相攻是以久秦晉不相攻,晉 公室 卑 而 六 卿 彊 ， 欲 内 相 攻 ， 是以 久 秦 晉 不 相 攻 。,晉 公室 卑 而 六卿 彊 欲 内 相 攻 是 以 久 秦 晉 不 相 攻,0.8333333333333334,0.0,0.8333333333333334,1.0,0.0
三十一年吴王闔閭與伍子胥伐楚楚王亡奔隨吴遂入郢,三十一年 ， 吴王 闔閭 與 伍子胥 伐 楚 ， 楚王 亡 奔 隨 ， 吴 遂 入 郢 。,，：三十一年吴王闔閭與伍子胥伐楚楚王亡奔隨吴遂入郢。，。。，，，，。,0.0,0.4,0.0,1.0,0.0
楚大夫申包胥來告急七日不食日夜哭泣,楚 大夫 申包胥 來 告急 ， 七 日 不 食 ， 日夜 哭 泣 。,，。：楚大夫申包胥來告急，七日不食，日夜哭泣。，，《》。，。。，,0.0,1.0,0.0,1.0,0.0
於是秦乃發五百乘救楚敗吴師,於是 秦 乃 發 五百 乘 救 楚 ， 敗 吴師 。,"：，""於是秦乃發五百乘救楚敗吴師""。，。，。""""，，""""。",0.0,0.6666666666666666,0.0,1.0,0.0
吴師歸楚昭王乃得復入郢,吴師 歸 ， 楚昭王 乃 得 復 入 郢 。,，。：吴師歸楚昭王乃得復入郢。，，，，，，,0.0,0.6666666666666666,0.0,1.0,0.0
哀公立三十六年卒,哀公 立 三十六 年 卒 。,哀公立三十六年卒，。，。，，。，、，,0.0,1.0,0.0,1.0,0.0
太子夷公夷公蚤死不得立立夷公子是爲惠公,太子 夷公 ， 夷公 蚤 死 ， 不 得 立 ， 立 夷公 子 ， 是 爲 惠公 。,太 子 夷 公  夷 公 蚤 死 不 得 立  立 夷 公 子 是  爲 惠 公 ,0.5454545454545454,0.0,0.5454545454545454,1.0,0.0
惠公元年孔子行魯相事,惠公 元年 ， 孔子 行 魯 相 事 。,"，。，《》。""惠公元年"" ，。 ""孔子行魯相事""，。",0.0,0.5,0.0,1.0,0.0
五年晉卿中行范氏反晉晉使智氏趙簡子攻之范中行氏亡奔齊,五年 ， 晉 卿 中行 、 范氏 反 晉 ， 晉 使 智氏 、 趙簡子 攻 之 ， 范 、 中行氏 亡 奔 齊 。,，。，。：五年晉卿中行范氏反晉晉使智氏趙簡子攻之范中行氏亡奔齊。：（），，，,0.0,0.25,0.0,1.0,0.0
惠公立十年卒子悼公立,惠公 立 十 年 卒 ， 子 悼公 立 。,惠公立十年卒子悼公立，。，。，，。，、，。,0.0,0.6666666666666666,0.0,1.0,0.0
悼公二年齊臣田乞弒其君孺子立其兄陽生是爲悼公,悼公 二年 ， 齊 臣 田乞 弒 其 君 孺子 ， 立 其 兄 陽生 ， 是 爲 悼公 。,"：，""悼公二年齊臣田乞弒其君孺子立其兄陽生是爲悼公""。，。。""""，""""（）""""（",0.0,0.4,0.0,1.0,0.0
六年吴敗齊師,六年 ， 吴 敗 齊師 。,，：六年吴敗齊師。，。，，。：- ，，,0.0,0.6666666666666666,0.0,1.0,0.0
齊人弒悼公立其子簡公,齊人 弒 悼公 ， 立 其 子 簡公 。,，。：齊人弒悼公立其子簡公。，，，，。,0.0,0.6666666666666666,0.0,1.0,0.0
九年晉定公與吴王夫差盟争長於黄池卒先吴,九年 ， 晉定公 與 吴王 夫差 盟 ， 争 長 於 黄池 ， 卒 先 吴 。,九 年 晉 定 公 與             吴王夫差盟争長於黄池卒先吴,0.1,0.0,0.1,1.0,0.0
吴彊陵中國,吴 彊 ， 陵 中國 。,，：吴彊陵中國。，。，，，，，,0.0,0.6666666666666666,0.0,1.0,0.0
十二年齊田常弒簡公立其弟平公常相之,十二年 ， 齊 田常 弒 簡公 ， 立 其 弟 平公 ， 常 相 之 。,十 二 年 齊 田 常 弒 簡 公  立 其 弟 平 公  常 相 之 ,0.5517241379310345,0.0,0.5517241379310345,1.0,0.0
十三年楚滅陳,十三年 ， 楚 滅 陳 。,，：十三年楚滅陳。，。。，。？,0.0,0.6666666666666666,0.0,1.0,0.0
秦悼公立十四年卒子厲共公立,秦悼公 立 十四 年 卒 ， 子 厲共公 立 。,，。，。：秦悼公立十四年卒，（）。子厲共公立。，。，，,0.0,0.5,0.0,1.0,0.0
孔子以悼公十二年卒,孔子 以 悼公 十二年 卒 。,孔 子  以  悼 公 十 二 年  卒  。,0.2857142857142857,1.0,0.2857142857142857,1.0,0.2857142857142857
厲共公二年蜀人來賂,厲共公 二年 ， 蜀人 來 賂 。,"：，""厲共公二年蜀人來賂""。，""""（）、""""（）、""""（）、""""（）。，",0.0,0.6666666666666666,0.0,1.0,0.0
十六年壍河旁,十六年 ， 壍 河 旁 。,，：十六年壍河旁。，。，，。，,0.0,0.6666666666666666,0.0,1.0,0.0
以兵二萬伐大荔取其王城,以 兵 二萬 伐 大荔 ， 取 其 王城 。,"：，""以兵二萬伐大荔取其王城""。，。。""""（""""），。""""",0.0,0.6666666666666666,0.0,1.0,0.0
二十一年初縣頻陽,二十一年 ， 初 縣 頻陽 。,，。，。：二十一年初縣頻陽。，，《》。，,0.0,0.6666666666666666,0.0,1.0,0.0
晉取武成,晉 取 武成 。,，：晉取武成。，。。，。，。：、,0.0,1.0,0.0,1.0,0.0
二十四年晉亂殺智伯分其國與趙韓魏,二十四年 ， 晉 亂 ， 殺 智伯 ， 分 其 國 與 趙 、 韓 、 魏 。,"，。，。：- ""二十四年""，（），，。- ""晉亂殺智伯分其國與趙韓魏""，，",0.14285714285714285,0.0,0.0,1.0,0.0
二十五年智開與邑人來奔,二十五年 ， 智開 與 邑人 來 奔 。,"，。，《》。""二十五年"" ，。""智開與邑""，人來奔，""""",0.25,0.0,0.0,1.0,0.0
三十三年伐義渠虜其王,三十三年 ， 伐 義渠 ， 虜 其 王 。,"：，""三十三年伐義渠虜其王""。，：。，：，。：- """"（",0.0,0.5,0.0,1.0,0.0
三十四年日食,三十四年 ， 日食 。,三十四年日食，。，，。，（）、，-:、。，,0.0,0.6666666666666666,0.0,1.0,0.0
厲共公卒子躁公立,厲共公 卒 ， 子 躁公 立 。,厲共公卒子躁公立，。，。，，。，、，,0.0,0.6666666666666666,0.0,1.0,0.0
躁公二年南鄭反,躁公 二年 ， 南鄭 反 。,躁公二年南鄭反。,0.0,0.6666666666666666,0.0,1.0,0.0
十三年義渠來伐至渭南,十三年 ， 義渠 來 伐 ， 至 渭南 。,"：，""十三年義渠來伐至渭南""。，、。。- """"，，。- """,0.0,0.5,0.0,1.0,0.0
十四年躁公卒立其弟懷公,十四年 ， 躁公 卒 ， 立 其 弟 懷公 。,"：，""十四年躁公卒立其弟懷公""。，。。：""""（），",0.0,0.5,0.0,1.0,0.0
懷公四年庶長鼂與大臣圍懷公懷公自殺,懷公 四年 ， 庶長鼂 與 大臣 圍 懷公 ， 懷公 自 殺 。,，。，《》。：懷公四年庶長鼂與大臣圍懷公懷公自殺。，。，：- ：  ,0.0,0.5,0.0,1.0,0.0
懷公太子曰昭子蚤死大臣乃立太子昭子之子是爲靈公,懷公 太子 曰 昭子 ， 蚤 死 ， 大臣 乃 立 太子 昭子 之 子 ， 是 爲 靈公 。,懷公 太子 曰  昭子 蚤 死大  臣 乃 立 太子  昭子 之 子 是  爲  靈公,0.875,0.0,0.875,1.0,0.0
靈公懷公孫也,靈公 ， 懷公 孫 也 。,靈公懷公孫也，。，。，，。，、，,0.0,0.6666666666666666,0.0,1.0,0.0
靈公六年晉城少梁秦擊之,靈公 六年 ， 晉 城 少梁 ， 秦 擊 之 。,，：靈公六年晉城少梁秦擊之。，。。，。，。,0.0,0.5,0.0,1.0,0.0
十三年城籍姑,十三年 ， 城 籍姑 。,十三年城籍姑，。，。，，。，、，,0.0,0.6666666666666666,0.0,1.0,0.0
靈公卒子獻公不得立立靈公季父悼子是爲簡公,靈公 卒 ， 子 獻公 不 得 立 ， 立 靈公 季父 悼子 ， 是 爲 簡公 。,，。，。，：靈公卒子獻公不得立立靈公季父悼子是爲簡公。，。。，,0.0,0.4,0.0,1.0,0.0
簡公昭子之弟而懷公子也,簡公 ， 昭子 之 弟 而 懷公 子 也 。,簡公 昭子 之 弟 而 懷 公子 也,0.75,0.0,0.75,1.0,0.0
簡公六年令吏初帶劍,簡公 六年 ， 令 吏 初 帶 劍 。,簡公 六年 令 吏 初 帶劍 ,0.7692307692307692,0.0,0.7692307692307692,1.0,0.0
壍洛,壍 洛 。,壍 洛,1.0,0.0,1.0,1.0,0.0
城重泉,城 重泉 。,城 重泉,1.0,0.0,1.0,1.0,0.0
十六年卒子惠公立,十六年 卒 ， 子 惠公 立 。,十六年卒子惠公立，。，。，，。，、，,0.0,0.6666666666666666,0.0,1.0,0.0
惠公十二年子出子生,惠公 十二年 ， 子 出子 生 。,，：惠公十二年子出子生。，。，，。。，,0.0,0.6666666666666666,0.0,1.0,0.0
十三年伐蜀取南鄭,十三年 ， 伐 蜀 ， 取 南鄭 。,"：，""十三年伐蜀取南鄭""。，、。，，""""。，：",0.0,0.5,0.0,1.0,0.0
惠公卒出子立,惠公 卒 ， 出子 立 。,惠公卒出子立，。，。，，。，、，,0.0,0.6666666666666666,0.0,1.0,0.0
出子二年庶長改迎靈公之子獻公于河西而立之,出子 二年 ， 庶長改 迎 靈公 之 子 獻公 于 河 西 而 立 之 。,出 子 二 年 庶 長 改 迎靈  公 之 子 獻 公 于 河 西 而 立 之,0.48484848484848486,0.0,0.48484848484848486,1.0,0.0
殺出子及其母沈之淵旁,殺 出子 及 其 母 ， 沈 之 淵 旁 。,"：，""殺出子及其母沈之淵旁""。，。。""""，""""。",0.0,0.6666666666666666,0.0,1.0,0.0
秦以往者數易君君臣乖亂故晉復彊奪秦河西地,秦 以 往 者 數 易 君 ， 君 臣 乖亂 ， 故 晉 復 彊 ， 奪 秦 河 西 地 。,秦  以  往  者  數  易  君  君  臣  乖  亂  故  晉  復  彊奪    秦  河西  地  。,0.7567567567567567,0.4,0.7567567567567567,1.0,0.3027027027027027
獻公元年止從死,獻公 元年 ， 止 從 死 。,"：，""獻公元年止從死""。，""""（）、""""（）、""""（）、""""（）。，。- """,0.0,0.6666666666666666,0.0,1.0,0.0
二年城櫟陽,二年 ， 城 櫟陽 。,二 年 城 櫟陽 ,0.5714285714285715,0.0,0.5714285714285715,1.0,0.0
四年正月庚寅孝公生,四年 正月 庚寅 ， 孝公 生 。,四年正月庚寅孝公生，。，。，，。，，、,0.0,0.6666666666666666,0.0,1.0,0.0
十一年周太史儋見獻公曰周故與秦國合而别别五百歲復合合七十七歲而王出,十一年 ， 周 太史 儋 見 獻公 曰 ： 「 周 故 與 秦國 合 而 别 ， 别 五百 歲 復 合 ， 合 （ 七 ） 十七 歲 而 王 出 。 」,十一年 周 太史儋 見 獻公 曰 周 故 與 秦 國 合 而 别别  五 百        歲復合合七十七歲 而 王 出,0.5652173913043479,0.0,0.5652173913043479,1.0,0.0
十六年桃冬花,十六年 ， 桃 冬 花 。,十六年桃冬花，。，。，，。，、，,0.0,0.6666666666666666,0.0,1.0,0.0
十八年雨金櫟陽,十八年 ， 雨 金 櫟陽 。,十八 年 雨 金 櫟陽 ,0.6666666666666665,0.0,0.6666666666666665,1.0,0.0
二十一年與晉戰於石門斬首六萬天子賀以黼黻,二十一年 ， 與 晉 戰 於 石門 ， 斬 首 六萬 ， 天子 賀 以 黼黻 。,，。，。，，。，、，。，。：二十一年與晉戰於石門斬首六萬天子賀以黼黻,0.0,0.0,0.0,1.0,0.0
二十三年與魏晉戰少梁虜其將公孫痤,二十三年 ， 與 魏晉 戰 少梁 ， 虜 其 將 公孫痤 。,，。，。：- 二十三年：，。，，。- 與魏晉戰少梁虜其將公孫痤：，，（,0.1818181818181818,0.0,0.0,1.0,0.0
二十四年獻公卒子孝公立年已二十一歲矣,二十四年 ， 獻公 卒 ， 子 孝公 立 ， 年 已 二十一 歲 矣 。,"。：""二十四年"" ，（），；""獻公卒"" ，""""，，；""子孝公立年已二十一歲矣"" ",0.14285714285714288,0.5714285714285715,0.0,1.0,0.08163265306122451
孝公元年河山以東彊國六與齊威楚宣魏惠燕悼韓哀趙成侯並,孝公 元年 ， 河 山 以 東 彊 國 六 ， 與 齊威 、 楚宣 、 魏惠 、 燕悼 、 韓哀 、 趙成侯 並 。,"，。，。""孝公元年""，，。""河山以東彊""，，。，""國六""（）、""與""（）、""齊威楚宣魏惠燕悼韓哀趙成侯並""（）、",0.0,0.0,0.0,1.0,0.0
淮泗之閒小國十餘,淮 泗 之 閒 小 國 十餘 。,淮泗  之閒    小國  十餘 ,0.18181818181818182,0.0,0.18181818181818182,1.0,0.0
楚魏與秦接界,楚 、 魏 與 秦 接 界 。,，：楚魏與秦接界。，。。，。，。？,0.0,0.6666666666666666,0.0,1.0,0.0
魏築長城自鄭濱洛以北有上郡,魏 築 長城 ， 自 鄭 濱 洛 以 北 ， 有 上郡 。,魏 築 長城 自 鄭 濱 洛 以 北 有 上 郡,0.8695652173913043,0.0,0.8695652173913043,1.0,0.0
楚自漢中南有巴黔中,楚 自 漢中 ， 南 有 巴 、 黔中 。,"：""楚自漢中南有巴黔中""。，""""，。""""，""""，。""",0.0,0.5,0.0,1.0,0.0
周室微諸侯力政争相併,周室 微 ， 諸侯 力 政 ， 争 相 併 。,"：，""周室微諸侯力政争相併""。，。。""""（），。""",0.0,0.5,0.0,1.0,0.0
秦僻在雍州不與中國諸侯之會盟夷翟遇之,秦 僻 在 雍州 ， 不 與 中國 諸侯 之 會盟 ， 夷翟 遇 之 。,"，。，秦。：- """"，，，。- ""僻在雍州不與中國諸侯之會盟夷翟遇之""，，""""，，。-",0.13333333333333336,0.4,0.0,1.0,0.053333333333333344
孝公於是布惠振孤寡招戰士明功賞,孝公 於是 布 惠 ， 振 孤 寡 ， 招 戰士 ， 明 功 賞 。,孝公於  是 布 惠 振 孤 寡 招 戰 士 明 功 賞,0.7199999999999999,0.0,0.7199999999999999,1.0,0.0
下令國中曰昔我繆公自岐雍之閒修德行武東平晉亂以河爲界西霸戎翟廣地千里天子致伯諸侯畢賀爲後世開業甚光美會往者厲躁簡公出子之不寧國家内憂未遑外事三晉攻奪我先君河西地諸侯卑秦醜莫大焉獻公卽位鎮撫邊境徙治櫟陽且欲東伐復繆公之故地脩繆公之政令寡人思念先君之意常痛於心賓客羣臣有能出奇計彊秦者吾且尊官與之分土,下 令 國中 曰 ： 「 昔 我 繆公 自 岐 雍 之 閒 ， 修 德 行 武 ， 東 平 晉 亂 ， 以 河 爲 界 ， 西 霸 戎翟 ， 廣 地 千 里 ， 天子 致 伯 ， 諸侯 畢 賀 ， 爲 後世 開 業 ， 甚 光美 。 會 往 者 厲 、 躁 、 簡公 、 出子 之 不 寧 ， 國家 内 憂 ， 未 遑 外事 ， 三晉 攻 奪 我 先君 河 西 地 ， 諸侯 卑 秦 、 醜 莫 大 焉 。 獻公 卽位 ， 鎮撫 邊境 ， 徙 治 櫟陽 ， 且 欲 東 伐 ， 復 繆公 之 故 地 ， 脩 繆公 之 政令 。 寡人 思念 先君 之 意 ， 常 痛 於 心 。 賓客 羣 臣 有 能 出 奇 計 彊 秦 者 ， 吾 且 尊 官 ， 與 之 分 土 。 」,，。，，。，，，。，，。：下令國中曰昔我繆公自岐雍之閒修德行武東平晉亂以河爲界西霸戎翟廣地千里天子致伯諸侯畢賀爲後世開業甚光美會往者厲躁簡公出子之不寧國家内憂未遑外事三晉攻奪我先君河西地諸侯卑秦醜莫大焉獻公卽位鎮撫邊境徙治櫟陽且欲東伐復繆公之故地脩繆公之政令寡人思念先君之意常痛於心賓客羣臣有能出奇計彊秦者吾且尊官與之分土。，，《》。，，。,0.0,0.0625,0.0,1.0,0.0
於是乃出兵東圍陝城西斬戎之獂王,於是 乃 出 兵 東 圍 陝城 ， 西 斬 戎 之 獂王 。,於 是 乃 出 兵 東圍  陝 城 西 斬 戎 之獂  王,0.48000000000000004,0.0,0.48000000000000004,1.0,0.0
衞鞅聞是令下西入秦因景監求見孝公,衞鞅 聞 是 令 下 ， 西 入 秦 ， 因 景監 求 見 孝公 。,"，。，。：- ""衞鞅""：，（），。- ""聞""：是令下西入秦因景監求見孝公，""""，",0.13333333333333336,0.0,0.0,1.0,0.0
二年天子致胙,二年 ， 天子 致 胙 。,二年天子致胙，。，。，，。，（）、，-:、。,0.0,0.6666666666666666,0.0,1.0,0.0
三年衞鞅説孝公變法修刑内務耕稼外勸戰死之賞罰孝公善之,三年 ， 衞鞅 説 孝公 變 法 修 刑 ， 内 務 耕 稼 ， 外 勸 戰 死 之 賞 罰 ， 孝公 善 之 。,"，。，《》，。""三年""（）、""衞鞅""（）、""説""（，）、""孝公""（）、""變法""（）、""修刑""（）、""内務耕稼外勸戰死之賞罰孝公善之""（",0.0,0.0,0.0,1.0,0.0
甘龍杜摯等弗然相與争之,甘龍 、 杜摯 等 弗 然 ， 相與 争 之 。,，：甘龍杜摯等弗然相與争之。，。。，。，。：- ,0.0,0.5,0.0,1.0,0.0
卒用鞅法百姓苦之居三年百姓便之,卒 用 鞅 法 ， 百姓 苦 之 ； 居 三 年 ， 百姓 便 之 。,卒 用 鞅 法 百姓 苦 之 居 三 年 百姓 便 之,1.0,0.0,1.0,1.0,0.0
乃拜鞅爲左庶長,乃 拜 鞅 爲 左庶長 。,乃 拜鞅   爲 左 庶 長,0.3636363636363636,0.0,0.3636363636363636,1.0,0.0
其事在商君語中,其 事 在 《 商君 》 語 中 。,其 事 在 商君 語 中,1.0,0.0,1.0,1.0,0.0
七年與魏惠王會杜平,七年 ， 與 魏惠王 會 杜平 。,七 年 與 魏 惠 王 會 杜 平,0.2857142857142857,0.0,0.2857142857142857,1.0,0.0
八年與魏戰元里有功,八年 ， 與 魏 戰 元里 ， 有 功 。,八 年 與 魏 戰 元里 有 功,0.7999999999999999,0.0,0.7999999999999999,1.0,0.0
十年衞鞅爲大良造將兵圍魏安邑降之,十年 ， 衞鞅 爲 大良造 ， 將 兵 圍 魏 安邑 ， 降 之 。,十 年 衞 鞅 爲 大 良 造 將 兵圍  魏 安 邑 降 之,0.3846153846153846,0.0,0.3846153846153846,1.0,0.0
十二年作爲咸陽築冀闕秦徙都之,十二年 ， 作 爲 咸陽 ， 築 冀闕 ， 秦 徙 都 之 。,"，。，。：- ""十二年""，（），。- ""作爲咸陽築冀闕秦徙都之""，，",0.16666666666666669,0.0,0.0,1.0,0.0
并諸小鄉聚集爲大縣縣一令四十一縣,并 諸 小 鄉 聚 ， 集 爲 大 縣 ， 縣 一 令 ， 四十一 縣 。,并 諸 小 鄉聚集  爲 大 縣 縣 一 令 四 十 一 縣,0.7142857142857143,0.0,0.7142857142857143,1.0,0.0
爲田開阡陌,爲 田 開 阡陌 。,爲  田  開  阡陌  。,1.0,1.0,1.0,1.0,1.0
東地渡洛,東 地 渡 洛 。,，，東地渡洛。，。，，。。，,0.0,1.0,0.0,1.0,0.0
十四年初爲賦,十四年 ， 初 爲 賦 。,十四年初爲賦，。，。，，。，、，,0.0,0.6666666666666666,0.0,1.0,0.0
十九年天子致伯,十九年 ， 天子 致 伯 。,十九年天子致伯，。，。，，。，、，,0.0,0.6666666666666666,0.0,1.0,0.0
二十年諸侯畢賀,二十年 ， 諸侯 畢 賀 。,，：二十年諸侯畢賀。，。，，，、、。，,0.0,0.6666666666666666,0.0,1.0,0.0
秦使公子少官率師會諸侯逢澤朝天子,秦 使 公子少官 率 師 會 諸侯 逢澤 ， 朝 天子 。,"，。，。：- ""秦使公子少官率師會諸侯逢澤朝天子""，，""""，。，，",0.0,0.6666666666666666,0.0,1.0,0.0
二十一年齊敗魏馬陵,二十一年 ， 齊 敗 魏 馬陵 。,二十一 年 齊 敗 魏 馬陵,0.7272727272727272,0.0,0.7272727272727272,1.0,0.0
二十二年衞鞅擊魏虜魏公子卬,二十二年 ， 衞鞅 擊 魏 ， 虜 魏 公子卬 。,"：，""二十二年衞鞅擊魏虜魏公子卬""。，、。：- ："""" ，（），。- ：""",0.0,0.5,0.0,1.0,0.0
封鞅爲列侯號商君,封 鞅 爲 列侯 ， 號 商君 。,，：封鞅爲列侯號商君。，。，，，。，,0.0,0.6666666666666666,0.0,1.0,0.0
二十四年與晉戰鴈門虜其將魏錯,二十四年 ， 與 晉 戰 鴈門 ， 虜 其 將 魏錯 。,"，。，。：- ""二十四年""，（），。- ""與晉戰鴈門虜其將魏錯""，""""。""""",0.1818181818181818,0.4,0.0,1.0,0.07272727272727272
孝公卒子惠文君立,孝公 卒 ， 子 惠文君 立 。,孝公卒子惠文君立，。，。，，。，、，,0.0,0.6666666666666666,0.0,1.0,0.0
是歲誅衞鞅,是 歲 ， 誅 衞鞅 。,"，。，。""是歲誅衞鞅""，（）。",0.0,0.6666666666666666,0.0,1.0,0.0
鞅之初爲秦施法法不行太子犯禁,鞅 之 初 爲 秦 施 法 ， 法 不 行 ， 太子 犯 禁 。,"，。，。：- ""鞅之初爲秦施法""：法不行太子犯禁。。""""（），。",0.0,0.4,0.0,1.0,0.0
鞅曰法之不行自於貴戚君必欲行法先於太子太子不可黥黥其傅師,鞅 曰 ： 「 法 之 不 行 ， 自 於 貴戚 。 君 必 欲 行 法 ， 先 於 太子 。 太子 不 可 黥 ， 黥 其 傅師 。 」,，。，。：鞅曰法之不行自於貴戚君必欲行法先於太子太子不可黥黥其傅師。（），。，。，：。,0.0,0.25,0.0,1.0,0.0
於是法大用秦人治,於是 法 大 用 ， 秦人 治 。,於 是 法 大 用 秦人 治,0.7692307692307692,0.0,0.7692307692307692,1.0,0.0
及孝公卒太子立宗室多怨鞅鞅亡因以爲反而卒車裂以徇秦國,及 孝公 卒 ， 太子 立 ， 宗室 多 怨 鞅 ， 鞅 亡 ， 因 以 爲 反 ， 而 卒 車裂 以 徇 秦國 。,及 孝公 卒 太子 立 宗室 多 怨鞅鞅    亡 因 以 爲 反 而 卒 車裂 以徇  秦 國 ,0.7500000000000001,0.0,0.7500000000000001,1.0,0.0
惠文君元年楚韓趙蜀人來朝,惠文君 元年 ， 楚 、 韓 、 趙 、 蜀 人 來 朝 。,，：惠文君元年楚韓趙蜀人來朝。，。。，。，。？,0.0,0.33333333333333337,0.0,1.0,0.0
二年天子賀,二年 ， 天子 賀 。,，：二年天子賀。，。，，，、。，,0.0,0.6666666666666666,0.0,1.0,0.0
三年王冠,三年 ， 王 冠 。,三 年 王 冠,0.5714285714285715,0.0,0.5714285714285715,1.0,0.0
四年天子致文武胙,四年 ， 天子 致 文 武 胙 。,四年天子致文武胙，。，。，，。，（）、，-:、。，,0.0,0.6666666666666666,0.0,1.0,0.0
齊魏爲王,齊 、 魏 爲 王 。,齊魏爲王，，。。，。，（）、，-:、。,0.0,0.6666666666666666,0.0,1.0,0.0
五年陰晉人犀首爲大良造,五年 ， 陰晉 人 犀首 爲 大良造 。,，：五年陰晉人犀首爲大良造。，。。，，，。,0.0,0.6666666666666666,0.0,1.0,0.0
六年魏納陰晉陰晉更名寧秦,六年 ， 魏 納 陰晉 ， 陰晉 更 名 寧秦 。,，：六年魏納陰晉陰晉更名寧秦。，。，，，。，,0.0,0.5,0.0,1.0,0.0
七年公子卬與魏戰虜其將龍賈斬首八萬,七年 ， 公子卬 與 魏 戰 ， 虜 其 將 龍賈 ， 斬 首 八萬 。,，。，《》。：七年，公子卬，與魏戰，虜其將，龍賈，斬首八萬,0.0,0.6666666666666665,0.0,1.0,0.0
八年魏納河西地,八年 ， 魏 納 河 西 地 。,八 年 魏 納 河 西 地,0.7692307692307692,0.0,0.7692307692307692,1.0,0.0
九年渡河取汾陰皮氏,九年 ， 渡 河 ， 取 汾陰 、 皮氏 。,九 年 渡 河 取 汾陰 皮氏,0.7692307692307692,0.0,0.7692307692307692,1.0,0.0
與魏王會應,與 魏王 會 應 。,與 魏 王 會 應,0.6666666666666665,0.0,0.6666666666666665,1.0,0.0
圍焦降之,圍 焦 ， 降 之 。,圍 焦 降 之,1.0,0.0,1.0,1.0,0.0
十年張儀相秦,十年 ， 張儀 相 秦 。,十年張儀相秦，。，。，，。，、，,0.0,0.6666666666666666,0.0,1.0,0.0
魏納上郡十五縣,魏 納 上郡 十五 縣 。,，：魏納上郡十五縣。，。，，，，，，,0.0,1.0,0.0,1.0,0.0
十一年縣義渠,十一年 ， 縣 義渠 。,十一年縣義渠，。，，。，（）、，-:、。，,0.0,0.6666666666666666,0.0,1.0,0.0
歸魏焦曲沃,歸 魏 焦 、 曲沃 。,歸 魏 焦 曲沃,1.0,0.0,1.0,1.0,0.0
義渠君爲臣,義渠君 爲 臣 。,義渠君爲臣,0.0,0.0,0.0,1.0,0.0
更名少梁曰夏陽,更 名 少梁 曰 夏陽 。,更 名 少 梁 曰 夏陽 ,0.7272727272727272,0.0,0.7272727272727272,1.0,0.0
十二年初臘,十二年 ， 初 臘 。,十二年  初  臘  。,1.0,0.6666666666666666,1.0,1.0,0.6666666666666666
十三年四月戊午魏君爲王韓亦爲王,十三年 四月 戊午 ， 魏君 爲 王 ， 韓 亦 爲 王 。,"：，""十三年四月戊午魏君爲王韓亦爲王""。，。。""""（），。""",0.0,0.5,0.0,1.0,0.0
使張儀伐取陝出其人與魏,使 張儀 伐 取 陝 ， 出 其 人 與 魏 。,，。，。：- 使：，，。- 張儀伐取陝出其：，人與魏，,0.16666666666666669,0.0,0.0,1.0,0.0
十四年更爲元年,十四年 ， 更 爲 元年 。,十 四 年 更 爲 元 年,0.36363636363636365,0.0,0.36363636363636365,1.0,0.0
二年張儀與齊楚大臣會齧桑,二年 ， 張儀 與 齊 、 楚 大臣 會 齧桑 。,二 年 張儀 與 齊 楚 大臣 會 齧桑,0.823529411764706,0.0,0.823529411764706,1.0,0.0
三年韓魏太子來朝,三年 ， 韓 、 魏 太子 來 朝 。,三年韓魏太子來朝，。，。，，。，、，,0.0,0.5,0.0,1.0,0.0
張儀相魏,張儀 相 魏 。,，：張儀相魏。，。，。，，，，,0.0,1.0,0.0,1.0,0.0
五年王游至北河,五年 ， 王 游 ， 至 北河 。,五年王游至北河，。，。，，。，，,0.0,0.5,0.0,1.0,0.0
七年樂池相秦,七年 ， 樂池 相 秦 。,七年樂池相秦，。，。，，。，、，,0.0,0.6666666666666666,0.0,1.0,0.0
韓趙魏燕齊帥匈奴共攻秦,韓 、 趙 、 魏 、 燕 、 齊 帥 匈奴 共 攻 秦 。,，。，。：- 韓趙魏燕齊帥匈奴共攻秦：，（），，。,0.0,0.33333333333333337,0.0,1.0,0.0
秦使庶長疾與戰修魚虜其將申差敗趙公子渴韓太子奂斬首八萬二千,秦 使 庶長疾 與 戰 修魚 ， 虜 其 將 申差 ， 敗 趙 公子渴 、 韓 太子奂 ， 斬 首 八萬二千 。,"，。，。：- ""秦使庶長疾與戰""，""""。- ""修魚虜其將申差""，""""。- ""敗趙公子渴韓太子奂斬首八萬二千""，",0.0,0.0,0.0,1.0,0.0
八年張儀復相秦,八年 ， 張儀 復 相 秦 。,八 年 張儀 復 相 秦,0.7272727272727272,0.0,0.7272727272727272,1.0,0.0
九年司馬錯伐蜀滅之,九年 ， 司馬錯 伐 蜀 ， 滅 之 。,九 年 司 馬 錯伐  蜀 滅 之,0.42857142857142855,0.0,0.42857142857142855,1.0,0.0
伐取趙中都西陽十年韓太子蒼來質,伐 取 趙 中都 、 西陽 。 十年 ， 韓 太子蒼 來 質 。,"，。，。：- ""伐取""，（），。- ""趙中都西陽十年韓太子蒼來質""，""""，""""""",0.0,0.0,0.0,1.0,0.0
伐取韓石章,伐 取 韓 石章 。,伐 取 韓 石 章,0.6666666666666665,0.0,0.6666666666666665,1.0,0.0
伐敗趙將泥,伐 敗 趙 將 泥 。,伐敗  趙 將 泥,0.6666666666666665,0.0,0.6666666666666665,1.0,0.0
伐取義渠二十五城,伐 取 義渠 二十五 城 。,伐取義渠二十五城。,0.0,1.0,0.0,1.0,0.0
十一年㯉里疾攻魏焦降之,十一年 ， 㯉里疾 攻 魏 焦 ， 降 之 。,十一年 㯉里 疾 攻 魏  焦 降 之,0.7999999999999999,0.0,0.7999999999999999,1.0,0.0
敗韓岸門斬首萬其將犀首走,敗 韓 岸門 ， 斬 首 萬 ， 其 將 犀首 走 。,，：敗韓岸門斬首萬其將犀首走。，。。，。，。：- ,0.0,0.5,0.0,1.0,0.0
公子通封於蜀,公子通 封 於 蜀 。,公子通封於蜀，。，。，，。，、，,0.0,1.0,0.0,1.0,0.0
燕君讓其臣子之,燕君 讓 其 臣 子之 。,燕 君讓  其 臣 子 之,0.3636363636363636,0.0,0.3636363636363636,1.0,0.0
十二年王與梁王會臨晉,十二年 ， 王 與 梁王 會 臨晉 。,十二年王與梁王會臨晉。,0.0,0.6666666666666666,0.0,1.0,0.0
庶長疾攻趙虜趙將莊,庶長疾 攻 趙 ， 虜 趙 將 莊 。,"，。，。：- ""庶長疾攻趙虜趙將莊""，。，""""，。，",0.0,0.6666666666666666,0.0,1.0,0.0
張儀相楚,張儀 相 楚 。,，：張儀相楚。，。，。，。。，,0.0,1.0,0.0,1.0,0.0
十三年庶長章擊楚於丹陽虜其將屈匄斬首八萬又攻楚漢中取地六百里置漢中郡,十三年 ， 庶長章 擊 楚 於 丹陽 ， 虜 其 將 屈匄 ， 斬 首 八萬 ； 又 攻 楚 漢中 ， 取 地 六百 里 ， 置 漢中郡 。,，：十三年庶長章擊楚於丹陽虜其將屈匄斬首八萬又攻楚漢中取地六百里置漢中郡。，。。，，，。，，,0.0,0.25,0.0,1.0,0.0
楚圍雍氏秦使庶長疾助韓而東攻齊到滿助魏攻燕,楚 圍 雍氏 ， 秦 使 庶長疾 助 韓 而 東 攻 齊 ， 到滿 助 魏 攻 燕 。,，：楚圍雍氏秦使庶長疾助韓而東攻齊到滿助魏攻燕。，。。，，，。，，,0.0,0.5,0.0,1.0,0.0
十四年伐楚取召陵,十四年 ， 伐 楚 ， 取 召陵 。,十 四 年 伐 楚 取 召 陵,0.4615384615384615,0.0,0.4615384615384615,1.0,0.0
丹犂臣蜀相壯殺蜀侯來降,丹 、 犂 臣 ， 蜀 相 壯 殺 蜀侯 來 降 。,丹犂臣蜀相壯殺蜀侯來降，。，。，，。，、，。,0.0,0.5,0.0,1.0,0.0
惠王卒子武王立,惠王 卒 ， 子 武王 立 。,惠王卒子武王立，。，。，，。，、，,0.0,0.6666666666666666,0.0,1.0,0.0
韓魏齊楚越皆賓從,韓 、 魏 、 齊 、 楚 、 越 皆 賓從 。,韓 魏 齊 楚 越 皆賓 從,0.7142857142857143,0.0,0.7142857142857143,1.0,0.0
武王元年與魏惠王會臨晉,武王 元年 ， 與 魏惠王 會 臨晉 。,，。：武王元年與魏惠王會臨晉。，（），（）。，，,0.0,0.6666666666666666,0.0,1.0,0.0
誅蜀相壯,誅 蜀 相 壯 。,誅蜀相壯，，。。，。，（）、，-:、。,0.0,1.0,0.0,1.0,0.0
張儀魏章皆東出之魏,張儀 、 魏章 皆 東 出 之 魏 。,張儀 魏章 皆 東 出 之 魏,1.0,0.0,1.0,1.0,0.0
伐義渠丹犂,伐 義渠 、 丹 、 犂 。,伐 義渠 丹犂,0.5714285714285715,0.0,0.5714285714285715,1.0,0.0
二年初置丞相㯉里疾甘茂爲左右丞相,二年 ， 初 置 丞相 ， 㯉里疾 、 甘茂 爲 左右 丞相 。,"，。，。：- ""二年""，，。- ""初置""，。- ""丞相㯉里疾甘茂爲左右丞相""，。- ",0.16666666666666666,0.28571428571428575,0.0,1.0,0.04761904761904762
張儀死於魏,張儀 死 於 魏 。,張儀死於魏，。，。，，。，、，,0.0,1.0,0.0,1.0,0.0
三年與韓襄王會臨晉外,三年 ， 與 韓襄王 會 臨晉 外 。,三 年 與 韓 襄 王 會 臨 晉 外,0.37499999999999994,0.0,0.37499999999999994,1.0,0.0
南公揭卒㯉里疾相韓,南公揭 卒 ， 㯉里疾 相 韓 。,，：南公揭卒㯉里疾相韓。，。：- ：，，，。- ：,0.0,0.6666666666666666,0.0,1.0,0.0
武王謂甘茂曰寡人欲容車通三川窺周室死不恨矣,武王 謂 甘茂 曰 ： 「 寡人 欲 容 車 通 三川 ， 窺 周室 ， 死 不 恨 矣 。 」,武王謂甘茂曰寡人欲容車通三川窺周室死不恨矣，。，。，，。，，。，，,0.0,0.4,0.0,1.0,0.0
其秋使甘茂庶長封伐宜陽,其 秋 ， 使 甘茂 、 庶長封 伐 宜陽 。,，。，。其秋，使，甘茂，庶長，封，伐，宜陽。，,0.0,0.4,0.0,1.0,0.0
四年拔宜陽斬首六萬,四年 ， 拔 宜陽 ， 斬 首 六萬 。,四 年 拔 宜陽  斬 首 六 萬,0.5714285714285715,0.0,0.5714285714285715,1.0,0.0
涉河城武遂,涉 河 ， 城 武遂 。,涉 河 城 武 遂,0.6666666666666665,0.0,0.6666666666666665,1.0,0.0
魏太子來朝,魏太子 來 朝 。,，：魏太子來朝。，。。，。，。？,0.0,1.0,0.0,1.0,0.0
武王有力好戲力士任鄙烏獲孟説皆至大官,武王 有 力 好 戲 ， 力士 任鄙 、 烏獲 、 孟説 皆 至 大官 。,"，。，。：- ""武王""，，。- ""有力""，。- ""好戲力士任鄙烏獲孟説皆至大官""，""""，",0.13333333333333333,0.0,0.0,1.0,0.0
王與孟説舉鼎絶臏,王 與 孟説 舉 鼎 ， 絶 臏 。,"，。，。：- ""王""，（），。- ""與孟説舉鼎絶臏""，""""，，",0.22222222222222224,0.0,0.0,1.0,0.0
八月武王死,八月 ， 武王 死 。,八月武王死，。，。，，。，、,0.0,0.6666666666666666,0.0,1.0,0.0
族孟説,族 孟説 。,族 孟 説,0.4,0.0,0.4,1.0,0.0
武王取魏女爲后無子,武王 取 魏 女 爲 后 ， 無 子 。,武 王 取 魏 女  爲 后 無 子,0.823529411764706,0.0,0.823529411764706,1.0,0.0
立異母弟是爲昭襄王,立 異 母 弟 ， 是 爲 昭襄王 。,立 異 母 弟 是  爲 昭 襄 王,0.75,0.0,0.75,1.0,0.0
昭襄母楚人姓芈氏號宣太后,昭襄 母 楚人 ， 姓 芈氏 ， 號 宣太后 。,"，。，。：- ""昭襄""，（），。- ""母楚人姓芈氏號宣太后""，，",0.22222222222222224,0.0,0.0,1.0,0.0
武王死時昭襄王爲質於燕燕人送歸得立,武王 死 時 ， 昭襄王 爲 質 於 燕 ， 燕人 送 歸 ， 得 立 。,"，。，。：- ""武王死時昭襄""，，""王爲質於燕燕人送歸得""。""""（），""""，""""，立",0.0,0.0,0.0,1.0,0.0
昭襄王元年嚴君疾爲相,昭襄王 元年 ， 嚴君疾 爲 相 。,"昭襄王元年嚴君疾爲相，。，。，，。（）、（），。""",0.0,0.6666666666666666,0.0,1.0,0.0
甘茂出之魏,甘茂 出 之 魏 。,，：甘茂出之魏。，。，，。，，；,0.0,1.0,0.0,1.0,0.0
二年彗星見,二年 ， 彗星 見 。,，：二年彗星見。，。，，，。，，,0.0,0.6666666666666666,0.0,1.0,0.0
庶長壯與大臣諸侯公子爲逆皆誅及惠文后皆不得良死,庶長壯 與 大臣 、 諸侯 、 公子 爲 逆 ， 皆 誅 ， 及 惠文后 皆 不 得 良 死 。,，。，。：庶長壯與大臣諸侯公子爲逆皆誅及惠文后皆不得良死。，，。。，。,0.0,0.33333333333333337,0.0,1.0,0.0
悼武王后出歸魏,悼武王后 出 歸 魏 。,悼武王，。，。，，。、。后出歸魏，,0.0,0.0,0.0,1.0,0.0
三年王冠,三年 ， 王 冠 。,三 年 王 冠,0.5714285714285715,0.0,0.5714285714285715,1.0,0.0
與楚王會黄棘與楚上庸,與 楚王 會 黄棘 ， 與 楚 上庸 。,，。：與楚王會黄棘與楚上庸。。：- ：，。- ,0.0,0.6666666666666666,0.0,1.0,0.0
四年取蒲阪,四年 ， 取 蒲阪 。,，：四年取蒲阪。，。，，，。，、、、,0.0,0.6666666666666666,0.0,1.0,0.0
彗星見,彗星 見 。,彗 星 見,0.4,0.0,0.4,1.0,0.0
五年魏王來朝應亭復與魏蒲阪,五年 ， 魏王 來 朝 應亭 ， 復 與 魏 蒲阪 。,，：五年魏王來朝應亭復與魏蒲阪。，。。，，，。，,0.0,0.5,0.0,1.0,0.0
六年蜀侯煇反司馬錯定蜀,六年 ， 蜀侯煇 反 ， 司馬錯 定 蜀 。,"，。，。：- ""六年""，，。，。- ""蜀侯煇反司馬錯定""""蜀""",0.25,0.0,0.0,1.0,0.0
庶長奂伐楚斬首二萬,庶長奂 伐 楚 ， 斬 首 二萬 。,"：，""庶長奂伐楚斬首二萬""。，：- """"（），- """"（）- ",0.0,0.6666666666666666,0.0,1.0,0.0
涇陽君質於齊,涇陽君 質 於 齊 。,涇陽君質於齊，。，。，，。、，。,0.0,1.0,0.0,1.0,0.0
日食晝晦,日食 ， 晝 晦 。,日 食 晝 晦,0.5714285714285715,0.0,0.5714285714285715,1.0,0.0
七年拔新城,七年 ， 拔 新城 。,七 年 拔 新城,0.5714285714285715,0.0,0.5714285714285715,1.0,0.0
㯉里子卒,㯉里子 卒 。,㯉里子卒，。，。，，。，、,0.0,1.0,0.0,1.0,0.0
八年使將軍羋戎攻楚取新市,八年 ， 使 將軍 羋戎 攻 楚 ， 取 新市 。,，。，。：八年，使，，將軍，，羋戎，攻，楚，取新市,0.0,0.4444444444444444,0.0,1.0,0.0
齊使章子魏使公孫喜韓使暴鳶共攻楚方城取唐眛,齊 使 章子 ， 魏 使 公孫喜 ， 韓 使 暴鳶 共 攻 楚 方城 ， 取 唐眛 。,"，。，、。：- ""齊使章子魏""：（使公孫喜韓）。，""使暴鳶共攻楚方城取唐眛""，""""，",0.0,0.0,0.0,1.0,0.0
趙破中山其君亡竟死齊,趙 破 中山 ， 其 君 亡 ， 竟 死 齊 。,，。：趙破中山其君亡竟死齊。，，，（），，，,0.0,0.5,0.0,1.0,0.0
魏公子勁韓公子長爲諸侯,魏 公子勁 、 韓 公子長 爲 諸侯 。,，：魏公子勁韓公子長爲諸侯。，。，。。，。，，,0.0,0.6666666666666666,0.0,1.0,0.0
九年孟嘗君薛文來相秦,九年 ， 孟嘗君 薛文 來 相 秦 。,，。：九年孟嘗君薛文來相秦。：，（），，，，,0.0,0.6666666666666666,0.0,1.0,0.0
奂攻楚取八城殺其將景快,奂 攻 楚 ， 取 八 城 ， 殺 其 將 景快 。,，。，。：- 奂攻楚取八城殺其將景快：，（），。，，,0.0,0.5,0.0,1.0,0.0
十年楚懷王入朝秦秦留之,十年 ， 楚懷王 入 朝 秦 ， 秦 留 之 。,"：，""十年楚懷王入朝秦秦留之""。，。。""""（），。""",0.0,0.5,0.0,1.0,0.0
薛文以金受免,薛文 以 金受 免 。,薛文以金受免，。，。，，。，、，,0.0,1.0,0.0,1.0,0.0
樓緩爲丞相,樓緩 爲 丞相 。,樓緩爲丞相,0.0,0.0,0.0,1.0,0.0
十一年齊韓魏趙宋中山五國共攻秦至鹽氏而還,十一年 ， 齊 、 韓 、 魏 、 趙 、 宋 、 中山 五 國 共 攻 秦 ， 至 鹽氏 而 還 。,，。，。：十一年，，。齊韓魏趙宋中山五國共攻秦至鹽氏而還，、、、、（）。,0.0,0.2,0.0,1.0,0.0
秦與韓魏河北及封陵以和,秦 與 韓 、 魏 河 北 及 封陵 以 和 。,"：，""秦與韓魏河北及封陵以和""。，。。""""（），。",0.0,0.6666666666666666,0.0,1.0,0.0
彗星見,彗星 見 。,彗 星 見,0.4,0.0,0.4,1.0,0.0
楚懷王走之趙趙不受還之秦卽死歸葬,楚懷王 走 之 趙 ， 趙 不 受 ， 還 之 秦 ， 卽 死 ， 歸 葬 。,"，。，。：- ""楚懷王""，（），。- ""走之趙趙不受還""""""，""之秦卽死歸葬""",0.125,0.0,0.0,1.0,0.0
十二年樓緩免穰侯魏冄爲相,十二年 ， 樓緩 免 ， 穰侯 魏冄 爲 相 。,，：十二年樓緩免穰侯魏冄爲相。，。。，。，。：- ,0.0,0.5,0.0,1.0,0.0
予楚粟五萬石,予 楚 粟 五萬 石 。,，：予楚粟五萬石。，。。，。,0.0,1.0,0.0,1.0,0.0
十三年向壽伐韓取武始,十三年 ， 向壽 伐 韓 ， 取 武始 。,十三年 向壽伐韓取  武始,0.4444444444444444,0.0,0.4444444444444444,1.0,0.0
左更白起攻新城,左更 白起 攻 新城 。,左更白起攻新城，。，。，，。，、，,0.0,1.0,0.0,1.0,0.0
五大夫禮出亡奔魏,五大夫 禮 出 亡 奔 魏 。,五 大夫 禮 出 亡 奔 魏,0.7692307692307692,0.0,0.7692307692307692,1.0,0.0
任鄙爲漢中守,任鄙 爲 漢中 守 。,，任鄙爲漢中守。，。，，。，、，,0.0,1.0,0.0,1.0,0.0
十四年左更白起攻韓魏於伊闕斬首二十四萬虜公孫喜拔五城,十四年 ， 左更 白起 攻 韓 、 魏 於 伊闕 ， 斬 首 二十四 萬 ， 虜 公孫喜 ， 拔 五 城 。,，。，。：十四年左更白起攻韓魏於伊闕斬首二十四萬虜公孫喜拔五城。（），，，。，，,0.0,0.2857142857142857,0.0,1.0,0.0
十五年大良造白起攻魏取垣復予之,十五年 ， 大良造 白起 攻 魏 ， 取 垣 ， 復 予 之 。,，。，。：- 十五年：，。，，。- 大良造白起攻魏取垣復予之：，,0.16666666666666669,0.0,0.0,1.0,0.0
攻楚取宛,攻 楚 ， 取 宛 。,攻楚取宛，。，，。，、，，,0.0,0.6666666666666666,0.0,1.0,0.0
十六年左更錯取軹及鄧,十六年 ， 左更錯 取 軹 及 鄧 。,，：十六年左更錯取軹及鄧。，。，，。，。,0.0,0.6666666666666666,0.0,1.0,0.0
冄免封公子市宛公子悝鄧魏冄陶爲諸侯,冄 免 ， 封 公子市 宛 ， 公子悝 鄧 ， 魏冄 陶 ， 爲 諸侯 。,"，。，。：- ""冄免""，，（""""），。- ""封公子市宛公子悝鄧魏冄陶爲諸侯""，""""""""。- ",0.0,0.28571428571428575,0.0,1.0,0.0
十七年城陽君入朝及東周君來朝,十七年 ， 城陽君 入 朝 ， 及 東周君 來 朝 。,十七年 城陽君 入 朝 及 東周君 來 朝,1.0,0.0,1.0,1.0,0.0
秦以垣爲蒲阪皮氏,秦 以 垣 爲 蒲阪 、 皮氏 。,秦以垣爲蒲阪皮氏。,0.0,0.6666666666666666,0.0,1.0,0.0
王之宜陽,王 之 宜陽 。,王 之 宜陽,1.0,0.0,1.0,1.0,0.0
十八年錯攻垣河雍決橋取之,十八年 ， 錯 攻 垣 、 河雍 ， 決 橋 取 之 。,十八年錯攻垣河雍決橋取之，。，。，，。，、，。,0.0,0.4,0.0,1.0,0.0
十九年王爲西帝齊爲東帝皆復去之,十九年 ， 王 爲 西帝 ， 齊 爲 東帝 ， 皆 復 去 之 。,"：，""十九年王爲西帝齊爲東帝皆復去之""。，。。""""，（），。",0.0,0.4,0.0,1.0,0.0
吕禮來自歸,吕禮 來 自 歸 。,吕禮來自歸，。，。，，。，，,0.0,1.0,0.0,1.0,0.0
齊破宋宋王在魏死温,齊 破 宋 ， 宋王 在 魏 ， 死 温 。,"：，""齊破宋宋王在魏死温""。，。，，。，。""""",0.0,0.5,0.0,1.0,0.0
任鄙卒,任鄙 卒 。,任 鄙 卒 。,0.4,1.0,0.4,1.0,0.4
二十年王之漢中又之上郡北河,二十年 ， 王 之 漢中 ， 又 之 上郡 、 北河 。,"：，""二十年王之漢中又之上郡北河""。，、。。""""，。""""",0.0,0.4,0.0,1.0,0.0
二十一年錯攻魏河内,二十一年 ， 錯 攻 魏 河内 。,，：二十一年錯攻魏河内。，。。，，（）。,0.0,0.6666666666666666,0.0,1.0,0.0
涇陽君封宛,涇陽君 封 宛 。,涇陽君封宛，。，。，，。，、，,0.0,1.0,0.0,1.0,0.0
魏獻安邑秦出其人募徙河東賜爵赦罪人遷之,魏 獻 安邑 ， 秦 出 其 人 ， 募 徙 河 東 賜 爵 ， 赦 罪人 遷 之 。,魏 獻  安邑  秦 出  其  人  募  徙  河東  賜  爵  赦  罪人  遷  之 ,0.9090909090909091,0.0,0.9090909090909091,1.0,0.0
二十二年蒙武伐齊,二十二年 ， 蒙武 伐 齊 。,，：二十二年蒙武伐齊。，。。，。。,0.0,0.6666666666666666,0.0,1.0,0.0
河東爲九縣,河 東 爲 九 縣 。,河 東 爲 九 縣,1.0,0.0,1.0,1.0,0.0
與楚王會宛,與 楚王 會 宛 。,與楚王會宛，。，。，，，。，,0.0,1.0,0.0,1.0,0.0
與趙王會中陽,與 趙王 會 中陽 。,與 趙王 會 中陽,1.0,0.0,1.0,1.0,0.0
二十三年尉斯離與三晉燕伐齊破之濟西,二十三年 ， 尉斯離 與 三晉 、 燕 伐 齊 ， 破 之 濟 西 。,"，。，。：- ""二十三年""，（），。- ""尉斯離與三晉燕伐齊破之濟西""，""""（），""",0.15384615384615385,0.0,0.0,1.0,0.0
王與魏王會宜陽與韓王會新城,王 與 魏王 會 宜陽 ， 與 韓王 會 新城 。,王 與 魏 王 會 宜陽 與 韓 王 會 新城,0.7000000000000001,0.0,0.7000000000000001,1.0,0.0
二十四年與楚王會鄢又會穰,二十四年 ， 與 楚王 會 鄢 ， 又 會 穰 。,"：，""二十四年與楚王會鄢又會穰""。，、。：- ："""" ，（），。- ：""",0.0,0.5,0.0,1.0,0.0
秦取魏安城至大梁燕趙救之秦軍去,秦 取 魏 安城 ， 至 大梁 ， 燕 、 趙 救 之 ， 秦 軍 去 。,，。：秦取魏安城至大梁燕趙救之秦軍去。（），，。，，,0.0,0.33333333333333337,0.0,1.0,0.0
魏冄免相,魏冄 免 相 。,魏冄免相，。，，。，、，，,0.0,1.0,0.0,1.0,0.0
二十五年拔趙二城,二十五年 ， 拔 趙 二 城 。,，：二十五年拔趙二城。，。，、。。，，。，,0.0,0.6666666666666666,0.0,1.0,0.0
與韓王會新城與魏王會新明邑,與 韓王 會 新城 ， 與 魏王 會 新明邑 。,與 韓 王 會 新城 與 魏 王 會 新明 邑,0.5263157894736842,0.0,0.5263157894736842,1.0,0.0
二十六年赦罪人遷之穰,二十六年 ， 赦 罪人 遷 之 穰 。,二十六年赦罪人遷之穰。,0.0,0.6666666666666666,0.0,1.0,0.0
侯冄復相,侯 冄 復 相 。,，：侯冄復相。，。，，，，,0.0,1.0,0.0,1.0,0.0
二十七年錯攻楚,二十七年 ， 錯 攻 楚 。,，：二十七年錯攻楚。，。。，。？,0.0,0.6666666666666666,0.0,1.0,0.0
赦罪人遷之南陽,赦 罪人 遷 之 南陽 。,赦 罪人  遷  之  南陽  。,1.0,1.0,1.0,1.0,1.0
白起攻趙取代光狼城,白起 攻 趙 ， 取 代 光狼城 。,，。：白起攻趙取代光狼城。（），。，，，,0.0,0.6666666666666666,0.0,1.0,0.0
又使司馬錯發隴西因蜀攻楚黔中拔之,又 使 司馬錯 發 隴西 ， 因 蜀 攻 楚 黔中 ， 拔 之 。,又使司馬錯發隴西因蜀攻楚黔中拔之。,0.0,0.5,0.0,1.0,0.0
二十八年大良造白起攻楚取鄢鄧赦罪人遷之,二十八年 ， 大良造 白起 攻 楚 ， 取 鄢 、 鄧 ， 赦 罪人 遷 之 。,"，。，。：- ""二十八年""，，。，。- ""大良造白起攻楚取鄢鄧赦罪人遷之""，",0.14285714285714285,0.0,0.0,1.0,0.0
二十九年大良造白起攻楚取郢爲南郡楚王走,二十九年 ， 大良造 白起 攻 楚 ， 取 郢 爲 南郡 ， 楚王 走 。,"，。，。：- ""二十九年""，（），。- ""大良造白起攻楚取郢爲南郡楚王走""，，，",0.15384615384615385,0.0,0.0,1.0,0.0
周君來,周君 來 。,周 君 來,0.4,0.0,0.4,1.0,0.0
王與楚王會襄陵,王 與 楚王 會 襄陵 。,王與楚王會襄陵。,0.0,1.0,0.0,1.0,0.0
白起爲武安君,白起 爲 武安君 。,"：""白起爲武安君""。，""""（）""""（）。，，",0.0,1.0,0.0,1.0,0.0
三十年蜀守若伐楚取巫郡及江南爲黔中郡,三十年 ， 蜀 守 若 伐 楚 ， 取 巫郡 ， 及 江南 爲 黔中郡 。,三 十 年 蜀 守 若 伐 楚 取 巫 郡 及 江 南 爲 黔 中 郡,0.5333333333333333,0.0,0.5333333333333333,1.0,0.0
三十一年白起伐魏取兩城,三十一年 ， 白起 伐 魏 ， 取 兩 城 。,三十一 年 白 起 伐 魏 取 兩 城,0.6250000000000001,0.0,0.6250000000000001,1.0,0.0
楚人反我江南,楚人 反 我 江南 。,，：楚人反我江南。，。，，，，，，,0.0,1.0,0.0,1.0,0.0
三十二年相穰侯攻魏至大梁破暴鳶斬首四萬鳶走魏入三縣請和,三十二年 ， 相 穰侯 攻 魏 ， 至 大梁 ， 破 暴鳶 ， 斬 首 四萬 ， 鳶 走 ， 魏 入 三 縣 請 和 。,三十二年 相 穰侯 攻 魏 至 大梁 破 暴鳶 斬 首 四 萬 鳶 走 魏 入 三縣  請 和,0.85,0.0,0.85,1.0,0.0
三十三年客卿胡傷攻魏卷蔡陽長社取之,三十三年 ， 客卿 胡傷 攻 魏 卷 、 蔡 、 陽 、 長社 ， 取 之 。,三十三年 客卿 胡傷 攻 魏 卷 蔡陽 長社 取 之,0.8571428571428572,0.0,0.8571428571428572,1.0,0.0
擊芒卯華陽破之斬首十五萬,擊 芒卯 華陽 ， 破 之 ， 斬 首 十五萬 。,，：擊芒卯華陽破之斬首十五萬。，。。，。，。：- ,0.0,0.5,0.0,1.0,0.0
魏入南陽以和,魏 入 南陽 以 和 。,魏 入 南陽  以 和 ,1.0,0.0,1.0,1.0,0.0
三十四年秦與魏韓上庸地爲一郡南陽免臣遷居之,三十四年 ， 秦 與 魏 、 韓 上庸 地 爲 一 郡 ， 南陽 免臣 遷 居 之 。,三十四年 秦 與 魏 韓 上庸 地 爲 一 郡 南陽 免 臣遷   居 之,0.8666666666666667,0.0,0.8666666666666667,1.0,0.0
三十五年佐韓魏楚伐燕,三十五年 ， 佐 韓 、 魏 、 楚 伐 燕 。,"：，""三十五年佐韓魏楚伐燕""。，。：- """"（），，",0.0,0.4,0.0,1.0,0.0
初置南陽郡,初 置 南陽郡 。,初 置 南陽 郡 。,0.5714285714285715,1.0,0.5714285714285715,1.0,0.5714285714285715
三十六年客卿竈攻齊取剛壽予穰侯,三十六年 ， 客卿 竈 攻 齊 ， 取 剛 、 壽 ， 予 穰侯 。,"，。，。：- ""三十六年""，（），。- ""客卿竈攻齊取剛壽予穰侯""""""",0.16666666666666669,0.0,0.0,1.0,0.0
三十八年中更胡傷攻趙閼與不能取,三十八年 ， 中更 胡傷 攻 趙 閼與 ， 不 能 取 。,，。，。：- 三十八年：，。，，。- 中更胡傷攻趙閼與不能取：。，,0.1818181818181818,0.4,0.0,1.0,0.07272727272727272
四十年悼太子死魏歸葬芷陽,四十年 ， 悼太子 死 魏 ， 歸 葬 芷陽 。,"：，""四十年悼太子死魏歸葬芷陽""。，。：- """"（），，",0.0,0.5,0.0,1.0,0.0
四十一年夏攻魏取邢丘懷,四十一年 夏 ， 攻 魏 ， 取 邢丘 、 懷 。,"：，""四十一年夏攻魏取邢丘懷""。，、。。- ："""" ，（），。- ",0.0,0.4,0.0,1.0,0.0
四十二年安國君爲太子,四十二年 ， 安國君 爲 太子 。,"：，""四十二年安國君爲太子""。，。。""""：，。",0.0,0.6666666666666666,0.0,1.0,0.0
十月宣太后薨葬芷陽酈山,十月 ， 宣太后 薨 ， 葬 芷陽 酈山 。,"：，""十月宣太后薨葬芷陽酈山""。，、。：- ："""" ，。- ："""" ，",0.0,0.5,0.0,1.0,0.0
九月穰侯出之陶,九月 ， 穰侯 出 之 陶 。,九月 穰侯 出 之 陶,1.0,0.0,1.0,1.0,0.0
四十三年武安君白起攻韓拔九城斬首五萬,四十三年 ， 武安君 白起 攻 韓 ， 拔 九 城 ， 斬 首 五萬 。,，。，《》。：四十三年武安君白起攻韓拔九城斬首五萬。：- ：，，（  ）。,0.0,0.4,0.0,1.0,0.0
四十四年攻韓南陽取之,四十四年 ， 攻 韓 南陽 ， 取 之 。,四十四年 攻韓  南陽 取 之,0.7272727272727272,0.0,0.7272727272727272,1.0,0.0
四十五年五大夫賁攻韓取十城,四十五年 ， 五大夫 賁 攻 韓 ， 取 十 城 。,，：四十五年五大夫賁攻韓取十城。，。。，，。，,0.0,0.5,0.0,1.0,0.0
葉陽君悝出之國未至而死,葉陽君 悝 出 之 國 ， 未 至 而 死 。,，：葉陽君悝出之國未至而死。，。。，。，。，,0.0,0.6666666666666666,0.0,1.0,0.0
四十七年秦攻韓上黨上黨降趙秦因攻趙趙發兵擊秦相距,四十七年 ， 秦 攻 韓 上黨 ， 上黨 降 趙 ， 秦 因 攻 趙 ， 趙 發 兵 擊 秦 ， 相 距 。,"：，""四十七年秦攻韓上黨上黨降趙秦因攻趙趙發兵擊秦相距""。，。。""""，。，。",0.0,0.2857142857142857,0.0,1.0,0.0
秦使武安君白起擊大破趙於長平四十餘萬盡殺之,秦 使 武安君 白起 擊 ， 大 破 趙 於 長平 ， 四十餘萬 盡 殺 之 。,秦使武安君白起擊大破趙於長平四十餘萬盡殺之。,0.0,0.5,0.0,1.0,0.0
四十八年十月韓獻垣雍,四十八年 十月 ， 韓 獻 垣雍 。,，：四十八年十月韓獻垣雍。。：- ：，，。，，。，,0.0,0.6666666666666666,0.0,1.0,0.0
秦軍分爲三軍,秦軍 分 爲 三 軍 。,秦軍，分爲三軍。，。，，。，、，,0.0,0.6666666666666666,0.0,1.0,0.0
武安君歸,武安君 歸 。,，：武安君歸。，。，，，，。，。,0.0,1.0,0.0,1.0,0.0
王齕將伐趙武安皮牢拔之,王齕 將 伐 趙 武安 、 皮牢 ， 拔 之 。,，：王齕將伐趙武安皮牢拔之。，。。，，。，,0.0,0.5,0.0,1.0,0.0
司馬梗北定太原盡有韓上黨,司馬梗 北 定 太原 ， 盡 有 韓 上黨 。,"，。，。：- ""司馬梗""，（），。- ""北定""，。- ""太原盡有韓上黨",0.18181818181818182,0.0,0.0,1.0,0.0
正月兵罷復守上黨,正月 ， 兵 罷 ， 復 守 上黨 。,正月 兵 罷 復 守 上黨,1.0,0.0,1.0,1.0,0.0
其十月五大夫陵攻趙邯鄲,其 十月 ， 五大夫 陵 攻 趙 邯鄲 。,，。，。：- 其 ，，。-    ，十月。- 五 ，大夫陵攻趙邯鄲 ,0.36363636363636365,0.0,0.18181818181818182,1.0,0.0
四十九年正月益發卒佐陵,四十九年 正月 ， 益 發 卒 佐 陵 。,"：，""四十九年正月益發卒佐陵""。，、。。""""，。，",0.0,0.6666666666666666,0.0,1.0,0.0
陵戰不善免王齕代將,陵 戰 不 善 ， 免 ， 王齕 代 將 。,，。，。：- 陵戰不善免王齕代將：（），（）。，,0.0,0.5,0.0,1.0,0.0
其十月將軍張唐攻魏爲蔡尉捐弗守還斬之,其 十月 ， 將軍 張唐 攻 魏 ， 爲 蔡尉 捐 弗 守 ， 還 斬 之 。,"，。，。：- ""其十月""，（），。- ""將軍""，，，。- ""張唐攻魏爲蔡尉捐弗守還斬之""，",0.11764705882352941,0.0,0.0,1.0,0.0
五十年十月武安君白起有罪爲士伍遷陰密,五十年 十月 ， 武安君 白起 有 罪 ， 爲 士伍 ， 遷 陰密 。,五十年 十月 武安君 白起 有 罪 爲 士伍 遷陰 密,0.8000000000000002,0.0,0.8000000000000002,1.0,0.0
張唐攻鄭拔之,張唐 攻 鄭 ， 拔 之 。,張唐攻鄭拔之，。，。，，。，、，,0.0,0.6666666666666666,0.0,1.0,0.0
十二月益發卒軍汾城旁,十二月 ， 益 發 卒軍 汾城 旁 。,十二月 益 發 卒軍  汾城 旁,1.0,0.0,1.0,1.0,0.0
武安君白起有罪死,武安君 白起 有 罪 ， 死 。,武安君 白起 有 罪 死,1.0,0.0,1.0,1.0,0.0
齕攻邯鄲不拔去還奔汾軍,齕 攻 邯鄲 ， 不 拔 ， 去 ， 還 奔 汾 軍 。,，。，。：- 齕攻邯鄲不拔去還奔汾軍：。（），，。,0.0,0.4,0.0,1.0,0.0
二月餘攻晉軍斬首六千晉楚流死河二萬人,二月 餘 ， 攻 晉軍 ， 斬 首 六千 ， 晉 楚 流死 河 二萬 人 。,二月餘攻晉軍斬，。，。首六千晉楚流死河二萬人，，。，、，。，。：,0.0,0.3333333333333333,0.0,1.0,0.0
攻汾城卽從唐拔寧新中寧新中更名安陽,攻 汾城 ， 卽 從 唐 拔 寧新中 ， 寧新中 更 名 安陽 。,攻 汾城卽  從 唐 拔   寧新中寧新中 更 名 安陽,0.7000000000000001,0.0,0.7000000000000001,1.0,0.0
初作河橋,初 作 河 橋 。,初作河橋。,0.0,1.0,0.0,1.0,0.0
五十一年將軍摎攻韓取陽城負黍斬首四萬,五十一年 ， 將軍 摎 攻 韓 ， 取 陽城 、 負黍 ， 斬 首 四萬 。,五十一年 將軍 摎 攻 韓 取 陽城 負黍 斬首 四萬,0.8571428571428572,0.0,0.8571428571428572,1.0,0.0
攻趙取二十餘縣首虜九萬,攻 趙 ， 取 二十餘 縣 ， 首虜 九萬 。,"：，""攻趙取二十餘縣首虜九萬""。，。：- """" ，，。- """" （），。- """,0.0,0.5,0.0,1.0,0.0
西周君背秦與諸侯約從將天下鋭兵出伊闕攻秦令秦毋得通陽城,西周君 背 秦 ， 與 諸侯 約 從 ， 將 天下 鋭 兵 出 伊闕 攻 秦 ， 令 秦 毋 得 通 陽城 。,"，。，。：- ""西周君""，（），。- ""背秦""，。- ""與諸侯約從將天下鋭兵出伊闕攻秦令秦毋得通陽城""，：""""（）、""""（",0.08333333333333333,0.0,0.0,1.0,0.0
於是秦使將軍摎攻西周,於是 秦 使 將軍 摎 攻 西周 。,"，。""於是秦使將軍摎攻西周"" ，。。：，。：- """"：",0.0,1.0,0.0,1.0,0.0
西周君走來自歸頓首受罪盡獻其邑三十六城口三萬,西周君 走 來 自 歸 ， 頓首 受 罪 ， 盡 獻 其 邑 三十六 城 ， 口 三萬 。,西周君 走  來自歸  〈 頓首 〉 受 罪盡  獻 其 邑 三 十 六 城 口 三 萬,0.5625,0.0,0.5625,1.0,0.0
秦王受獻歸其君於周,秦王 受 獻 ， 歸 其 君 於 周 。,"：，""秦王受獻歸其君於周""。，。。""""，，",0.0,0.6666666666666666,0.0,1.0,0.0
五十二年周民東亡其器九鼎入秦,五十二年 ， 周 民 東 亡 ， 其 器 九 鼎 入 秦 。,"：，""五十二年周民東亡其器九鼎入秦""。，、。。""""（），。",0.0,0.5,0.0,1.0,0.0
周初亡,周 初 亡 。,周 初 亡,1.0,0.0,1.0,1.0,0.0
五十三年天下來賓,五十三年 ， 天下 來 賓 。,五十三年天下來賓，。，，。，、，，。,0.0,0.6666666666666666,0.0,1.0,0.0
魏後秦使摎伐魏取吴城,魏 後 ， 秦 使 摎 伐 魏 ， 取 吴城 。,"：，""魏後秦使摎伐魏取吴城""。，。：- """"，（），。- """"，",0.0,0.5,0.0,1.0,0.0
韓王入朝魏委國聽令,韓王 入 朝 ， 魏 委 國 聽 令 。,韓 王 入 朝 魏 委 國 聽 令,0.823529411764706,0.0,0.823529411764706,1.0,0.0
五十四年王郊見上帝於雍,五十四年 ， 王 郊 見 上帝 於 雍 。,"：，""五十四年王郊見上帝於雍""。，。。""""：，（）。，",0.0,0.6666666666666666,0.0,1.0,0.0
五十六年秋昭襄王卒子孝文王立,五十六年 秋 ， 昭襄王 卒 ， 子 孝文王 立 。,，：五十六年秋昭襄王卒子孝文王立。，。，。：- ，。- ，,0.0,0.5,0.0,1.0,0.0
尊唐八子爲唐太后而合其葬於先王,尊 唐八子 爲 唐太后 ， 而 合 其 葬 於 先王 。,"：，""尊唐八子爲唐太后而合其葬於先王""。，，。：- """"，，。- """"（",0.0,0.6666666666666666,0.0,1.0,0.0
韓王衰絰入弔祠諸侯皆使其將相來弔祠視喪事,韓王 衰絰 入 弔祠 ， 諸侯 皆 使 其 將 相 來 弔 祠 ， 視 喪事 。,韓 王 衰絰 入 弔 祠  諸侯 皆 使 其 將 相 來 弔 祠  視喪  事,0.6875,0.0,0.6875,1.0,0.0
孝文王元年赦罪人修先王功臣襃厚親戚弛苑囿,孝文王 元年 ， 赦 罪人 ， 修 先王 功臣 ， 襃 厚 親戚 ， 弛 苑囿 。,，：孝文王元年赦罪人修先王功臣襃厚親戚弛苑囿。，。。，，，。，,0.0,0.33333333333333337,0.0,1.0,0.0
孝文王除喪十月己亥卽位三日辛丑卒子莊襄王立,孝文王 除 喪 ， 十月 己亥 卽位 ， 三日 辛丑 卒 ， 子 莊襄王 立 。,，。，。，，。，（）、，-，。，。：孝文王除喪十月己亥卽位三日辛丑卒子莊襄王立,0.0,0.0,0.0,1.0,0.0
莊襄王元年大赦罪人修先王功臣施德厚骨肉而布惠於民,莊襄王 元年 ， 大 赦 罪人 ， 修 先王 功臣 ， 施 德 厚 骨 肉 而 布 惠 於 民 。,，。，《》。：- 莊襄王元年：，，。，。- 大赦罪人修先王功臣施德厚骨肉而布惠於民：,0.0,0.0,0.0,1.0,0.0
東周君與諸侯謀秦秦使相國吕不韋誅之盡入其國,東周君 與 諸侯 謀 秦 ， 秦 使 相國 吕不韋 誅 之 ， 盡 入 其 國 。,，。，。：東周君與諸侯謀秦秦使相國吕不韋誅之盡入其國。，，。,0.0,0.5,0.0,1.0,0.0
秦不絶其祀以陽人地賜周君奉其祭祀,秦 不 絶 其 祀 ， 以 陽人 地 賜 周君 ， 奉 其 祭祀 。,"，。，。：""秦""，，。""不絶其祀以陽人地賜周君奉""""""，""""，""其""（），""""祭祀。",0.0,0.28571428571428575,0.0,1.0,0.0
使蒙驁伐韓韓獻成皋鞏,使 蒙驁 伐 韓 ， 韓 獻 成皋 、 鞏 。,，：使蒙驁伐韓韓獻成皋鞏。，。，。，，。,0.0,0.5,0.0,1.0,0.0
秦界至大梁初置三川郡,秦 界 至 大梁 ， 初 置 三川郡 。,"：，""秦界至大梁初置三川郡""。，。，。""""""""，""""，",0.0,0.6666666666666666,0.0,1.0,0.0
二年使蒙驁攻趙定太原,二年 ， 使 蒙驁 攻 趙 ， 定 太原 。,"：，""二年使蒙驁攻趙定太原""。，。。""""，（""""），。",0.0,0.5,0.0,1.0,0.0
三年蒙驁攻魏高都汲拔之,三年 ， 蒙驁 攻 魏 高都 、 汲 ， 拔 之 。,，。，。：- 三年：，。- 蒙驁：，。- 攻魏高都汲拔之：,0.36363636363636365,0.0,0.0,1.0,0.0
攻趙榆次新城狼孟取三十七城,攻 趙 榆次 、 新城 、 狼孟 ， 取 三十七 城 。,"，。，。""攻""（）、""趙""（）、""榆次""（）、""新城""（）、""狼孟""（）、""取""（）、""三十七城""（）。",0.0,0.5454545454545454,0.0,1.0,0.0
四月日食,四月 日食 。,，。，。，，。。四月日食,0.0,0.0,0.0,1.0,0.0
四年王齕攻上黨,（ 四年 ， ） 王齕 攻 上黨 。,四年王齕攻上黨，。，。，，。，（）、，-:，,0.0,0.6666666666666666,0.0,1.0,0.0
初置太原郡,初 置 太原郡 。,初置太原郡，。，，。，、，，,0.0,1.0,0.0,1.0,0.0
魏將無忌率五國兵擊秦秦卻於河外,魏 將 無忌 率 五 國 兵 擊 秦 ， 秦 卻 於 河 外 。,魏 將 無忌  率  五 國 兵  擊 秦  秦卻   於 河 外 ,0.888888888888889,0.0,0.888888888888889,1.0,0.0
蒙驁敗解而去,蒙驁 敗 ， 解 而 去 。,蒙驁敗  解 而 去,0.6666666666666665,0.0,0.6666666666666665,1.0,0.0
五月丙午莊襄王卒子政立是爲秦始皇帝,五月 丙午 ， 莊襄王 卒 ， 子 政 立 ， 是 爲 秦始皇帝 。,，。，。：五月丙午莊襄王卒子政立是爲秦始皇帝。：（），，，。，。,0.0,0.4,0.0,1.0,0.0
秦王政立二十六年初并天下爲三十六郡號爲始皇帝,秦王政 立 二十六 年 ， 初 并 天下 爲 三十六 郡 ， 號 爲 始皇帝 。,"，。，。：- ""秦王政立""，，。- ""二十六年""，，。- ""初并天下爲三十六郡號爲始皇帝""，""""，",0.0,0.0,0.0,1.0,0.0
始皇帝五十一年而崩子胡亥立是爲二世皇帝,始皇帝 五十一 年 而 崩 ， 子 胡亥 立 ， 是 爲 二世皇帝 。,始皇 帝 五十一 年 而 崩 子 胡亥 立 是 爲 二世 皇帝,0.7500000000000001,0.0,0.7500000000000001,1.0,0.0
三年諸侯並起叛秦趙高殺二世立子嬰,三年 ， 諸侯 並 起 叛 秦 ， 趙高 殺 二世 ， 立 子嬰 。,"，。，《》。：- ""三年""，（），。- ""諸侯並起叛秦趙高殺二世立子嬰""""""，，",0.15384615384615385,0.0,0.0,1.0,0.0
子嬰立月餘諸侯誅之遂滅秦,子嬰 立 月 餘 ， 諸侯 誅 之 ， 遂 滅 秦 。,，：子嬰立月餘諸侯誅之遂滅秦。，。。，。，。，,0.0,0.5,0.0,1.0,0.0
其語在始皇本紀中,其 語 在 《 始皇 本紀 》 中 。,其 語 在 始皇 本紀 中,1.0,0.0,1.0,1.0,0.0
太史公曰秦之先爲嬴姓,太史公 曰 ： 秦 之 先 爲 嬴姓 。,"：，""太史公曰秦之先爲嬴姓""。，。，。- """"，，",0.0,0.6666666666666666,0.0,1.0,0.0
其後分封以國爲姓有徐氏郯氏莒氏終黎氏運奄氏菟裘氏將梁氏黄氏江氏脩魚氏白冥氏蜚廉氏秦氏,其 後 分 封 ， 以 國 爲 姓 ， 有 徐氏 、 郯氏 、 莒氏 、 終黎氏 、 運奄氏 、 菟裘氏 、 將梁氏 、 黄氏 、 江氏 、 脩魚氏 、 白冥氏 、 蜚廉氏 、 秦氏 。,其後 分封 以 國 爲 姓 有 徐 氏 郯 氏 莒 氏 終 黎 氏 運 奄 氏 菟裘 氏 將 梁 氏黄  氏 江 氏脩  魚 氏 白 冥 氏蜚  廉 氏 秦 氏,0.1724137931034483,0.0,0.1724137931034483,1.0,0.0
然秦以其先造父封趙城爲趙氏,然 秦 以 其 先造父 封 趙城 ， 爲 趙氏 。,"：，""然秦以其先造父封趙城爲趙氏""。，：。，（）。，",0.0,0.6666666666666666,0.0,1.0,0.0
將置後不知所立乃書訓戒之辭於二簡以授二子曰“謹識之”,將 置 後 ， 不 知 所 立 ， 乃 書 訓戒 之 辭 於 二 簡 ， 以 授 二 子 曰 ： “ 謹 識 之 ！ ”,將 置 後 不 知 所 立 乃 書 訓 戒 之 辭 於 二 簡 以 授二  子 曰 “ 謹 識 之 ”,0.88,0.0,0.88,1.0,0.0
趙襄子使張孟談潛出見二子曰“臣聞唇亡則齒寒今智伯帥韓魏以攻趙趙亡則韓魏為之次矣”,趙襄子 使 張孟談 潛 出 見 二 子 ， 曰 ： “ 臣 聞 唇 亡 則 齒 寒 。 今 智伯 帥 韓 、 魏 以 攻 趙 ， 趙 亡 則 韓 、 魏 為 之 次 矣 。 ”,趙 襄子  使  張孟談潛    出  見  二  子  曰  “  臣聞    唇亡    則  齒  寒  今  智伯  帥  韓  魏  以  攻  趙  趙  亡  則韓    魏  為  之次矣”  ,0.6875,0.0,0.6875,1.0,0.0
二子曰“我心知其然也恐事未遂而謀洩則禍立至矣”張孟談曰“謀出二主之口入臣之耳何傷也”二子乃潛與張孟談約為之期日而遣之,二 子 曰 ： “ 我 心 知 其 然 也 ； 恐 事 未 遂 而 謀 洩 ， 則 禍 立 至 矣 。 ” 張孟談 曰 ： “ 謀 出 二 主 之 口 ， 入 臣 之 耳 ， 何 傷 也 ！ ” 二 子 乃 潛 與 張孟談 約 ， 為 之 期日 而 遣 之 。,二 子 曰 “ 我 心 知 其 然 也 恐 事 未 遂 而謀  洩 則 禍 立 至 矣 ” 張 孟談  曰 “謀  出 二 主 之 口 入 臣 之 耳 何 傷 也 ” 二 子 乃潛  與 張 孟談  約 為 之 期 日 而遣  之,0.7999999999999999,0.0,0.7999999999999999,1.0,0.0
襄子卒弟桓子逐浣而自立一年卒趙氏之人曰“桓子立非襄主意”乃共殺其子復迎浣而立之是為獻子,襄子 卒 ， 弟 桓子 逐 浣 而 自 立 ； 一 年 卒 。 趙氏 之 人 曰 ： “ 桓子 立 非 襄 主 意 。 ” 乃 共 殺 其 子 ， 復 迎 浣 而 立 之 ， 是 為 獻子 。,襄子 卒 弟 桓子 逐 浣 而 自 立 一 年 卒  趙氏 之 人 曰 “  桓子 立 非 襄 主 意  ”  乃 共 殺 其 子 復 迎 浣 而 立 之  是 為 獻子 ,1.0,0.0,1.0,1.0,0.0
獻子生籍是為烈侯,獻子 生 籍 ， 是 為 烈侯 。,：。：獻子生籍是為烈侯。，。：- ：，（），。,0.0,0.6666666666666666,0.0,1.0,0.0
魏於是始大於三晉諸侯莫能與之爭,魏 於是 始 大 於 三晉 ， 諸侯 莫 能 與 之 爭 。,魏          於是始大於  三  晉  諸侯  莫  能  與  之爭    。,0.4761904761904762,0.6666666666666666,0.4761904761904762,1.0,0.31746031746031744
李克曰“子言克於子之君者豈將比周以求大官哉”,李克 曰 ： “ 子 言 克 於 子 之 君 者 ， 豈 將 比周 以 求 大官 哉 ？ ”,李 克 曰 “ 子 言 克 於 子 之 君 者 豈 將 比 周 以 求 大 官 哉 ”,0.7804878048780488,0.0,0.7804878048780488,1.0,0.0
秦伐魏至陽孤,秦 伐 魏 ， 至 陽孤 。,秦伐   魏 至陽   孤  。,0.22222222222222224,0.6666666666666666,0.22222222222222224,1.0,0.14814814814814814
以妾尚在之故重自刑以絕從妾奈何畏歿身之誅終滅賢弟之名遂死於政屍之旁,以 妾 尚 在 之 故 ， 重 自 刑 以 絕 從 。 妾 奈何 畏 歿 身 之 誅 ， 終 滅 賢 弟 之 名 ！ 遂 死 於 政 屍 之 旁 。,"，。，。：以妾尚在之故重自刑以絕從妾奈何畏歿身之誅終滅賢弟之名遂死於政屍之旁。（""""），（""""），（""",0.0,0.33333333333333337,0.0,1.0,0.0
秦惠公薨子出公立,秦惠公 薨 ， 子 出公 立 。,秦惠公薨子出公立，。，。，，。，、，,0.0,0.6666666666666666,0.0,1.0,0.0
趙武侯薨國人復立烈侯之太子章是為敬侯,趙武侯 薨 ， 國人 復 立 烈侯 之 太子 章 ， 是 為 敬侯 。,，。，。：- 趙武侯，（），。- 薨，，，。- 國人復立烈侯之太子章，是為敬侯,0.26666666666666666,0.3333333333333333,0.0,1.0,0.08888888888888888
秦庶長改逆獻公於河西而立之殺出子及其母沈之淵旁,秦 庶長 改 逆 獻公 於 河西 而 立 之 ； 殺 出子 及 其 母 ， 沈 之 淵 旁 。,"，。，。：- ""秦庶長""，（""""），。- ""改逆獻公於河西而立之殺出子及其母沈之淵旁""。""""（），""",0.0,0.4,0.0,1.0,0.0
日有食之既,日 有 食 之 ， 既 。,，：日有食之既。，。，，，。。,0.0,0.6666666666666666,0.0,1.0,0.0
韓文侯薨子哀侯立,韓文侯 薨 ， 子 哀侯 立 。,韓文侯薨子哀侯立，。，。，，。，、，,0.0,0.6666666666666666,0.0,1.0,0.0
衛慎公薨子聲公訓立,衛慎公 薨 ， 子 聲公 訓 立 。,"：，""衛慎公薨子聲公訓立""。，。：- """"：（），。- """"：，",0.0,0.6666666666666666,0.0,1.0,0.0
然吾使人視即墨田野辟人民給官無事東方以寧是子不事吾左右以求助也“封之萬家召阿大夫語之曰”自子守阿譽言日至,然 吾 使 人 視 即墨 ， 田野 辟 ， 人民 給 ， 官 無 事 ， 東方 以 寧 ； 是 子 不 事 吾 左右 以 求 助 也 ！ “ 封 之 萬 家 。 召 阿 大夫 ， 語 之 曰 ： ” 自 子 守 阿 ， 譽 言 日 至 。,然 吾  使  人  視  即墨  田野  辟  人民  給  官  無  事  東方  以  寧  是  子  不  事  吾  左右  以  求  助  也  “  封  之  萬家  召  阿  大夫  語  之  曰  ”  自  子  守  阿譽    言  日至,0.898876404494382,0.0,0.898876404494382,1.0,0.0
吾使人視阿田野不辟人民貧餒昔日趙攻鄄子不救衛取薛陵子不知是子厚幣事吾左右以求譽也”是日烹阿大夫及左右嘗譽者於是群臣聳懼莫敢飾詐務盡其情齊國大治強於天下,吾 使 人 視 阿 ， 田野 不 辟 ， 人民 貧餒 。 昔日 趙 攻 鄄 ， 子 不 救 ； 衛 取 薛陵 ， 子 不 知 ； 是 子 厚 幣 事 吾 左右 以 求 譽 也 ！ ” 是 日 ， 烹 阿 大夫 及 左右 嘗 譽 者 。 於是 群 臣 聳懼 ， 莫 敢 飾 詐 ， 務 盡 其 情 ， 齊國 大治 ， 強 於 天下 。,吾使人視阿田野不辟人民貧餒昔日趙攻鄄子不救衛取薛陵子不知是子厚幣事吾左右以求譽也”是日烹阿大夫及左右嘗譽者於是群臣聳懼莫敢飾詐務盡其情齊國大治強於天下,0.0,0.0,0.0,1.0,0.0
楚肅王薨無子立其弟良夫是為宣王,楚肅王 薨 ， 無 子 ， 立 其 弟 良夫 ， 是 為 宣王 。,楚 肅 王 薨 無 子 立 其 弟 良 夫 是為  宣 王 。,0.4799999999999999,0.4,0.4799999999999999,1.0,0.19199999999999998
魏大夫王錯出奔韓,魏 大夫 王錯 出奔 韓 。,，。：魏大夫王錯出奔韓。，。。，（），。,0.0,1.0,0.0,1.0,0.0
秦魏戰於少梁魏師敗績獲魏公孫痤,秦 、 魏 戰 於 少梁 ， 魏師 敗績 ； 獲 魏 公孫痤 。,"，。，《》。：""秦魏戰於少梁""，。""魏師敗績""，。""獲魏公孫痤""，",0.0,0.0,0.0,1.0,0.0
王出謂左右曰“公叔病甚悲乎欲令寡人以國聽衛鞅也既又勸寡人殺之豈不悖哉”,王 出 ， 謂 左右 曰 ： “ 公叔 病 甚 ， 悲 乎 ， 欲 令 寡人 以 國 聽 衛鞅 也 ！ 既 又 勸 寡人 殺 之 ， 豈 不 悖 哉 ！ ”,，：王出謂左右曰“公叔病甚悲乎欲令寡人以國聽衛鞅也既又勸寡人殺之豈不悖哉”。，。。，，，。，，，,0.0,0.0,0.0,1.0,0.0
公曰“善”以衛鞅為左庶長,公 曰 ： “ 善 。 ” 以 衛鞅 為 左庶長 。,，。，。：公曰，，，，“善”。以，。衛鞅為左庶長，,0.0,0.0,0.0,1.0,0.0
卒定變法之令令民為什伍而相收司連坐告奸者與斬敵首同賞不告奸者與降敵同罰,卒 定 變 法 之 令 。 令 民 為 什伍 而 相 收 司 、 連坐 ， 告 奸 者 與 斬 敵首 同 賞 ， 不 告 奸 者 與 降 敵 同 罰 。,卒 定 變法 之 令 令 民 為 什伍 而 相 收 司 連坐 告 奸 者 與 斬 敵 首 同 賞 不 告 奸 者 與 降 敵 同罰 ,0.8571428571428571,0.0,0.8571428571428571,1.0,0.0
十一年癸亥秦敗韓師於西山,十一年 （ 癸亥 ） 秦 敗 韓師 於 西山 。,，：十一年癸亥秦敗韓師於西山。，。。，，，。，,0.0,0.5,0.0,1.0,0.0
楚昭奚恤為相江乙言於楚王曰“人有愛其狗者狗嘗溺井其鄰人見欲入言之狗當門而噬之今昭奚恤常惡臣之見亦猶是也,楚 昭奚恤 為 相 。 江乙 言 於 楚王 曰 ： “ 人 有 愛 其 狗 者 ， 狗 嘗 溺 井 ， 其 鄰人 見 ， 欲 入 言 之 ， 狗 當 門 而 噬 之 。 今 昭奚恤 常 惡 臣 之 見 ， 亦 猶 是 也 。,楚 昭奚恤 為 相 江乙 言 於 楚王 曰 “ 人 有 愛 其 狗 者  狗 嘗 溺 井  其 鄰人 見  欲 入 言 之  狗 當 門 而噬  之  今 昭奚恤 常 惡 臣 之 見  亦 猶 是 也 ,0.9655172413793104,0.0,0.9655172413793104,1.0,0.0
乃歎曰“吾恨不用公叔之言”,乃 歎 曰 ： “ 吾 恨 不 用 公叔 之 言 ！ ”,乃 歎 曰 “ 吾 恨 不 用 公叔 之 言 ”,1.0,0.0,1.0,1.0,0.0
秦封衛鞅商於十五邑,秦 封 衛鞅 商於 十五 邑 。,秦 封衛  鞅 商 於 十五 邑,0.4615384615384615,0.0,0.4615384615384615,1.0,0.0
詩曰得人者興失人者崩此數者非所以得人也君之出也後車載甲多力而駢脅者為驂乘持矛而操闟戟者旁車而趨,詩 曰 ： 『 得 人 者 興 ， 失 人 者 崩 。 』 此 數 者 ， 非 所 以 得 人 也 。 君 之 出 也 ， 後 車 載 甲 ， 多 力 而 駢脅 者 為 驂乘 ， 持 矛 而 操 闟戟 者 旁 車 而 趨 。,詩 曰 得 人 者 興 失 人 者 崩 此 數 者 非 所 以 得 人 也 君 之 出 也 後 車 載 甲 多 力 而 駢 脅 者 為 驂 乘 持 矛 而 操 闟 戟 者 旁 車 而 趨,0.9010989010989012,0.0,0.9010989010989012,1.0,0.0
臣光曰子思孟子之言一也夫唯仁者為知仁義之為利不仁者不知也,臣 光 曰 ： 子思 、 孟子 之 言 ， 一 也 。 夫 唯 仁 者 為 知 仁義 之 為 利 ， 不 仁 者 不 知 也 。,，：臣光曰子思孟子之言一也夫唯仁者為知仁義之為利不仁者不知也。，。。，，。。,0.0,0.2857142857142857,0.0,1.0,0.0
越王遂伐楚楚人大敗之乘勝盡取吳故地東至於浙江越以此散諸公族爭立或為王或為君濱於海上朝服於楚,越王 遂 伐 楚 。 楚 人 大 敗 之 ， 乘勝 盡 取 吳 故地 ， 東 至 於 浙江 。 越 以 此 散 ， 諸 公族 爭 立 ， 或 為 王 ， 或 為 君 ， 濱 於 海上 ， 朝服 於 楚 。,越王 遂伐  楚  楚人 大敗  之  乘 勝盡  取 吳 故 地  東 至 於 浙江  越 以 此 散  諸 公族爭立    或為王或為  君濱   於 海上  朝 服 於 楚 ,0.5294117647058824,0.0,0.5294117647058824,1.0,0.0
韓高門成昭侯薨子宣惠王立,韓 高門 成 。 昭侯 薨 ， 子 宣惠王 立 。,，：韓高門成昭侯薨子宣惠王立。，。。，，。，,0.0,0.5,0.0,1.0,0.0
六國為一併力西鄉而攻秦秦必破矣夫衡人者皆欲割諸侯之地以與秦秦成則其身富榮國被秦患而不與其憂是以衡人日夜務以秦權恐愒諸侯以求割地,六 國 為 一 ， 併 力 西 鄉 而 攻 秦 ， 秦 必 破 矣 。 夫 衡人 者 皆 欲 割 諸侯 之 地 以 與 秦 ， 秦 成 則 其 身 富榮 ， 國 被 秦 患 而 不 與 其 憂 ， 是以 衡人 日夜 務 以 秦 權 恐愒 諸侯 ， 以 求 割 地 。,六國 為 一併  力 西鄉  而 攻 秦  秦 必 破 矣  夫 衡 人 者  皆 欲 割 諸侯 之 地  以 與 秦  秦 成  則 其 身 富 榮  國 被 秦 患  而 不 與 其 憂  是 以 衡 人 日夜 務 以 秦 權 恐愒 諸侯  以 求 割 地 ,0.8108108108108109,0.0,0.8108108108108109,1.0,0.0
肅侯大說厚待蘇秦尊寵賜賚之以約於諸侯,肅侯 大 說 ， 厚 待 蘇秦 。 尊 寵 賜 賚 之 ， 以 約 於 諸侯 。,肅侯大說厚待蘇秦尊寵賜賚之以約於諸侯，。，。，，。，，。，，,0.0,0.4,0.0,1.0,0.0
兵出而相當不十日而戰勝存亡之機決矣,兵 出 而 相 當 ， 不 十 日 而 戰 ， 勝 存 亡 之 機 決 矣 。,兵 出 而 相當 不 十 日 而 戰 勝 存 亡 之 機 決 矣,0.9090909090909091,0.0,0.9090909090909091,1.0,0.0
今無臣事秦之名而有強國之實臣是故願大王少留意計之”齊王許之,今 無 臣 事 秦 之 名 而 有 強 國 之 實 ， 臣 是故 願 大王 少 留意 計 之 ！ ” 齊王 許 之 。,今 無 臣 事 秦 之 名 而 有 強 國 之 實 臣 是 故願  大 王 少 留 意 計 之 ” 齊 王 許 之,0.7547169811320756,0.0,0.7547169811320756,1.0,0.0
四十七年己亥秦張儀自嚙桑還而免相相魏,四十七年 （ 己亥 ） 秦 張儀 自 嚙桑 還 而 免 相 ， 相 魏 。,四十七年己亥秦張儀自嚙桑還，。，。，，。，、，而免相相魏。，。：,0.0,0.3333333333333333,0.0,1.0,0.0
王從之已而厭之悉以委靖郭君靖郭君由是得專齊之權,王 從 之 ； 已而 厭 之 ， 悉 以 委 靖郭君 。 靖郭君 由是 得 專 齊 之 權 。,王從之已而厭之悉以委靖郭君靖郭君由是得專齊之權。,0.0,0.4,0.0,1.0,0.0
孟嘗君招致諸侯游士及有罪亡人皆捨業厚遇之存救其親戚食客常數千人各自以為孟嘗君親己由是孟嘗君之名重天下,孟嘗君 招 致 諸侯 游士 及 有罪 亡人 ， 皆 捨 業 厚 遇 之 ， 存 救 其 親戚 ， 食客 常 數 千 人 ， 各 自 以 為 孟嘗君 親 己 ， 由是 孟嘗君 之 名 重 天下 。,孟嘗君  招致  諸侯  游士  及  有罪  亡人  皆捨業    厚遇  之  存救  其  親戚  食客  常  數  千  人  各自  以  為  孟嘗君  親己  由  是  孟嘗君  之  名  重  天下  。,0.6666666666666666,0.2857142857142857,0.6666666666666666,1.0,0.19047619047619047
孟子入見而出語人曰“望之不似人君就之而不見所畏焉,孟子 入 見 而 出 ， 語 人 曰 : “ 望 之 不 似 人君 ， 就 之 而 不 見 所 畏 焉 。,，。，。，，。，、，。，。：孟子入見而出語人曰“望之不似人君就之而不見所畏焉,0.0,0.0,0.0,1.0,0.0
取之何如”孟子對曰“取之而燕民悅則取之古之人有行之者武王是也取之而燕民不悅則勿取古之人有行之者文王是也以萬乘之國伐萬乘之國簞食壺漿以迎王師豈有他哉避水火也如水益深如火益熱亦運而已矣”,取 之 何如 ？ ” 孟子 對 曰 ： “ 取 之 而 燕 民 悅 則 取 之 ， 古 之 人 有 行 之 者 ， 武王 是 也 。 取 之 而 燕 民 不 悅 則 勿 取 ， 古 之 人 有 行 之 者 ， 文王 是 也 。 以 萬 乘 之 國 伐 萬 乘 之 國 ， 簞食 壺漿 以 迎 王師 ， 豈 有 他 哉 ？ 避 水 火 也 。 如 水 益 深 ， 如 火 益 熱 ， 亦 運 而已 矣 ！ ”,取之何如”孟子對曰“取之而燕民悅則取之古之人有行之者武王是也。取之而燕民不悅則勿取古之人有行之者文王是也。以萬乘之國伐萬乘之國，簞食壺漿以迎王師豈有他哉避水火也。如水益深，如火益熱，亦運而已矣”。,0.0,0.5454545454545455,0.0,1.0,0.0
如之何其可也天下固畏齊之強也今又倍地而不行仁政是動天下之兵也王速出令反其旄倪止其重器謀於燕眾置君而後去之則猶可及止也”齊王不聽,如 之 何 其 可 也 ！ 天下 固 畏 齊 之 強 也 ， 今 又 倍 地 而 不 行 仁政 ， 是 動 天下 之 兵 也 。 王 速 出 令 。 反 其 旄倪 ， 止 其 重 器 ， 謀 於 燕 眾 ， 置 君 而 後 去 之 ， 則 猶 可 及 止 也 。 ” 齊王 不 聽 。,如之    何  其  可  也  天下  固  畏  齊  之  強  也  今  又  倍  地  而  不  行  仁政  是  動  天下  之  兵  也  王  速  出  令  反  其  旄倪  止  其  重  器謀    於  燕  眾  置  君  而  後  去之則猶可及止也”齊王不聽 ,0.8155339805825242,0.0,0.8155339805825242,1.0,0.0
王曰“吾甚慚於孟子”陳賈曰“王無患焉”乃見孟子曰“周公何人也”曰“古聖人也”陳賈曰“周公使管叔監商管叔以商畔也周公知其將畔而使之與”,王 曰 ： “ 吾 甚 慚 於 孟子 。 ” 陳賈 曰 ： “ 王 無 患 焉 。 ” 乃 見 孟子 ， 曰 ： “ 周公 何 人 也 ？ ” 曰 ： “ 古 聖人 也 。 ” 陳賈 曰 ： “ 周公 使 管叔 監 商 ， 管叔 以 商 畔 也 。 周公 知 其 將 畔 而 使 之 與 ？ ”,王 曰 “ 吾 甚慚  於 孟 子 ” 陳 賈 曰 “ 王 無 患 焉 ” 乃 見 孟 子 曰 “ 周 公 何 人 也 ” 曰 “ 古 聖 人 也 ” 陳 賈 曰 “ 周 公 使 管 叔 監 商 管 叔 以 商 畔 也 周 公 知 其 將 畔 而 使 之 與 ”,0.7272727272727272,0.0,0.7272727272727272,1.0,0.0
言燕國為齊所破已承其後也吊死問孤與百姓同甘苦卑身厚幣以招賢者謂郭隗曰“齊因孤之國亂而襲破燕孤極知燕小力少不足以報然誠得賢士與共國以雪先王之恥孤之願也先生視可者得身事之”郭隗曰“古之人君有以千金使涓人求千里馬者馬已死買其首五百金而返君大怒涓人曰死馬且買之況生者乎馬今至矣不期年千里之馬至者三,言 燕國 為 齊 所 破 ， 已 承 其 後 也 。 〕 吊 死 問 孤 ， 與 百姓 同 甘苦 ， 卑 身 厚 幣 以 招 賢 者 。 謂 郭隗 曰 ： “ 齊 因 孤 之 國 亂 而 襲破 燕 ， 孤 極 知 燕 小 力 少 ， 不 足 以 報 ； 然 誠 得 賢士 與 共 國 ， 以 雪 先王 之 恥 ， 孤 之 願 也 。 先生 視 可 者 ， 得 身 事 之 ！ ” 郭隗 曰 ： “ 古 之 人 君 有 以 千 金 使 涓人 求 千里馬 者 ， 馬 已 死 ， 買 其 首 五百 金 而 返 。 君 大 怒 ， 涓人 曰 ： 『 死馬 且 買 之 ， 況 生 者 乎 ！ 馬 今 至 矣 。 』 不 期 年 ， 千里之馬 至 者 三 。,言 燕 國  為 齊 所 破 已  承 其 後 也  吊 死 問孤   與 百姓 同 甘 苦  卑 身 厚幣以    招 賢 者  謂 郭隗  曰 “  齊 因孤之   國 亂 而襲  破 燕孤   極 知 燕 小 力 少 不足以報      然 誠 得 賢 士 與 共 國以   雪 先 王之  恥孤之願     也  先 生 視 可 者  得 身 事之   ”  郭隗  曰 “  古之  人 君  有以  千 金 使涓  人 求 千 里 馬 者  馬 已 死  買 其 首 五百金而返君大怒涓人曰死馬且買之況生者乎馬今至矣不期年千里之馬至者三 ,0.5674418604651164,0.0,0.5674418604651164,1.0,0.0
今王不事秦秦劫韓驅梁而攻楚則楚危矣秦西有巴蜀治船積粟浮岷江而下一日行五百餘里不至十日而拒捍關捍關驚則從境以東盡城守矣黔中巫郡非王之有,今 王 不 事 秦 ， 秦 劫 韓 驅 梁 而 攻 楚 ， 則 楚 危 矣 。 秦 西 有 巴 、 蜀 ， 治 船 積 粟 ， 浮 岷江 而 下 ， 一 日 行 五百 餘 里 ， 不 至 十 日 而 拒 捍關 ， 捍關 驚 則 從 境 以 東 盡 城 守 矣 ， 黔中 、 巫郡 非 王 之 有 。,今 王 不 事 秦  秦 劫 韓  驅 梁 而 攻 楚  則 楚 危 矣  秦 西 有 巴 蜀  治 船 積 粟  浮 岷 江 而 下  一 日 行 五 百 餘  里  不 至 十 日  而 拒捍關捍關驚      則 從 境 以 東盡   城 守 矣  黔 中 巫 郡非王之有  ,0.793103448275862,0.0,0.793103448275862,1.0,0.0
大王誠能聽臣臣請令秦楚長為兄弟之國無相攻伐”,大王 誠 能 聽 臣 ， 臣 請 令 秦 、 楚 長 為 兄弟 之 國 ， 無 相 攻 伐 。 ”,大 王 誠 能 聽 臣  臣 請 令 秦 楚 長 為 兄弟 之 國  無 相 攻伐 ”,0.85,0.0,0.85,1.0,0.0
今以大王之力舉巴蜀並漢中包兩周守白馬之津,今 以 大王 之 力 ， 舉 巴 、 蜀 ， 並 漢中 ， 包 兩 周 ， 守 白馬 之 津 。,今以大王之力舉巴蜀並漢中包兩周守白馬之津。,0.0,0.2857142857142857,0.0,1.0,0.0
“然則子貢不為歟”曰“亂而不解子貢恥諸”,“ 然 則 子貢 不 為 歟 ？ ” 曰 ： “ 亂 而 不 解 ， 子貢 恥 諸 。 ”,“然則子貢不為歟 ”曰“亂而不解子貢恥諸”。,0.0,0.0,0.0,1.0,0.0
或曰“儀秦其才矣乎跡不蹈已”,或 曰 ： “ 儀 、 秦 其 才 矣 乎 ， 跡 不 蹈 已 ？ ”,或 曰 “ 儀 秦 其 才 矣 乎跡  不 蹈 已 ”,0.888888888888889,0.0,0.888888888888889,1.0,0.0
不以才乎才乎才非吾徒之才也“,不 以 才 乎 ？ 才 乎 才 ， 非 吾 徒 之 才 也 ！ “,不 以  才乎  才乎  才  非  吾  徒  之  才  也  “ ,0.7692307692307692,0.0,0.7692307692307692,1.0,0.0
及三人告之其母投杼下機逾牆而走,及 三 人 告 之 ， 其 母 投 杼 下 機 ， 逾 牆 而 走 。,及 三  人  告  之  其  母  投  杼  下  機  逾牆    而  走  。,0.896551724137931,0.5,0.896551724137931,1.0,0.4482758620689655
使者以報王自往請之曰“吾國東有齊中山北有燕東胡西有樓煩秦韓之邊,使者 以 報 。 王 自 往 請 之 ， 曰 ： “ 吾 國 東 有 齊 、 中山 ， 北 有 燕 、 東胡 ， 西 有 樓煩 、 秦 、 韓 之 邊 。,使 者  以  報  王  自  往  請  之  曰  “  吾  國  東  有  齊  中山  北  有  燕  東胡  西  有  樓煩  秦  韓  之邊   ,0.8888888888888888,0.0,0.8888888888888888,1.0,0.0
主父欲使子治國身胡服將士大夫西北略胡地,主父 欲 使 子 治 國 ， 身 胡服 ， 將 士 大夫 西北 略 胡地 。,主父 欲  使 子 治 國 身 胡服 將士 大夫 西北 略 胡 地 ,0.7857142857142857,0.0,0.7857142857142857,1.0,0.0
寡人誠不勝怒使兵侵君王之邊,寡人 誠 不 勝 怒 ， 使 兵 侵 君王 之 邊 。,"，。，。：""寡人""，（""""），。""誠""，""""""""，。""不勝怒使兵侵君王之邊""""",0.0,0.0,0.0,1.0,0.0
寡人與楚接境婚姻相親,寡人 與 楚 接 境 ， 婚姻 相 親 。,寡人與楚接境婚姻相親。,0.0,0.6666666666666666,0.0,1.0,0.0
十七年癸亥或謂秦王曰“孟嘗君相秦必先齊而後秦秦其危哉”秦王乃以樓緩為相囚孟嘗君欲殺之孟嘗君使人求解於秦王幸姬姬曰“願得君狐白裘”,十七年 （ 癸亥 ） 或 謂 秦王 曰 ： “ 孟嘗君 相 秦 ， 必 先 齊 而 後 秦 ； 秦 其 危 哉 ！ ” 秦王 乃 以 樓緩 為 相 ， 囚 孟嘗君 ， 欲 殺 之 。 孟嘗君 使 人 求 解 於 秦王 幸姬 ， 姬 曰 ： “ 願 得 君 狐白裘 。 ”,，。，，。：。，，；，，，。，，。：十七年癸亥或謂秦王曰“孟嘗君相秦必先齊而後秦秦其危哉”秦王乃以樓緩為相囚孟嘗君欲殺之孟嘗君使人求解於秦王幸姬姬曰“願得君狐白裘”,0.0,0.0,0.0,1.0,0.0
王后悔使追之孟嘗君至關關法雞鳴而出客時尚蚤追者將至客有善為雞鳴者野雞聞之皆鳴孟嘗君乃得脫歸,王 后 悔 ， 使 追 之 。 孟嘗君 至 關 ， 關 法 ， 雞 鳴 而 出 客 ， 時 尚 蚤 ， 追 者 將 至 ， 客 有 善 為 雞 鳴 者 ， 野雞 聞 之 皆 鳴 ， 孟嘗君 乃 得 脫 歸 。,王后悔   使 追 之 孟嘗君 至  關關 法 雞 鳴 而 出 客 時 尚 蚤 追 者將  至 客 有 善 為 雞 鳴 者 野 雞 聞 之 皆 鳴孟嘗君乃得脫歸 ,0.7222222222222223,0.0,0.7222222222222223,1.0,0.0
十八年甲子楚懷王亡歸秦人覺之遮楚道,十八年 （ 甲子 ） 楚懷王 亡 歸 。 秦 人 覺 之 ， 遮 楚道 。,，。，、。：- 十八年：，，。- 甲子楚懷王亡歸秦人覺之遮楚道：，，,0.15384615384615385,0.0,0.0,1.0,0.0
懷王從間道走趙,懷王 從 間道 走 趙 。,，：懷王從間道走趙。，。，，。。，,0.0,1.0,0.0,1.0,0.0
楚人皆憐之如悲親戚諸侯由是不直秦,楚 人 皆 憐 之 ， 如 悲 親戚 。 諸侯 由是 不 直 秦 。,"，。，。：""楚人""，，。""皆憐之如悲親戚諸侯由""""""是不直秦，""""，（）。",0.0,0.3333333333333333,0.0,1.0,0.0
今畏不禮之難而忘吾籍變孰大焉諺曰死者復生生者不愧吾欲全吾言安得全吾身乎子則有賜而忠我矣雖然吾言已在前矣終不敢失”李兌曰“諾子勉之矣吾見子已今年耳”,今 畏 不禮 之 難 而 忘 吾 籍 ， 變 孰 大 焉 ！ 諺 曰 ： 『 死者 復 生 ， 生者 不 愧 。 』 吾 欲 全 吾 言 ， 安 得 全 吾 身 乎 ！ 子 則 有 賜 而 忠 我 矣 。 雖然 ， 吾 言 已 在 前 矣 ， 終 不 敢 失 ！ ” 李兌 曰 ： “ 諾 ， 子 勉 之 矣 ！ 吾 見 子 已 今年 耳 。 ”,今 畏 不禮  之難  而 忘 吾 籍 變 孰 大 焉 諺 曰 死 者 復 生 生 者 不 愧 吾 欲 全 吾 言 安 得 全 吾 身  乎 子 則 有 賜 而 忠 我 矣雖 然   吾 言 已 在 前 矣 終 不 敢 失 ” 李 兌 曰 “ 諾 子 勉 之 矣 吾 見 子 已 今 年 耳 ”,0.8613138686131387,0.0,0.8613138686131387,1.0,0.0
主父使惠文王朝群臣而自從旁窺之見其長子儽然也反北面為臣詘於其弟心憐之於是乃欲分趙而王公子章於代,主父 使 惠文王 朝 群 臣 而 自 從 旁 窺 之 ， 見 其 長子 儽 然 也 ， 反 北面 為 臣 ， 詘 於 其 弟 ， 心 憐 之 ， 於是 乃 欲 分 趙 而 王 公子章 於 代 。,主父 使 惠文王朝  群臣 而 自 從 旁窺  之 ， 見 其 長 子 儽 然 也 ， 反 北面 為 臣 ， 詘 於 其 弟 ， 心 憐 之於 ，  是 乃 欲 分 趙 而 王 公子 章 於 代 。,0.7532467532467534,0.8333333333333334,0.7532467532467534,1.0,0.6277056277056279
公子章之敗也往走主父主父開之,公子章 之 敗 也 ， 往 走 主父 ； 主父 開 之 。,公 子 章 之敗  也 往 走 主父 主父 開 之,0.6666666666666666,0.0,0.6666666666666666,1.0,0.0
齊閔王既滅宋而驕乃南侵楚西侵三晉欲並二周為天子狐咺正議斮之檀衢,齊閔王 既 滅 宋 而 驕 ， 乃 南 侵 楚 ， 西 侵 三 晉 ， 欲 並 二 周 ， 為 天子 。 狐咺 正 議 ， 斮 之 檀衢 。,，：齊閔王既滅宋而驕乃南侵楚西侵三晉欲並二周為天子狐咺正議斮之檀衢。，。。，，，。，,0.0,0.25,0.0,1.0,0.0
燕昭王日夜撫循其人益以富實乃與樂毅謀伐齊樂毅曰”齊霸國之餘業也地大人眾未易獨攻也,燕昭王 日夜 撫循 其 人 ， 益 以 富實 ， 乃 與 樂毅 謀 伐 齊 。 樂毅 曰 ： ” 齊 ， 霸 國 之 餘 業 也 ， 地 大 人 眾 ， 未 易 獨 攻 也 。,燕昭王 日 夜 撫循 其 人 益 以 富 實 乃 與 樂毅  謀伐  齊  樂毅  曰 ”  齊 霸 國 之 餘業  也  地 大 人眾  未 易 獨 攻 也 ,0.7692307692307692,0.0,0.7692307692307692,1.0,0.0
秦尉斯離帥師與三晉之師會之,秦 尉斯離 帥 師 與 三 晉 之 師 會 之 。,"：，""秦尉斯離帥師與三晉之師會之""。，。。""""（），。""",0.0,1.0,0.0,1.0,0.0
今過而不攻以深入為名無損於齊無益於燕而結深怨後必悔之“樂毅曰”齊王伐功矜能謀不逮下廢黜賢良信任諂諛政令戾虐百姓怨懟,今 過 而 不 攻 ， 以 深 入 為 名 ， 無 損 於 齊 ， 無 益 於 燕 而 結 深 怨 ， 後 必 悔 之 。 “ 樂毅 曰 ： ” 齊王 伐 功 矜 能 ， 謀 不 逮 下 ， 廢黜 賢良 ， 信任 諂諛 ， 政令 戾虐 ， 百姓 怨懟 。,今 過 而 不 攻 以 深 入 為 名 無 損 於 齊 無 益 於 燕 而 結 深 怨 後 必悔  之 “ 樂 毅 曰 ” 齊 王 伐 功 矜 能 謀 不逮  下 廢 黜 賢良  信任 諂 諛 政令 戾虐  百姓 怨 懟,0.7835051546391754,0.0,0.7835051546391754,1.0,0.0
樂毅聞晝邑人王蠋賢令軍中環晝邑三十里無入,樂毅 聞 晝邑 人 王蠋賢 ， 令 軍 中 環 晝邑 三十 里 無 入 。,，。，。：樂毅聞晝邑人王蠋賢令軍中環晝邑三十里無入。，。（）、,0.0,0.6666666666666666,0.0,1.0,0.0
國破君亡吾不能存而又欲劫之以兵吾與其不義而生不若死“遂經其頸於樹枝自奮絕脰而死,國 破 君 亡 ， 吾 不 能 存 ， 而 又 欲 劫 之 以 兵 ； 吾 與 其 不 義 而 生 ， 不 若 死 ！ “ 遂 經 其 頸 於 樹枝 ， 自 奮 絕 脰 而 死 。,國 破 君 亡 吾 不 能 存 而 又 欲 劫 之 以 兵 吾 與 其 不 義 而 生 不 若 死 “ 遂 經 其 頸 於 樹 枝 自 奮 絕 脰 而 死 。,0.9610389610389611,0.25,0.9610389610389611,1.0,0.24025974025974028
秦穰侯復為丞相,秦 穰侯 復 為 丞相 。,秦穰侯復為丞相，。，。，，。（）、（），,0.0,1.0,0.0,1.0,0.0
會於澠池王與趙王飲酒酣秦王請趙王鼓瑟趙王鼓之藺相如復請秦王擊缶秦王不肯相如曰“五步之內臣請得以頸血濺大王矣”,會 於 澠池 。 王 與 趙王 飲 ， 酒 酣 ， 秦王 請 趙王 鼓 瑟 ， 趙王 鼓 之 。 藺相如 復 請 秦王 擊 缶 ， 秦王 不 肯 。 相如 曰 ： “ 五 步 之 內 ， 臣 請 得 以 頸 血 濺 大王 矣 ！ ”,會於澠池王與趙王飲酒酣秦王請趙王鼓瑟趙王鼓之藺相如復請秦王擊缶秦王不肯相如曰“五步之內臣請得以頸血濺大王矣”,0.0,0.0,0.0,1.0,0.0
及城潰人爭門而出皆以轊折車敗為燕所擒獨田單宗人以鐵籠得免遂奔即墨是時齊地皆屬燕獨莒即墨未下樂毅乃並右軍前軍以圍莒左軍後軍圍即墨即墨大夫出戰而死即墨人曰“安平之戰田單宗人以鐵籠得全是多智習兵”因共立以為將以拒燕,及 城 潰 ， 人 爭 門 而 出 ， 皆 以 轊 折 車 敗 ， 為 燕 所 擒 ； 獨 田單 宗人 以 鐵籠 得 免 ， 遂 奔 即墨 。 是 時 齊地 皆 屬 燕 ， 獨 莒 、 即墨 未 下 ， 樂毅 乃 並 右軍 、 前軍 以 圍 莒 ， 左軍 、 後軍 圍 即墨 。 即墨 大夫 出 戰 而 死 。 即墨 人 曰 ： “ 安平 之 戰 ， 田單 宗人 以 鐵籠 得 全 ， 是 多 智 習 兵 。 ” 因 共 立 以 為 將 以 拒 燕 。,，。，，。：。，，；，，，。，，。：及城潰人爭門而出皆以轊折車敗為燕所擒獨田單宗人以鐵籠得免遂奔即墨是時齊地皆屬燕獨莒即墨未下樂毅乃並右軍前軍以圍莒左軍後軍圍即墨即墨大夫出戰而死即墨人曰“安平之戰田單宗人以鐵籠得全是多智習兵”因共立以為將以拒燕。,0.0,0.1,0.0,1.0,0.0
樂毅知王不善代之遂奔趙燕將士由是憤惋不和,樂毅 知 王 不 善 代 之 ， 遂 奔 趙 。 燕 將士 由是 憤 惋 不 和 。,，。，。：樂毅知王不善代之遂奔趙燕將士由是憤惋不和。（）（），，。，,0.0,0.5,0.0,1.0,0.0
齊王以太史敫之女為後生太子建太史敫曰“女不取媒因自嫁非吾種也污吾世”,齊王 以 太史敫 之 女 為 後 ， 生 太子建 。 太史敫 曰 ： “ 女 不 取 媒 ， 因 自 嫁 ， 非 吾 種 也 ， 污 吾 世 ！ ”,齊 王  以  太史敫  之  女  為  後  生  太子  建  太史敫  曰  “  女  不  取  媒  因  自  嫁  非  吾  種  也  污  吾  世  ”  。,0.8928571428571429,0.0,0.8928571428571429,1.0,0.0
離毀辱之誹謗墮先王之名臣之所大恐也,離 毀 辱 之 誹 謗 ， 墮 先王 之 名 ， 臣 之 所 大 恐 也 。,，。，。：- 離毀：，，。- 辱：，。- 之誹謗墮先王之名臣之所大恐也：，,0.10526315789473684,0.0,0.0,1.0,0.0
且其志欲為不善內撫百姓外懷戎翟禮天下之賢士其志欲有為願王察之“異日王曰”召相單而來“,且 其 志 欲 為 不 善 ， 內 撫 百姓 ， 外 懷 戎翟 ， 禮 天下 之 賢 士 ， 其 志 欲 有 為 ， 願 王 察 之 ！ “ 異 日 ， 王 曰 ： ” 召 相 單 而 來 ！ “,且 其 志 欲 為 不 善 內 撫 百 姓 外 懷 戎 翟禮  天 下 之 賢 士 其 志 欲 有 為願  王 察 之 “ 異 日 王 曰 ” 召 相單  而 來 “,0.7948717948717948,0.0,0.7948717948717948,1.0,0.0
楚王收東地兵得十餘萬復西取江南十五邑,楚王 收 東 地 兵 ， 得 十餘萬 ， 復 西 取 江南 十五 邑 。,"，。，。：- ""楚王""，（），。- ""收""，""""""""，。- ""東地兵得十餘萬復西取江南十五邑""，",0.25,0.0,0.0,1.0,0.0
魏王不聽卒以南陽為和實修武,魏王 不 聽 ， 卒 以 南陽 為 和 ， 實 修 武 。,，。，。：- 魏王：，（）。，，。- 不聽卒以南陽為和實修武：,0.15384615384615385,0.0,0.0,1.0,0.0
韓厘王薨子桓惠王立,韓厘王 薨 ， 子 桓惠王 立 。,"：，""韓厘王薨子桓惠王立""。，。：- ：（）- ：（）- ：""""",0.0,0.6666666666666666,0.0,1.0,0.0
王若負人徒之眾仗兵革之強乘毀魏之威而欲以力臣天下之主臣恐其有後患也詩曰靡不有初鮮克有終易曰狐涉水濡其尾此言始之易終之難也,王 若 負 人 徒 之 眾 ， 仗 兵革 之 強 ， 乘 毀 魏 之 威 ， 而 欲 以 力 臣 天下 之 主 ， 臣 恐 其 有 後患 也 。 詩 曰 ： 『 靡 不 有 初 ， 鮮 克 有 終 。 』 易 曰 ： 『 狐 涉 水 ， 濡 其 尾 。 』 此 言 始 之 易 ， 終 之 難 也 。,王 若 負 人徒 之 眾 仗 兵革 之 強 乘毀  魏 之 威 而 欲 以 力 臣 天下 之 主 臣 恐 其 有 後患 也  詩 曰  靡 不 有 初  鮮 克 有 終  易 曰  狐 涉 水濡  其 尾  此言  始 之 易 終 之 難 也 ,0.8909090909090909,0.0,0.8909090909090909,1.0,0.0
昔吳之信越也從而伐齊既勝齊人於艾陵還為越王禽於三江之浦,昔 吳 之 信 越 也 ， 從 而 伐 齊 ， 既 勝 齊人 於 艾陵 ， 還 為 越王 禽 於 三江 之 浦 。,，。，。：昔吳之信越也從而伐齊既勝齊人於艾陵還為越王禽於三江之浦。，，，。,0.0,0.4,0.0,1.0,0.0
然後危動燕趙直搖齊楚此四國者不待痛而服矣“,然後 危 動 燕 、 趙 ， 直 搖 齊 、 楚 ， 此 四 國 者 不 待 痛 而 服 矣 。 “,然後危動燕趙直搖齊楚此四國者不待痛而服矣“,0.0,0.0,0.0,1.0,0.0
秦魏楚共伐燕,秦 、 魏 、 楚 共 伐 燕 。,秦魏楚共伐燕，。，。，，。，、，,0.0,0.5,0.0,1.0,0.0
燕惠王薨子武成王立,燕惠王 薨 ， 子 武成王 立 。,，。，。：燕惠王薨，子武成王立。。，（,0.0,1.0,0.0,1.0,0.0
魏人鄭安平遂操范睢亡匿更姓名曰張祿,魏人 鄭安平 遂 操 范睢 亡 匿 ， 更 姓名 曰 張祿 。,，。，。：- 魏人，（），。- 鄭安平遂操范睢亡匿更，，姓名曰張祿。,0.15384615384615385,0.4,0.0,1.0,0.06153846153846154
王微聞其言乃屏左右跽而請曰“先生何以幸教寡人”對曰“唯唯”如是者三,王 微 聞 其 言 ， 乃 屏 左右 ， 跽 而 請 曰 ： “ 先生 何 以 幸 教 寡人 ？ ” 對 曰 ： “ 唯 唯 。 ” 如 是 者 三 。,王微 聞 其 言 乃 屏 左右 跽 而 請 曰 “ 先生 何 以 幸 教 寡人 ” 對 曰 “ 唯唯 ” 如 是 者 三,0.896551724137931,0.0,0.896551724137931,1.0,0.0
范睢曰”非敢然也,范睢 曰 ： ” 非 敢 然 也 ！,：。，：- 范 （），；- 睢 （），；- 曰”非敢然也 ,0.0,0.0,0.0,1.0,0.0
臣羇旅之臣也交疏於王而所願陳者皆匡君之事處人骨肉之間願效愚忠而未知王之心也此所以王三問而不敢對者也臣知今日言之於前明日伏誅於後然臣不敢避也且死者人之所必不免也苟可以少有補於秦而死此臣之所大願也,臣 ， 羇旅 之 臣 也 ， 交 疏 於 王 ， 而 所 願 陳 者 皆 匡 君 之 事 ， 處 人 骨肉 之 間 ， 願 效 愚 忠 而 未 知 王 之 心 也 ， 此 所 以 王 三 問 而 不 敢 對 者 也 。 臣 知 今日 言 之 於 前 ， 明日 伏誅 於 後 ， 然 臣 不 敢 避 也 。 且 死 者 ， 人 之 所 必 不 免 也 ， 苟 可以 少 有 補 於 秦 而 死 ， 此 臣 之 所 大 願 也 。,臣 羇旅 之 臣 也  交 疏 於 王 而 所願陳   者 皆 匡 君 之 事  處 人 骨肉 之 間願   效 愚 忠 而未  知 王 之 心 也  此 所以 王 三 問 而 不 敢 對 者 也  臣 知 今 日 言 之 於 前 明日 伏誅  於 後  然 臣 不 敢 避 也  且 死 者 人 之 所 必 不 免 也  苟 可 以 少 有 補 於 秦 而 死  此臣之所大願也,0.8421052631578948,0.0,0.8421052631578948,1.0,0.0
須賈還以告魏齊魏齊奔趙匿於平原君家,須賈 還 ， 以 告 魏齊 。 魏齊 奔 趙 ， 匿 於 平原君 家 。,須賈 還 以 告  魏齊魏齊奔    趙  匿 於 平原君 家 ,0.8181818181818182,0.0,0.8181818181818182,1.0,0.0
秦伐趙取三城趙王新立太后用事求救於齊齊人曰“必以長安君為質”,秦 伐 趙 ， 取 三 城 。 趙王 新 立 ， 太后 用事 ， 求 救 於 齊 。 齊人 曰 ： “ 必 以 長安君 為 質 。 ”,，。：秦伐趙取三城，趙王新立太后用事，求救於齊，齊人曰“必以長安君為質”。，，,0.0,0.18181818181818182,0.0,1.0,0.0
太后曰“君過矣不若長安君之甚”左師公曰“父母愛其子則為之計深遠媼之送燕后也持其踵而泣念其遠也亦哀之矣已行非不思也祭祀則祝之曰必勿使反豈非為之計長久為子孫相繼為王也哉”太后曰“然”左師公曰“今三世以前至於趙王之子孫為侯者其繼有在者乎”曰“無有”曰“此其近者禍及身遠者及其子孫豈人主之子侯則不善哉位尊而無功奉厚而無勞而挾重器多也今媼尊長安君之位而封之以膏腴之地多與之重器而不及今令有功於國一旦山陵崩長安君何以自托於趙哉”太后曰“諾恣君之所使之”於是為長安君約車百乘質於齊,太后 曰 ： “ 君 過 矣 ！ 不 若 長安君 之 甚 。 ” 左師公 曰 ： “ 父母 愛 其 子 則 為 之 計 深遠 。 媼 之 送 燕后 也 ， 持 其 踵 而 泣 ， 念 其 遠 也 ， 亦 哀 之 矣 。 已 行 ， 非 不 思 也 ， 祭祀 則 祝 之 曰 ： 『 必 勿 使 反 ！ 』 豈 非 為 之 計 長久 ， 為 子孫 相 繼 為 王 也 哉 ？ ” 太后 曰 ： “ 然 。 ” 左師公 曰 ： “ 今 三 世 以 前 ， 至 於 趙王 之 子孫 為 侯 者 ， 其 繼 有 在 者 乎 ？ ” 曰 ： “ 無 有 。 ” 曰 ： “ 此 其 近 者 禍 及 身 ， 遠 者 及 其 子孫 。 豈 人主 之 子 侯 則 不 善 哉 ？ 位 尊 而 無 功 ， 奉 厚 而 無 勞 ， 而 挾 重器 多 也 。 今 媼 尊 長安君 之 位 ， 而 封 之 以 膏腴 之 地 ， 多 與 之 重器 ， 而 不 及 今 令 有 功 於 國 ， 一旦 山陵 崩 ， 長安君 何 以 自 托 於 趙 哉 ？ ” 太后 曰 ： “ 諾 ， 恣 君 之 所 使 之 ！ ” 於是 為 長安君 約 車 百 乘 質 於 齊 。,"，。，，。，。，( ) , - : 、 。 〈 〉 《 》 「 」 『 』 〔 〕 ！ （ ） ， ． ： ； ？，。，，。：太后曰“君過矣不若長安君之甚”左師公曰“父母愛其子則為之計深遠媼之送燕后也持其踵而泣念其遠也亦哀之矣已行非不思也祭祀則祝之曰必勿使反豈非為之計長久為子孫相繼為王也哉”太后曰“然”左師公曰“今三世以前至於趙王之子孫為侯者其繼有在者乎”曰“無有”曰“此其近者禍及身遠者及其子孫豈人主之子侯則不善哉位尊而無功奉厚而無勞而挾重器多也今媼尊長安君之位而封之以膏腴之地多與之重器而不及今令有功於國一旦山陵崩長安君何以自托於趙哉”太后曰“諾恣君之所使之”於是為長安君約車百乘質於齊。，，。，。，",0.0,0.04878048780487806,0.0,1.0,0.0
田單為趙相,田單 為 趙 相 。,，：田單為趙相。，。，，。，，,0.0,1.0,0.0,1.0,0.0
有城市邑十七願再拜獻之大王”趙王以告平陽君豹對曰“聖人甚禍無故之利”,有 城市邑 十七 ， 願 再 拜 獻 之 大王 ！ ” 趙王 以 告 平陽君 豹 ， 對 曰 ： “ 聖人 甚 禍 無 故 之 利 。 ”,有 城市 邑 十七願  再 拜獻  之 大王 ” 趙王 以 告 平陽君 豹 對 曰 “ 聖人甚  禍 無 故 之 利 ”,0.76,0.0,0.76,1.0,0.0
以按據上黨民,以 按 據 上黨 民 。,以 按據  上黨  民,0.6666666666666665,0.0,0.6666666666666665,1.0,0.0
趙王將使趙郝約事於秦割六縣,趙王 將 使 趙郝 約 事 於 秦 ， 割 六 縣 。,，。，。：- 趙王：，，。- 將使趙郝約事於秦割六縣：，。,0.15384615384615385,0.5,0.0,1.0,0.07692307692307693
趙王曰“善”使虞卿東見齊王與之謀秦虞卿未返秦使者已在趙矣,趙王 曰 ： “ 善 。 ” 使 虞卿 東 見 齊王 ， 與 之 謀 秦 。 虞卿 未 返 ， 秦 使者 已 在 趙 矣 。,，。，。：趙王曰“善”使虞卿東見齊王與之謀秦虞卿未返秦使者已在趙矣。，，。，，,0.0,0.2857142857142857,0.0,1.0,0.0
諸喪職者咸不悅乃造謗言,諸 喪 職 者 咸 不 悅 ， 乃 造 謗言 。,，：諸喪職者咸不悅乃造謗言。，。。，。，。，，,0.0,0.6666666666666666,0.0,1.0,0.0
秦王欲為應侯必報其仇聞魏齊在平原君所乃為好言誘平原君至秦而執之,秦王 欲 為 應侯 必 報 其 仇 ， 聞 魏齊 在 平原君 所 ， 乃 為 好言 誘 平原君 至 秦 而 執 之 。,秦 王 欲為  應侯 必 報 其 仇 聞 魏 齊 在 平原君 所 乃為  好言  誘 平原君 至 秦 而執  之,0.6666666666666666,0.0,0.6666666666666666,1.0,0.0
毛遂曰“從定乎”楚王曰“定矣”毛遂謂楚王之左右曰“取雞狗馬之血來”,毛遂 曰 ： “ 從 定 乎 ？ ” 楚王 曰 ： “ 定 矣 。 ” 毛遂 謂 楚王 之 左右 曰 ： “ 取 雞 、 狗 、 馬 之 血 來 ！ ”,毛遂 曰 “ 從 定 乎 ” 楚王 曰 “ 定 矣 ” 毛遂 謂 楚王 之 左右 曰 “ 取 雞 狗 馬 之 血 來 ”,1.0,0.0,1.0,1.0,0.0
毛遂奉銅盤而跪進之楚王曰“王當歃血以定從次者吾君次者遂”遂定從於殿上毛遂左手持盤血而右手招十九人曰“公等相與歃此血於堂下公等錄錄所謂因人成事者也”,毛遂 奉 銅盤 而 跪 進 之 楚王 曰 ： “ 王 當 歃 血 以 定 從 ， 次 者 吾 君 ， 次 者 遂 。 ” 遂 定 從 於 殿 上 。 毛遂 左 手 持 盤血 而 右 手 招 十九 人 曰 ： “ 公 等 相與 歃 此 血 於 堂 下 ！ 公 等 錄錄 ， 所 謂 『 因 人 成 事 』 者 也 。 ”,毛遂 奉 銅 盤 而 跪 進 之 楚 王 曰 “ 王 當歃  血 以 定 從 次 者 吾 君 次 者 遂 ” 遂 定 從 於 殿 上 毛 遂 左 手 持 盤 血 而 右 手 招 十 九 人 曰 “ 公 等 相 與歃  此 血 於 堂 下 公 等錄錄   所 謂 因 人 成 事 者 也 ”,0.8120300751879699,0.0,0.8120300751879699,1.0,0.0
又使將軍新垣衍間入邯鄲因平原君說趙王欲共尊秦為帝以卻其兵齊人魯仲連在邯鄲聞之往見新垣衍曰“彼秦者棄禮義而上首功之國也,又 使 將軍 新垣衍 間 入 邯鄲 ， 因 平原君 說 趙王 ， 欲 共 尊 秦 為 帝 ， 以 卻 其 兵 。 齊人 魯仲連 在 邯鄲 ， 聞 之 ， 往 見 新垣衍 曰 ： “ 彼 秦 者 ， 棄 禮義 而 上 首功 之 國 也 。,又 使 將軍 新垣衍 間 入 邯鄲 因 平原君 說 趙王 欲 共 尊 秦為  帝 以 卻 其 兵 齊人 魯仲連 在 邯鄲 聞 之 往 見 新垣衍 曰 “ 彼 秦 者棄禮  義 而 上 首功 之 國 也,0.9047619047619047,0.0,0.9047619047619047,1.0,0.0
公子患之數請魏王敕晉鄙令救趙及賓客辯士遊說萬端王終不聽公子乃屬賓客約車騎百餘乘欲赴斗以死於趙過夷門見侯生侯生曰“公子勉之矣老臣不能從”,公子 患 之 ， 數 請 魏王 敕 晉鄙 令 救 趙 ， 及 賓客 辯士 遊說 萬端 ， 王 終 不 聽 。 公子 乃 屬 賓客 約 車騎 百餘 乘 ， 欲 赴 斗 以 死 於 趙 ； 過 夷門 ， 見 侯生 。 侯生 曰 ： “ 公子 勉 之 矣 ， 老臣 不 能 從 ！ ”,                           公子患之數請魏王敕晉鄙令救                 趙及賓客辯士遊說萬端王終不聽           公子乃屬賓客約車騎百餘乘欲赴斗以死於趙過夷門見侯生侯生曰“公子 勉 之 矣 老 臣 不 能 從 ”,0.2222222222222222,0.0,0.2222222222222222,1.0,0.0
今公子無他端而欲赴秦軍譬如以肉投餒虎何功之有”公子再拜問計侯嬴屏人曰“吾聞晉鄙兵符在王臥內而如姬最幸力能竊之嘗聞公子為如姬報其父仇如姬欲為公子死無所辭公子誠一開口則得虎符奪晉鄙之兵北救趙西郤秦此五伯之功也”,今 公子 無 他端 而 欲 赴 秦軍 ， 譬如 以 肉 投 餒 虎 ， 何 功 之 有 ！ ” 公子 再 拜 問 計 。 侯嬴 屏 人 曰 ： “ 吾 聞 晉鄙 兵符 在 王 臥 內 ， 而 如姬 最 幸 ， 力 能 竊 之 。 嘗 聞 公子 為 如姬 報 其 父 仇 ， 如姬 欲 為 公子 死 無 所 辭 。 公子 誠 一 開 口 ， 則 得 虎符 ， 奪 晉鄙 之 兵 ， 北 救 趙 ， 西 郤 秦 ， 此 五 伯 之 功 也 。 ”,今公子  無 他 端 而 欲 赴 秦軍   譬如  以 肉 投 餒 虎  何 功 之 有 ”公子   再 拜 問  計 侯 嬴 屏 人 曰 “  吾 聞 晉 鄙 兵 符 在 王 臥 內 而如   姬 最 幸  力 能 竊 之  嘗 聞公子  為如  姬報  其 父 仇如   姬 欲 為公子  死 無 所 辭公子   誠 一 開 口 則 得 虎 符奪   晉 鄙 之 兵 北 救趙西郤秦此五伯之功也”,0.6296296296296295,0.0,0.6296296296296295,1.0,0.0
王齕久圍邯鄲不拔諸侯來救戰數不利,王齕 久 圍 邯鄲 不 拔 ， 諸侯 來 救 ， 戰 數 不 利 。,"，。，。：- ""王齕""，（），。- ""久圍邯鄲不拔諸侯來救戰數不利""：""""",0.13333333333333336,0.0,0.0,1.0,0.0
五十八年甲辰十月免武安君為士伍遷之陰密,五十八年 （ 甲辰 ） 十月 ， 免 武安君 為 士伍 ， 遷 之 陰密 。,，。，。：- 五十八年：，，。- 甲辰十月免武安君為士伍遷之陰密：（，），，,0.16666666666666669,0.0,0.0,1.0,0.0
乃往見異人說曰“吾能大子之門”,乃 往 見 異人 。 說 曰 ： “ 吾 能 大 子 之 門 ！ ”,乃 往 見 異人 說 曰 “ 吾 能 大 子 之 門 ”,1.0,0.0,1.0,1.0,0.0
不窋末年夏后氏政衰去稷不務不窋以失其官而犇戎狄之閒,不窋 末 年 ， 夏后氏 政 衰 ， 去 稷 不 務 ， 不窋 以 失 其 官 而 犇 戎狄 之 閒 。,，。，。：不窋末年夏后氏政衰去稷不務不窋以失其官而犇戎狄之閒。（）（）。，，,0.0,0.4,0.0,1.0,0.0
民皆怒欲戰,民 皆 怒 ， 欲 戰 。,，：民皆怒欲戰。，。。，。，。？,0.0,0.6666666666666666,0.0,1.0,0.0
乃與私屬遂去豳度漆沮踰梁山止於岐下,乃 與 私屬 遂 去 豳 ， 度 漆 、 沮 ， 踰 梁山 ， 止 於 岐 下 。,乃 與 私屬 遂 去 豳 度 漆沮 踰 梁山 止 於 岐下,0.7857142857142856,0.0,0.7857142857142856,1.0,0.0
及他旁國聞古公仁亦多歸之,及 他 旁 國 聞 古公 仁 ， 亦 多 歸 之 。,及 他 旁 國 聞 古公  仁 亦 多歸  之 ,0.8571428571428572,0.0,0.8571428571428572,1.0,0.0
太顛閎夭散宜生鬻子辛甲大夫之徒皆往歸之,太顛 、 閎夭 、 散宜生 、 鬻子 、 辛甲大夫 之 徒 皆 往 歸 之 。,太顛 閎 夭 散 宜 生 鬻 子 辛 甲 大夫 之 徒 皆 往歸  之,0.3703703703703703,0.0,0.3703703703703703,1.0,0.0
曰譖西伯者崇侯虎也,曰 ： 「 譖 西伯 者 ， 崇侯虎 也 。 」,"：。""曰譖西伯者崇侯虎也""，。，""""。，""""，",0.0,0.5,0.0,1.0,0.0
而作豐邑自岐下而徙都豐,而 作 豐邑 ， 自 岐 下 而 徙 都 豐 。,，。，。：- 而：，，作。- ：，，。- 豐邑自岐下而徙都豐,0.0,0.0,0.0,1.0,0.0
其囚羑里蓋益易之八卦爲六十四卦,其 囚 羑里 ， 蓋 益 《 易 》 之 八 卦 爲 六十四 卦 。,其 囚羑  里 蓋 益 易 之 八 卦  爲 六 十 四 卦,0.6923076923076924,0.0,0.6923076923076924,1.0,0.0
改法度制正朔矣,改 法度 ， 制 正朔 矣 。,改 法度 制 正朔 矣,1.0,0.0,1.0,1.0,0.0
武王自稱太子發言奉文王以伐不敢自專,武王 自 稱 太子發 ， 言 奉 文王 以 伐 ， 不 敢 自 專 。,武 王 自稱  太 子 發 言 奉 文 王 以 伐 不 敢 自 專,0.5517241379310345,0.0,0.5517241379310345,1.0,0.0
乃告司馬司徒司空諸節齊栗信哉予無知以先祖有德臣小子受先功畢立賞罰以定其功,乃 告 司馬 、 司徒 、 司空 、 諸 節 ： 「 齊 栗 ， 信 哉 ！ 予 無 知 ， 以 先祖 有 德 臣 ， 小子 受 先 功 ， 畢 立 賞 罰 ， 以 定 其 功 。 」,乃 告 司馬 司徒 司空 諸 節 齊 栗 信 哉 予 無 知 以 先祖 有 德 臣 小子 受 先 功畢  立賞  罰 以 定 其 功,0.9,0.0,0.9,1.0,0.0
曰遠矣西土之人,曰 ： 「 遠 矣 西 土 之 人 ！ 」,曰遠矣西土之人，。，。，，。，、，,0.0,0.0,0.0,1.0,0.0
封商紂子禄父殷之餘民,封 商紂 子 禄父 殷 之 餘 民 。,"，。，。：""封""，""""""""。""商紂子禄父殷之餘民""""""，""""，""",0.0,0.0,0.0,1.0,0.0
封尚父於營丘曰齊,封 尚父 於 營丘 ， 曰 齊 。,，。，。：封尚父於營丘曰齊。，，，。，。,0.0,0.6666666666666666,0.0,1.0,0.0
周公受禾東土魯天子之命,周公 受 禾 東 土 ， 魯 天子 之 命 。,，：周公受禾東土魯天子之命。，。。，。，。：- ,0.0,0.6666666666666666,0.0,1.0,0.0
昭王南巡狩不返卒於江上,昭王 南 巡狩 不 返 ， 卒 於 江 上 。,，：昭王南巡狩不返卒於江上。，。。，。，。，,0.0,0.6666666666666666,0.0,1.0,0.0
穆王卽位春秋已五十矣,穆王 卽 位 ， 春秋 已 五十 矣 。,穆王卽 位 春秋 已 五十 矣,0.7692307692307692,0.0,0.7692307692307692,1.0,0.0
大夫芮良夫諫厲王曰王室其將卑乎夫榮公好專利而不知大難夫利百物之所生也天地之所載也而有專之其害多矣天地百物皆將取焉何可專也所怒甚多不備大難以是教王王其能久乎夫王人者將導利而布之上下者也使神人百物無不得極猶日怵惕懼怨之來也故頌曰思文后稷克配彼天立我蒸民莫匪爾極大雅曰陳錫載周是不布利而懼難乎故能載周以至于今今王學專利其可乎匹夫專利猶謂之盜王而行之其歸鮮矣榮公若用周必敗也,大夫 芮良夫 諫 厲王 曰 ： 「 王室 其 將 卑 乎 ？ 夫 榮公 好 專 利 而 不 知 大 難 。 夫 利 ， 百物 之 所 生 也 ， 天地 之 所 載 也 ， 而 有 專 之 ， 其 害 多 矣 。 天地 百物 皆 將 取 焉 ， 何 可 專 也 ？ 所 怒 甚 多 ， 不 備 大 難 。 以 是 教 王 ， 王 其 能 久 乎 ？ 夫 王 人 者 ， 將 導 利 而 布 之 上下 者 也 。 使 神 人 百物 無 不 得 極 ， 猶 日 怵 惕 懼 怨 之 來 也 。 故 《 頌 》 曰 『 思 文 后稷 ， 克 配 彼 天 ， 立 我 蒸 民 ， 莫 匪 爾 極 』 。 《 大雅 》 曰 『 陳 錫 載 周 』 。 是 不 布 利 而 懼 難 乎 ， 故 能 載 周 以 至 于 今 。 今 王 學 專 利 ， 其 可 乎 ？ 匹夫 專 利 ， 猶 謂 之 盜 ， 王 而 行 之 ， 其 歸 鮮 矣 。 榮公 若 用 ， 周 必 敗 也 。 」,，。，，。，。，。，。，。，，、、，。，、。，，，。。，、、、、。，。，，，，。，，，，。：大夫芮良夫諫厲王曰王室其將卑乎夫榮公好專利而不知大難夫利百物之所生也天地之所載也而有專之其害多矣天地百物皆將取焉何可專也所怒甚多不備大難以是教王王其能久乎夫王人者將導利而布之上下者也使神人百物無不得極猶日怵惕懼怨之來也故頌曰思文后稷克配彼天立我蒸民莫匪爾極大雅曰陳錫載周是不布利而懼難乎故能載周以至于今今王學專利其可乎匹夫專利猶謂之盜王而行之其歸鮮矣榮公若用周必敗也,0.0,0.0,0.0,1.0,0.0
召公曰是鄣之也防民之口甚於防水水壅而潰傷人必多民亦如之是故爲水者決之使導爲民者宣之使言故天子聽政使公卿至於列士獻詩瞽獻曲史獻書師箴瞍賦矇誦百工諫庶人傳語近臣盡規親戚補察瞽史教誨耆艾脩之而后王斟酌焉是以事行而不悖民之有口也猶土之有山川也財用於是乎出猶其有原隰衍沃也衣食於是乎生口之宣言也善敗於是乎興行善而備敗所以産財用衣食者也夫民慮之於心而宣之於口成而行之若壅其口其與能幾何,召公 曰 ： 「 是 鄣 之 也 。 防 民 之 口 ， 甚 於 防 水 。 水 壅 而 潰 ， 傷 人 必 多 ， 民 亦 如 之 。 是故 爲 水 者 決 之 使 導 ， 爲 民 者 宣 之 使 言 。 故 天子 聽 政 ， 使 公卿 至 於 列士 獻 詩 ， 瞽 獻 曲 ， 史 獻 書 ， 師 箴 ， 瞍 賦 ， 矇 誦 ， 百工 諫 ， 庶人 傳 語 ， 近 臣 盡 規 ， 親戚 補 察 ， 瞽 史 教 誨 ， 耆艾 脩 之 ， 而后 王 斟酌 焉 ， 是以 事 行 而 不 悖 。 民 之 有 口 也 ， 猶 土 之 有 山 川 也 ， 財 用 於 是 乎 出 ； 猶 其 有 原 隰 衍沃 也 ， 衣 食 於 是 乎 生 。 口 之 宣 言 也 ， 善 敗 於 是 乎 興 。 行 善 而 備 敗 ， 所 以 産 財 用 衣 食 者 也 。 夫 民 慮 之 於 心 而 宣 之 於 口 ， 成 而 行 之 。 若 壅 其 口 ， 其 與 能 幾何 ？ 」,，。，。：召公曰是鄣之也防民之口甚於防水水壅而潰傷人必多民亦如之是故爲水者決之使導爲民者宣之使言故天子聽政使公卿至於列士獻詩瞽獻曲史獻書師箴瞍賦矇誦百工諫庶人傳語近臣盡規親戚補察瞽史教誨耆艾脩之而后王斟酌焉是以事行而不悖民之有口也猶土之有山川也財用於是乎出猶其有原隰衍沃也衣食於是乎生口之宣言也善敗於是乎興行善而備敗所以産財用衣食者也夫民慮之於心而宣之於口成而行之若壅其口其與能幾何。，，。。，，。，，，（）。，、，。，,0.0,0.0,0.0,1.0,0.0
召公曰昔吾驟諫王王不從以及此難也今殺王太子王其以我爲讎而懟怒乎夫事君者險而不讎懟怨而不怒況事王乎,召公 曰 ： 「 昔 吾 驟 諫 王 ， 王 不 從 ， 以 及 此 難 也 。 今 殺 王太子 ， 王 其 以 我 爲 讎 而 懟 怒 乎 ？ 夫 事 君 者 ， 險 而 不 讎 懟 ， 怨 而 不 怒 ， 況 事 王 乎 ！ 」,召公 曰 昔 吾 驟 諫 王  王 不 從 以 及 此 難 也  今 殺 王 太 子  王 其 以 我 爲 讎  而 懟 怒 乎  夫 事 君 者  險 而 不 讎  懟 怨 而 不 怒況   事 王 乎 ,0.9230769230769231,0.0,0.9230769230769231,1.0,0.0
昔自夏后氏之衰也有二神龍止於夏帝庭而言曰余襃之二君,昔 自 夏后氏 之 衰 也 ， 有 二 神 龍 止 於 夏帝 庭 而 言 曰 ： 「 余 ， 襃 之 二 君 。 」,，：昔自夏后氏之衰也有二神龍止於夏帝庭而言曰余襃之二君。，。。，，。，。，,0.0,0.4,0.0,1.0,0.0
襄王母蚤死後母曰惠后,襄王 母 蚤 死 ， 後母 曰 惠后 。,"，。，。：- ""襄王""，（），。- ""母蚤死後""，母曰惠后，。",0.22222222222222224,0.4,0.0,1.0,0.0888888888888889
頃王六年崩子匡王班立,頃王 六年 ， 崩 ， 子 匡王 班 立 。,"：，""頃王六年崩子匡王班立""。，。：- """"：（），。- """"：，",0.0,0.5,0.0,1.0,0.0
十四年簡王崩子靈王泄心立,十四年 ， 簡王 崩 ， 子 靈王 泄心 立 。,，：十四年簡王崩子靈王泄心立。，。，。：- ：，，。- ：,0.0,0.5,0.0,1.0,0.0
二十七年靈王崩子景王貴立,二十七年 ， 靈王 崩 ， 子 景王 貴 立 。,，：二十七年靈王崩子景王貴立。，。。，。，。：- ,0.0,0.5,0.0,1.0,0.0
安王立二十六年崩子烈王喜立,安王 立 二十六 年 ， 崩 ， 子 烈王 喜 立 。,安王立二十六年崩子烈王喜立，。，。，，。，、，。，,0.0,0.5,0.0,1.0,0.0
三十三年賀秦惠王,三十三年 ， 賀 秦惠王 。,，：三十三年賀秦惠王。。：- ：，。，，,0.0,0.6666666666666666,0.0,1.0,0.0
其後諸侯皆爲王,其 後 諸侯 皆 爲 王 。,其 後 諸侯 皆 爲 王,1.0,0.0,1.0,1.0,0.0
四十八年顯王崩子慎靚王定立,四十八年 ， 顯王 崩 ， 子 慎靚王 定 立 。,四十八年顯王崩子慎靚王，。，。，，。定立，（）、，-，。，,0.0,0.4,0.0,1.0,0.0
西周武公之共太子死有五庶子毋適立,西周武公 之 共太子 死 ， 有 五 庶子 ， 毋 適 立 。,，。，。：- 西周武公：，（），。- 之共太子死有五庶子毋適立：，，,0.16666666666666669,0.0,0.0,1.0,0.0
而楚以周爲秦故將伐之,而 楚 以 周 爲 秦 故 ， 將 伐 之 。,"：，""而楚以周爲秦故將伐之""。，。。""""，。，",0.0,0.6666666666666666,0.0,1.0,0.0
代曰君何患於是臣能使韓毋徵甲與粟於周又能爲君得高都,代 曰 ： 「 君 何 患 於 是 。 臣 能 使 韓 毋 徵 甲 與 粟 於 周 ， 又 能 爲 君 得 高都 。 」,，。，。：代曰君何患於是臣能使韓毋徵甲與粟於周又能爲君得高都。，。。，，,0.0,0.4,0.0,1.0,0.0
韓相國大怒曰吾毋徵甲與粟於周亦已多矣何故與周高都也,韓 相國 大 怒 曰 ： 「 吾 毋 徵 甲 與 粟 於 周 亦 已 多 矣 ， 何 故 與 周 高都 也 ？ 」,，。，。：韓相國大怒曰吾毋徵甲與粟於周亦已多矣何故與周高都也。，，。。,0.0,0.0,0.0,1.0,0.0
,」,,0.0,0.0,0.0,1.0,0.0
四十二年秦破華陽約,四十二年 ， 秦 破 華陽 約 。,"：，""四十二年秦破華陽約""。，、。，。- """"，（",0.0,0.6666666666666666,0.0,1.0,0.0
梁王曰善,梁王 曰 ： 「 善 。 」,，：梁王曰善。，。，，。：、、、，,0.0,0.6666666666666666,0.0,1.0,0.0
客謂相國曰秦之輕重未可知也秦欲知三國之情公不如急見秦王曰請爲王聽東方之變秦王必重公重公是秦重周周以取秦也齊重則固有周聚以收齊是周常不失重國之交也,客 謂 相國 曰 ： 「 秦 之 輕 重 未 可 知 也 。 秦 欲 知 三 國 之 情 。 公 不 如 急 見 秦王 曰 『 請 爲 王 聽 東方 之 變 』 ， 秦王 必 重 公 。 重 公 ， 是 秦 重 周 ， 周 以 取 秦 也 ； 齊 重 ， 則 固 有 周聚 以 收 齊 ： 是 周 常 不 失 重 國 之 交 也 。 」,客謂  相國 曰 秦 之 輕重 未 可 知 也  秦 欲 知 三國 之 情  公 不 如 急 見 秦王 曰  請 爲 王聽  東方 之 變  秦王 必 重 公  重 公 是 秦 重 周  周 以 取 秦 也  齊 重 則 固 有 周 聚 以 收 齊  是 周 常 不 失 重 國 之 交 也 ,0.8854961832061069,0.0,0.8854961832061069,1.0,0.0
秦昭王怒使將軍摎攻西周,秦昭王 怒 ， 使 將軍 摎 攻 西周 。,"，。，。：- ""秦昭王""，（），。- ""怒""，，。- ""使將軍摎攻西周""",0.4,0.0,0.0,1.0,0.0
周君王赧卒周民遂東亡,周君 、 王赧 卒 ， 周民 遂 東 亡 。,周君王赧卒周民遂東亡，。，。，，。，、，。,0.0,0.5,0.0,1.0,0.0
秦取九鼎寶器而遷西周公於𢠸狐,秦 取 九 鼎 寶 器 ， 而 遷 西周公 於 𢠸狐 。,"，。，。：- ""秦取九鼎寶器而遷西周公於𢠸狐""：（）。""""，，。- ",0.0,0.6666666666666666,0.0,1.0,0.0
自太戊以下中衍之後遂世有功以佐殷國故嬴姓多顯遂爲諸侯,自 太戊 以 下 ， 中衍 之 後 ， 遂 世 有 功 ， 以 佐 殷國 ， 故 嬴姓 多 顯 ， 遂 爲 諸侯 。,"，。，""""""""。，""自""、""太戊以下中衍之後遂世有功以佐殷國故嬴姓多顯遂爲諸侯""。，（），，",0.0,0.25,0.0,1.0,0.0
其玄孫曰中潏在西戎保西垂,其 玄孫 曰 中潏 ， 在 西 戎 ， 保 西 垂 。,其 玄 孫 曰 中潏  在 西 戎 保 西 垂,0.8571428571428572,0.0,0.8571428571428572,1.0,0.0
蜚廉復有子曰季勝,蜚廉 復 有 子 曰 季勝 。,蜚廉復，。，。，，。、，有子曰季勝。,0.0,0.6666666666666666,0.0,1.0,0.0
非子居犬丘好馬及畜善養息之,非子 居 犬丘 ， 好 馬 及 畜 ， 善 養 息 之 。,非子居犬丘好馬及畜善養息之,0.0,0.0,0.0,1.0,0.0
犬丘人言之周孝王孝王召使主馬于汧渭之閒馬大蕃息,犬丘 人 言 之 周孝王 ， 孝王 召 使 主 馬 于 汧 渭 之 閒 ， 馬 大 蕃息 。,，。，。，，。，、，。，。：犬丘人言之周孝王孝王召使主馬于汧渭之閒馬大蕃息,0.0,0.0,0.0,1.0,0.0
孝王欲以爲大駱適嗣,孝王 欲 以 爲 大駱 適嗣 。,"：，""孝王欲以爲大駱適嗣""。，。。""""（），",0.0,1.0,0.0,1.0,0.0
秦嬴生秦侯,秦嬴 生 秦侯 。,秦嬴生秦侯，。，。，，。，、，,0.0,1.0,0.0,1.0,0.0
生公伯,生 公伯 。,生 公 伯,0.4,0.0,0.4,1.0,0.0
十年初爲鄜畤用三牢,十年 ， 初 爲 鄜畤 ， 用 三牢 。,十 年 初 爲 鄜畤   用 三 牢,0.5714285714285715,0.0,0.5714285714285715,1.0,0.0
十二年伐蕩氏取之,十二年 ， 伐 蕩氏 ， 取 之 。,十 二 年  伐  蕩 氏  取  之  。,0.4615384615384615,0.5,0.4615384615384615,1.0,0.23076923076923075
十年伐邽冀戎初縣之,十年 ， 伐 邽 、 冀 戎 ， 初 縣 之 。,十 年 伐邽  冀 戎 初縣  之,0.39999999999999997,0.0,0.39999999999999997,1.0,0.0
後子孫飲馬於河,後 子孫 飲馬 於 河 。,後 子孫 飲 馬 於 河,0.7272727272727272,0.0,0.7272727272727272,1.0,0.0
子七人莫立立其弟繆公,子 七 人 ， 莫 立 ， 立 其 弟 繆公 。,，：子七人莫立立其弟繆公。，。，。。，，。,0.0,0.5,0.0,1.0,0.0
百里傒亡秦走宛楚鄙人執之,百里傒 亡 秦 走 宛 ， 楚 鄙人 執 之 。,，：百里傒亡秦走宛楚鄙人執之。，。。，。，。，,0.0,0.6666666666666666,0.0,1.0,0.0
繆公聞百里傒賢欲重贖之恐楚人不與乃使人謂楚曰吾媵臣百里傒在焉請以五羖羊皮贖之,繆公 聞 百里傒 賢 ， 欲 重 贖 之 ， 恐 楚人 不 與 ， 乃 使 人 謂 楚 曰 ： 「 吾 媵臣 百里傒 在 焉 ， 請 以 五 羖羊皮 贖 之 。 」,"，。，。：  ""繆公聞百里傒賢欲重贖之恐楚人不與乃使人謂楚曰吾媵臣百里傒在焉請以五羖羊皮贖之""  ，""""""""，，，",0.0,0.0,0.0,1.0,0.0
百里傒讓曰臣不及臣友蹇叔蹇叔賢而世莫知臣常游困於齊而乞食䬹人蹇叔收臣臣因而欲事齊君無知蹇叔止臣臣得脱齊難遂之周周王子穨好牛臣以養牛干之及穨欲用臣蹇叔止臣臣去得不誅事虞君蹇叔止臣臣知虞君不用臣臣誠私利禄爵且留再用其言得脱一不用及虞君難是以知其賢,百里傒 讓 曰 ： 「 臣 不 及 臣 友 蹇叔 ， 蹇叔 賢 而 世 莫 知 。 臣 常 游 困 於 齊 而 乞 食 䬹 人 ， 蹇叔 收 臣 。 臣 因 而 欲 事 齊君 無知 ， 蹇叔 止 臣 ， 臣 得 脱 齊 難 ， 遂 之 周 。 周 王子穨 好 牛 ， 臣 以 養 牛 干 之 。 及 穨 欲 用 臣 ， 蹇叔 止 臣 ， 臣 去 ， 得 不 誅 。 事 虞君 ， 蹇叔 止 臣 。 臣 知 虞君 不 用 臣 ， 臣 誠 私 利 禄 爵 ， 且 留 。 再 用 其 言 ， 得 脱 ， 一 不 用 ， 及 虞君 難 ： 是以 知 其 賢 。 」,百里傒讓  曰臣  不 及臣  友蹇叔蹇叔   賢 而 世 莫 知臣  常 游 困 於 齊 而 乞 食 䬹 人蹇叔  收臣臣   因 而 欲 事 齊 君 無 知蹇叔  止臣臣   得 脱 齊 難 遂 之 周 周 王 子 穨 好 牛臣  以 養 牛 干 之 及 穨 欲 用臣蹇叔   止臣臣   去 得 不 誅 事 虞 君蹇叔  止臣臣   知 虞 君 不 用臣臣   誠 私 利 禄 爵 且 留 再 用 其言得脱一不用及虞君難是以知其賢 ,0.56353591160221,0.0,0.56353591160221,1.0,0.0
於是繆公許之使百里傒將兵送夷吾,於是 繆公 許 之 ， 使 百里傒 將 兵 送 夷吾 。,於 是 繆 公 許 之  使 百里傒 將 兵 送 夷吾 ,0.7272727272727272,0.0,0.7272727272727272,1.0,0.0
繆公許之使人與丕鄭歸召吕郤,繆公 許 之 ， 使 人 與 丕鄭 歸 ， 召 吕 、 郤 。,"，。，。：""繆公""，，（）。""許之使人與丕鄭歸召吕郤""""""，""""，。""",0.0,0.3333333333333333,0.0,1.0,0.0
晉君從之,晉君 從 之 。,晉君從之，。，。，，。，、,0.0,1.0,0.0,1.0,0.0
夷吾姊亦爲繆公夫人夫人聞之乃衰絰跣曰妾兄弟不能相救以辱君命,夷吾 姊 亦 爲 繆公 夫人 ， 夫人 聞 之 ， 乃 衰絰 跣 ， 曰 ： 「 妾 兄弟 不 能 相 救 ， 以 辱 君 命 。 」,，。，。：夷吾姊亦爲繆公夫人夫人聞之乃衰絰跣曰妾兄弟不能相救以辱君命。，（、），。，,0.0,0.2857142857142857,0.0,1.0,0.0
二十二年晉公子圉聞晉君病曰梁我母家也而秦滅之我兄弟多卽君百歲後秦必留我而晉輕亦更立他子,二十二年 ， 晉 公子 圉 聞 晉君 病 ， 曰 ： 「 梁 ， 我 母家 也 ， 而 秦 滅 之 。 我 兄弟 多 ， 卽 君 百歲 後 ， 秦 必 留 我 ， 而 晉 輕 ， 亦 更 立 他 子 。 」,二十二年 晉 公子圉  聞 晉 君 病 曰 梁 我 母 家 也 而 秦 滅 之 我 兄弟 多卽  君 百歲  後 秦 必 留 我 而 晉 輕 亦 更 立 他 子,0.8285714285714286,0.0,0.8285714285714286,1.0,0.0
子圉是爲懷公,子圉 是 爲 懷公 。,"，。，。""子圉是爲懷公""。：- """"：",0.0,1.0,0.0,1.0,0.0
行日百里傒蹇叔二人哭之,行 日 ， 百里傒 、 蹇叔 二 人 哭 之 。,行日百里傒蹇叔二人哭之，。，。，，。，、，。,0.0,0.5,0.0,1.0,0.0
秦三將軍相謂曰將襲鄭鄭今已覺之往無及已,秦 三 將軍 相 謂 曰 ： 「 將 襲 鄭 ， 鄭 今 已 覺 之 ， 往 無 及 已 。 」,秦  三  將軍  相謂    曰  將襲    鄭  鄭  今  已覺    之  ，  往  無  及  已  。 ,0.7272727272727272,0.6666666666666666,0.7272727272727272,1.0,0.48484848484848475
由余其先晉人也亡入戎能晉言,由余 ， 其 先 晉人 也 ， 亡 入 戎 ， 能 晉言 。,由余 其 先 晉 人 也 亡 入 戎 能 晉 言,0.7272727272727272,0.0,0.7272727272727272,1.0,0.0
於是秦乃歸由余,於是 秦 乃 歸 由余 。,於 是 秦  乃歸   由余  。,0.4000000000000001,1.0,0.4000000000000001,1.0,0.4000000000000001
以申思不用蹇叔百里傒之謀故作此誓令後世以記余過,以 申 思 不 用 蹇叔 、 百里傒 之 謀 ， 故 作 此 誓 ， 令 後世 以 記 余 過 。,以 申 思 不 用 蹇叔 百里傒 之謀  故 作 此 誓 令 後 世 以 記 余 過,0.8421052631578947,0.0,0.8421052631578947,1.0,0.0
天子使召公過賀繆公以金鼓,天子 使 召公 過 賀 繆公 以 金鼓 。,，。，。：- 天子 ，，。- 使 ，，。- 召公過賀繆公以金鼓 ，（,0.36363636363636365,0.0,0.36363636363636365,1.0,0.0
君子曰秦繆公廣地益國東服彊晉西霸戎夷然不爲諸侯盟主亦宜哉死而弃民收其良臣而從死且先王崩尚猶遺德垂法況奪之善人良臣百姓所哀者乎是以知秦不能復東征也,君子 曰 ： 「 秦繆公 廣 地 益 國 ， 東 服 彊 晉 ， 西 霸 戎夷 ， 然 不 爲 諸侯 盟主 ， 亦 宜 哉 。 死 而 弃 民 ， 收 其 良 臣 而 從 死 。 且 先王 崩 ， 尚 猶 遺 德 垂 法 ， 況 奪 之 善 人 良 臣 百姓 所 哀 者 乎 ？ 是以 知 秦 不 能 復 東 征 也 。 」,君子曰秦繆公廣地益國東服彊晉西霸戎夷然不爲諸侯盟主亦宜哉死而弃民收其良臣而從死且先王崩尚猶遺德垂法況奪之善人良臣百姓所哀者乎是以知秦不能復東征也,0.0,0.0,0.0,1.0,0.0
往歲繆公之卒晉襄公亦卒襄公之弟名雍秦出也在秦,往歲 繆公 之 卒 ， 晉襄公 亦 卒 ； 襄公 之 弟 名 雍 ， 秦 出 也 ， 在 秦 。,"往歲繆。：，""公之卒晉""（）、""襄公亦卒""（），""襄公之弟名雍秦出也在秦""：""""（",0.0,0.0,0.0,1.0,0.0
晉人患隨會在秦爲亂乃使魏讎餘詳反合謀會詐而得會會遂歸晉,晉人 患 隨會 在 秦 爲 亂 ， 乃 使 魏讎餘 詳 反 ， 合 謀 會 ， 詐 而 得 會 ， 會 遂 歸 晉 。,晉人 患 隨 會 在 秦 爲 亂 乃 使 魏 讎 餘 詳 反 合 謀 會 詐 而 得 會 會 遂歸  晉,0.7916666666666667,0.0,0.7916666666666667,1.0,0.0
三年楚莊王彊北兵至雒問周鼎,三年 ， 楚莊王 彊 ， 北 兵 至 雒 ， 問 周鼎 。,三 年 楚 莊 王 彊 北 兵 至 雒 問 周 鼎,0.5454545454545455,0.0,0.5454545454545455,1.0,0.0
桓公三年晉敗我一將,桓公 三年 ， 晉 敗 我 一 將 。,"，。""桓公三年"" ，。 ""晉敗我一將""，：。，《》，《》",0.0,0.5,0.0,1.0,0.0
是時晉悼公爲盟主,是 時 晉悼公 爲 盟主 。,是 時  晉  悼公  爲  盟主  。,0.7272727272727272,1.0,0.7272727272727272,1.0,0.7272727272727272
對曰秦公無道畏誅欲待其後世乃歸,對 曰 ： 「 秦公 無 道 ， 畏 誅 ， 欲 待 其 後世 乃 歸 。 」,對 曰 秦公 無道 畏 誅 欲 待 其 後世 乃歸 ,0.7500000000000001,0.0,0.7500000000000001,1.0,0.0
悼公二年齊臣田乞弒其君孺子立其兄陽生是爲悼公,悼公 二年 ， 齊 臣 田乞 弒 其 君 孺子 ， 立 其 兄 陽生 ， 是 爲 悼公 。,"：，""悼公二年齊臣田乞弒其君孺子立其兄陽生是爲悼公""。，。。""""，""""（）""""（",0.0,0.4,0.0,1.0,0.0
二十一年初縣頻陽,二十一年 ， 初 縣 頻陽 。,，。，。：二十一年初縣頻陽。，，《》。，,0.0,0.6666666666666666,0.0,1.0,0.0
三十三年伐義渠虜其王,三十三年 ， 伐 義渠 ， 虜 其 王 。,"：，""三十三年伐義渠虜其王""。，：。，：，。：- """"（",0.0,0.5,0.0,1.0,0.0
靈公懷公孫也,靈公 ， 懷公 孫 也 。,靈公懷公孫也，。，。，，。，、，,0.0,0.6666666666666666,0.0,1.0,0.0
靈公六年晉城少梁秦擊之,靈公 六年 ， 晉 城 少梁 ， 秦 擊 之 。,，：靈公六年晉城少梁秦擊之。，。。，。，。,0.0,0.5,0.0,1.0,0.0
壍洛,壍 洛 。,壍 洛,1.0,0.0,1.0,1.0,0.0
四年正月庚寅孝公生,四年 正月 庚寅 ， 孝公 生 。,四年正月庚寅孝公生，。，。，，。，，、,0.0,0.6666666666666666,0.0,1.0,0.0
十八年雨金櫟陽,十八年 ， 雨 金 櫟陽 。,十八 年 雨 金 櫟陽 ,0.6666666666666665,0.0,0.6666666666666665,1.0,0.0
二十四年獻公卒子孝公立年已二十一歲矣,二十四年 ， 獻公 卒 ， 子 孝公 立 ， 年 已 二十一 歲 矣 。,"。：""二十四年"" ，（），；""獻公卒"" ，""""，，；""子孝公立年已二十一歲矣"" ",0.14285714285714288,0.5714285714285715,0.0,1.0,0.08163265306122451
淮泗之閒小國十餘,淮 泗 之 閒 小 國 十餘 。,淮泗  之閒    小國  十餘 ,0.18181818181818182,0.0,0.18181818181818182,1.0,0.0
周室微諸侯力政争相併,周室 微 ， 諸侯 力 政 ， 争 相 併 。,"：，""周室微諸侯力政争相併""。，。。""""（），。""",0.0,0.5,0.0,1.0,0.0
十二年作爲咸陽築冀闕秦徙都之,十二年 ， 作 爲 咸陽 ， 築 冀闕 ， 秦 徙 都 之 。,"，。，。：- ""十二年""，（），。- ""作爲咸陽築冀闕秦徙都之""，，",0.16666666666666669,0.0,0.0,1.0,0.0
孝公卒子惠文君立,孝公 卒 ， 子 惠文君 立 。,孝公卒子惠文君立，。，。，，。，、，,0.0,0.6666666666666666,0.0,1.0,0.0
五年王游至北河,五年 ， 王 游 ， 至 北河 。,五年王游至北河，。，。，，。，，,0.0,0.5,0.0,1.0,0.0
八年張儀復相秦,八年 ， 張儀 復 相 秦 。,八 年 張儀 復 相 秦,0.7272727272727272,0.0,0.7272727272727272,1.0,0.0
丹犂臣蜀相壯殺蜀侯來降,丹 、 犂 臣 ， 蜀 相 壯 殺 蜀侯 來 降 。,丹犂臣蜀相壯殺蜀侯來降，。，。，，。，、，。,0.0,0.5,0.0,1.0,0.0
二年初置丞相㯉里疾甘茂爲左右丞相,二年 ， 初 置 丞相 ， 㯉里疾 、 甘茂 爲 左右 丞相 。,"，。，。：- ""二年""，，。- ""初置""，。- ""丞相㯉里疾甘茂爲左右丞相""，。- ",0.16666666666666666,0.28571428571428575,0.0,1.0,0.04761904761904762
其秋使甘茂庶長封伐宜陽,其 秋 ， 使 甘茂 、 庶長封 伐 宜陽 。,，。，。其秋，使，甘茂，庶長，封，伐，宜陽。，,0.0,0.4,0.0,1.0,0.0
八月武王死,八月 ， 武王 死 。,八月武王死，。，。，，。，、,0.0,0.6666666666666666,0.0,1.0,0.0
昭襄王元年嚴君疾爲相,昭襄王 元年 ， 嚴君疾 爲 相 。,"昭襄王元年嚴君疾爲相，。，。，，。（）、（），。""",0.0,0.6666666666666666,0.0,1.0,0.0
甘茂出之魏,甘茂 出 之 魏 。,，：甘茂出之魏。，。，，。，，；,0.0,1.0,0.0,1.0,0.0
三年王冠,三年 ， 王 冠 。,三 年 王 冠,0.5714285714285715,0.0,0.5714285714285715,1.0,0.0
十四年左更白起攻韓魏於伊闕斬首二十四萬虜公孫喜拔五城,十四年 ， 左更 白起 攻 韓 、 魏 於 伊闕 ， 斬 首 二十四 萬 ， 虜 公孫喜 ， 拔 五 城 。,，。，。：十四年左更白起攻韓魏於伊闕斬首二十四萬虜公孫喜拔五城。（），，，。，，,0.0,0.2857142857142857,0.0,1.0,0.0
吕禮來自歸,吕禮 來 自 歸 。,吕禮來自歸，。，。，，。，，,0.0,1.0,0.0,1.0,0.0
王與魏王會宜陽與韓王會新城,王 與 魏王 會 宜陽 ， 與 韓王 會 新城 。,王 與 魏 王 會 宜陽 與 韓 王 會 新城,0.7000000000000001,0.0,0.7000000000000001,1.0,0.0
二十七年錯攻楚,二十七年 ， 錯 攻 楚 。,，：二十七年錯攻楚。，。。，。？,0.0,0.6666666666666666,0.0,1.0,0.0
四十二年安國君爲太子,四十二年 ， 安國君 爲 太子 。,"：，""四十二年安國君爲太子""。，。。""""：，。",0.0,0.6666666666666666,0.0,1.0,0.0
武安君歸,武安君 歸 。,，：武安君歸。，。，，，，。，。,0.0,1.0,0.0,1.0,0.0
陵戰不善免王齕代將,陵 戰 不 善 ， 免 ， 王齕 代 將 。,，。，。：- 陵戰不善免王齕代將：（），（）。，,0.0,0.5,0.0,1.0,0.0
齕攻邯鄲不拔去還奔汾軍,齕 攻 邯鄲 ， 不 拔 ， 去 ， 還 奔 汾 軍 。,，。，。：- 齕攻邯鄲不拔去還奔汾軍：。（），，。,0.0,0.4,0.0,1.0,0.0
攻趙取二十餘縣首虜九萬,攻 趙 ， 取 二十餘 縣 ， 首虜 九萬 。,"：，""攻趙取二十餘縣首虜九萬""。，。：- """" ，，。- """" （），。- """,0.0,0.5,0.0,1.0,0.0
五十二年周民東亡其器九鼎入秦,五十二年 ， 周 民 東 亡 ， 其 器 九 鼎 入 秦 。,"：，""五十二年周民東亡其器九鼎入秦""。，、。。""""（），。",0.0,0.5,0.0,1.0,0.0
周初亡,周 初 亡 。,周 初 亡,1.0,0.0,1.0,1.0,0.0
三年蒙驁攻魏高都汲拔之,三年 ， 蒙驁 攻 魏 高都 、 汲 ， 拔 之 。,，。，。：- 三年：，。- 蒙驁：，。- 攻魏高都汲拔之：,0.36363636363636365,0.0,0.0,1.0,0.0
初置太原郡,初 置 太原郡 。,初置太原郡，。，，。，、，，,0.0,1.0,0.0,1.0,0.0
三年諸侯並起叛秦趙高殺二世立子嬰,三年 ， 諸侯 並 起 叛 秦 ， 趙高 殺 二世 ， 立 子嬰 。,"，。，《》。：- ""三年""，（），。- ""諸侯並起叛秦趙高殺二世立子嬰""""""，，",0.15384615384615385,0.0,0.0,1.0,0.0
